TEAM_ID,TEAM_NAME,GP,W,L,W_PCT,MIN,PTS_OFF_TOV,PTS_2ND_CHANCE,PTS_FB,PTS_PAINT,OPP_PTS_OFF_TOV,OPP_PTS_2ND_CHANCE,OPP_PTS_FB,OPP_PTS_PAINT,GP_RANK,W_RANK,L_RANK,W_PCT_RANK,MIN_RANK,PTS_OFF_TOV_RANK,PTS_2ND_CHANCE_RANK,PTS_FB_RANK,PTS_PAINT_RANK,OPP_PTS_OFF_TOV_RANK,OPP_PTS_2ND_CHANCE_RANK,OPP_PTS_FB_RANK,OPP_PTS_PAINT_RANK,CFID,CFPARAMS,Season
1610612737,Atlanta Hawks,82,56,26,0.683,0.6,17.8,13.2,8.9,35.2,16.1,14.4,11.3,36.7,1,7,7,7,25,11,23,28,27,5,16,9,7,10,Atlanta Hawks,1996-97
1610612738,Boston Celtics,82,15,67,0.183,0.6,20.4,15.4,16.5,45.1,19.0,14.6,15.9,52.7,1,28,28,28,9,2,4,2,7,26,18,25,29,10,Boston Celtics,1996-97
1610612766,Charlotte Hornets,82,54,28,0.659,0.6,16.7,13.1,11.0,38.0,16.3,16.1,11.1,42.6,1,9,9,9,22,21,25,24,22,9,28,8,18,10,Charlotte Hornets,1996-97
1610612741,Chicago Bulls,82,69,13,0.841,0.6,18.6,16.6,12.4,36.7,14.2,14.5,10.5,38.5,1,1,1,1,29,6,3,16,25,2,17,6,9,10,Chicago Bulls,1996-97
1610612739,Cleveland Cavaliers,82,42,40,0.512,0.6,18.2,12.0,8.2,32.7,15.7,11.3,8.8,33.2,1,14,14,14,7,9,29,29,29,3,1,2,2,10,Cleveland Cavaliers,1996-97
1610612742,Dallas Mavericks,82,24,58,0.293,0.6,16.6,13.9,13.5,39.1,17.5,13.7,14.6,39.1,1,24,24,24,17,22,19,11,20,14,10,23,11,10,Dallas Mavericks,1996-97
1610612743,Denver Nuggets,82,21,61,0.256,0.6,14.1,14.2,12.1,35.2,19.3,15.6,13.4,45.5,1,26,26,26,6,29,15,18,26,27,25,19,26,10,Denver Nuggets,1996-97
1610612765,Detroit Pistons,82,54,28,0.659,0.6,17.3,12.3,10.5,34.9,14.0,13.2,9.5,32.2,1,9,9,9,16,16,28,26,28,1,6,5,1,10,Detroit Pistons,1996-97
1610612744,Golden State Warriors,82,30,52,0.366,0.6,17.2,15.3,9.7,40.7,20.7,15.1,12.2,43.5,1,21,21,21,10,17,6,27,13,29,24,11,23,10,Golden State Warriors,1996-97
1610612745,Houston Rockets,82,57,25,0.695,0.6,16.4,13.3,12.0,42.9,18.2,14.2,12.7,39.7,1,4,4,4,19,24,20,19,9,20,13,14,12,10,Houston Rockets,1996-97
1610612754,Indiana Pacers,82,39,43,0.476,0.6,16.5,14.2,12.8,39.3,18.3,13.4,13.2,35.0,1,17,17,17,1,23,14,15,18,21,7,18,6,10,Indiana Pacers,1996-97
1610612746,Los Angeles Clippers,82,36,46,0.439,0.6,18.5,15.3,13.4,40.7,18.2,14.0,12.7,44.4,1,18,18,18,3,8,5,12,14,18,12,15,24,10,Los Angeles Clippers,1996-97
1610612747,Los Angeles Lakers,82,56,26,0.683,0.6,18.7,14.2,15.3,46.5,16.1,14.9,13.6,40.5,1,7,7,7,5,5,13,5,2,4,22,20,14,10,Los Angeles Lakers,1996-97
1610612748,Miami Heat,82,61,21,0.744,0.6,18.6,13.3,12.3,37.6,17.1,12.8,9.4,37.7,1,3,3,3,11,7,21,17,24,11,4,4,8,10,Miami Heat,1996-97
1610612749,Milwaukee Bucks,82,33,49,0.402,0.6,16.4,13.3,13.8,42.2,18.5,13.4,17.0,44.4,1,20,20,20,24,26,22,10,10,23,7,28,25,10,Milwaukee Bucks,1996-97
1610612750,Minnesota Timberwolves,82,40,42,0.488,0.6,17.2,14.0,10.6,37.8,16.9,14.6,13.0,42.2,1,15,15,15,21,19,18,25,23,10,18,17,17,10,Minnesota Timberwolves,1996-97
1610612751,New Jersey Nets,82,26,56,0.317,0.6,17.4,17.3,14.5,40.5,17.7,14.3,14.9,43.3,1,23,23,23,23,14,1,6,15,15,14,24,20,10,New Jersey Nets,1996-97
1610612752,New York Knicks,82,57,25,0.695,0.6,17.4,13.1,11.3,38.2,18.4,12.5,8.9,33.8,1,4,4,4,2,15,24,21,21,22,2,3,3,10,New York Knicks,1996-97
1610612753,Orlando Magic,82,45,37,0.549,0.6,17.9,14.5,11.2,39.5,17.7,14.3,16.4,43.4,1,12,12,12,20,10,11,22,16,16,15,26,22,10,Orlando Magic,1996-97
1610612755,Philadelphia 76ers,82,22,60,0.268,0.6,16.9,16.6,13.8,45.1,20.6,16.5,16.5,48.1,1,25,25,25,28,20,2,9,6,28,29,27,28,10,Philadelphia 76ers,1996-97
1610612756,Phoenix Suns,82,40,42,0.488,0.6,17.2,12.7,15.3,43.9,16.2,15.6,11.6,43.4,1,15,15,15,18,18,26,4,8,6,26,10,21,10,Phoenix Suns,1996-97
1610612757,Portland Trail Blazers,82,49,33,0.598,0.6,17.5,14.2,13.0,45.8,18.2,12.7,12.4,39.0,1,11,11,11,8,13,15,14,4,19,3,12,10,10,Portland Trail Blazers,1996-97
1610612758,Sacramento Kings,82,34,48,0.415,0.6,16.4,14.8,13.0,39.5,18.7,13.9,13.7,41.6,1,19,19,19,12,25,9,13,17,24,11,21,16,10,Sacramento Kings,1996-97
1610612759,San Antonio Spurs,82,20,62,0.244,0.6,15.4,14.3,11.6,42.2,17.3,15.0,12.9,40.8,1,27,27,27,27,28,12,20,11,13,23,16,15,10,San Antonio Spurs,1996-97
1610612760,Seattle SuperSonics,82,57,25,0.695,0.6,21.0,14.8,15.6,45.9,16.3,14.6,10.8,34.4,1,4,4,4,14,1,8,3,3,8,20,7,4,10,Seattle SuperSonics,1996-97
1610612761,Toronto Raptors,82,30,52,0.366,0.6,17.8,15.0,17.5,40.9,18.8,14.8,17.7,43.2,1,21,21,21,15,12,7,1,12,25,21,29,19,10,Toronto Raptors,1996-97
1610612762,Utah Jazz,82,64,18,0.78,0.6,19.2,12.7,14.0,45.4,16.3,13.0,8.0,34.7,1,2,2,2,4,3,27,8,5,7,5,1,5,10,Utah Jazz,1996-97
1610612763,Vancouver Grizzlies,82,14,68,0.171,0.6,15.4,14.0,11.2,39.2,18.1,16.0,14.4,46.2,1,29,29,29,26,27,17,23,19,17,27,22,27,10,Vancouver Grizzlies,1996-97
1610612764,Washington Bullets,82,44,38,0.537,0.6,18.7,14.8,14.5,48.8,17.2,13.5,12.6,39.9,1,13,13,13,13,4,10,7,1,12,9,13,13,10,Washington Bullets,1996-97
1610612737,Atlanta Hawks,82,50,32,0.61,0.6,15.5,15.9,10.9,39.4,16.4,14.0,13.3,38.2,1,10,10,10,7,25,5,27,18,10,9,13,11,10,Atlanta Hawks,1997-98
1610612738,Boston Celtics,82,36,46,0.439,0.6,22.3,16.5,15.2,41.3,17.7,14.4,15.2,46.8,1,20,20,20,27,1,3,6,11,21,13,24,27,10,Boston Celtics,1997-98
1610612766,Charlotte Hornets,82,51,31,0.622,0.6,16.9,13.2,14.1,40.8,17.1,13.8,13.0,40.9,1,9,9,9,21,16,26,10,15,16,8,11,16,10,Charlotte Hornets,1997-98
1610612741,Chicago Bulls,82,62,20,0.756,0.6,17.8,16.2,13.2,38.9,15.0,13.7,12.3,37.4,1,1,1,1,9,9,4,19,21,2,7,8,9,10,Chicago Bulls,1997-98
1610612739,Cleveland Cavaliers,82,47,35,0.573,0.6,19.4,13.4,13.3,40.7,18.6,12.8,13.2,36.4,1,11,11,11,19,4,25,17,16,24,3,12,6,10,Cleveland Cavaliers,1997-98
1610612742,Dallas Mavericks,82,20,62,0.244,0.6,16.3,13.5,13.8,33.1,16.7,16.4,15.9,44.0,1,24,24,24,6,18,24,13,29,13,27,26,24,10,Dallas Mavericks,1997-98
1610612743,Denver Nuggets,82,11,71,0.134,0.6,16.1,14.7,12.9,33.5,18.9,15.1,12.8,40.8,1,29,29,29,29,20,13,21,28,26,19,9,15,10,Denver Nuggets,1997-98
1610612765,Detroit Pistons,82,37,45,0.451,0.6,17.4,14.5,13.5,40.0,15.6,14.3,11.0,34.3,1,19,19,19,2,12,17,15,17,6,10,5,3,10,Detroit Pistons,1997-98
1610612744,Golden State Warriors,82,19,63,0.232,0.6,14.8,16.7,11.5,37.1,18.5,15.2,13.8,41.0,1,25,25,25,12,28,1,26,23,23,21,18,18,10,Golden State Warriors,1997-98
1610612745,Houston Rockets,82,41,41,0.5,0.6,16.2,14.2,12.5,39.4,17.6,15.6,13.9,41.6,1,17,17,17,11,19,20,22,20,20,24,19,19,10,Houston Rockets,1997-98
1610612754,Indiana Pacers,82,58,24,0.707,0.6,17.9,12.1,14.0,36.6,14.5,14.3,12.2,37.2,1,5,5,5,12,8,29,11,25,1,12,7,8,10,Indiana Pacers,1997-98
1610612746,Los Angeles Clippers,82,17,65,0.207,0.6,15.6,14.8,14.9,42.0,18.7,16.4,14.7,48.0,1,27,27,27,21,24,11,7,7,25,28,22,28,10,Los Angeles Clippers,1997-98
1610612747,Los Angeles Lakers,82,61,21,0.744,0.6,18.2,14.5,18.4,54.1,17.5,15.6,13.3,40.4,1,3,3,3,18,7,16,2,1,19,25,14,14,10,Los Angeles Lakers,1997-98
1610612748,Miami Heat,82,55,27,0.671,0.6,16.0,14.4,13.7,38.9,16.4,14.5,10.8,36.8,1,8,8,8,25,21,19,14,22,10,14,4,7,10,Miami Heat,1997-98
1610612749,Milwaukee Bucks,82,36,46,0.439,0.6,17.8,14.5,15.7,36.7,18.9,13.6,16.8,43.2,1,20,20,20,4,10,18,4,24,26,5,27,23,10,Milwaukee Bucks,1997-98
1610612750,Minnesota Timberwolves,82,45,37,0.549,0.6,17.1,15.0,14.3,39.4,16.4,16.3,14.0,42.2,1,13,13,13,3,15,10,9,18,9,26,20,20,10,Minnesota Timberwolves,1997-98
1610612751,New Jersey Nets,82,43,39,0.524,0.6,20.0,15.8,13.9,40.8,16.0,15.2,13.6,44.8,1,14,14,14,7,2,8,12,14,7,20,16,26,10,New Jersey Nets,1997-98
1610612752,New York Knicks,82,43,39,0.524,0.6,17.2,12.3,11.7,34.8,15.3,12.1,9.3,32.5,1,14,14,14,12,14,28,25,27,3,1,1,1,10,New York Knicks,1997-98
1610612753,Orlando Magic,82,41,41,0.5,0.6,15.9,16.5,9.6,36.3,16.8,14.5,14.8,41.0,1,17,17,17,10,23,2,29,26,14,16,23,17,10,Orlando Magic,1997-98
1610612755,Philadelphia 76ers,82,31,51,0.378,0.6,17.3,14.7,15.5,41.3,18.5,14.7,14.6,38.0,1,22,22,22,26,13,12,5,12,22,17,21,10,10,Philadelphia 76ers,1997-98
1610612756,Phoenix Suns,82,56,26,0.683,0.6,18.5,13.9,14.6,41.6,16.3,14.5,11.8,39.8,1,6,6,6,1,5,22,8,9,8,15,6,13,10,Phoenix Suns,1997-98
1610612757,Portland Trail Blazers,82,46,36,0.561,0.6,15.5,15.9,12.0,44.1,17.5,12.3,13.4,36.2,1,12,12,12,12,25,6,24,3,18,2,15,5,10,Portland Trail Blazers,1997-98
1610612758,Sacramento Kings,82,27,55,0.329,0.6,16.0,14.7,13.2,41.6,17.5,15.1,15.7,44.4,1,23,23,23,27,21,13,20,9,17,18,25,25,10,Sacramento Kings,1997-98
1610612759,San Antonio Spurs,82,56,26,0.683,0.6,13.1,13.2,10.8,43.3,16.6,13.5,10.6,33.7,1,6,6,6,12,29,27,28,4,12,4,3,2,10,San Antonio Spurs,1997-98
1610612760,Seattle SuperSonics,82,61,21,0.744,0.6,19.7,13.9,15.8,41.9,15.5,15.4,13.0,38.9,1,3,3,3,24,3,21,3,8,5,23,10,12,10,Seattle SuperSonics,1997-98
1610612761,Toronto Raptors,82,16,66,0.195,0.6,17.8,15.9,19.6,42.7,19.3,18.0,22.5,48.4,1,28,28,28,4,10,6,1,5,28,29,29,29,10,Toronto Raptors,1997-98
1610612762,Utah Jazz,82,62,20,0.756,0.6,16.5,13.8,13.2,42.0,17.0,13.6,10.1,35.3,1,1,1,1,23,17,23,18,6,15,5,2,4,10,Utah Jazz,1997-98
1610612763,Vancouver Grizzlies,82,19,63,0.232,0.6,15.3,14.6,13.3,44.5,19.6,15.3,17.9,43.0,1,25,25,25,12,27,15,16,2,29,22,28,22,10,Vancouver Grizzlies,1997-98
1610612764,Washington Wizards,82,42,40,0.512,0.6,18.3,15.1,12.1,41.0,15.4,14.3,13.7,42.8,1,16,16,16,20,6,9,23,13,4,11,17,21,10,Washington Wizards,1997-98
1610612737,Atlanta Hawks,50,31,19,0.62,1.0,14.1,15.0,10.4,33.3,15.0,11.7,10.6,31.7,1,7,7,7,17,28,6,24,27,4,1,7,3,10,Atlanta Hawks,1998-99
1610612738,Boston Celtics,50,19,31,0.38,1.0,18.4,14.8,13.7,41.1,18.2,14.8,14.5,42.4,1,22,22,22,7,4,8,6,6,27,25,26,24,10,Boston Celtics,1998-99
1610612766,Charlotte Hornets,50,26,24,0.52,1.0,17.1,10.2,12.5,34.0,18.3,13.8,13.8,37.7,1,16,16,16,5,12,29,12,25,28,20,24,16,10,Charlotte Hornets,1998-99
1610612741,Chicago Bulls,50,13,37,0.26,1.0,15.8,10.9,9.0,33.4,17.7,11.9,12.6,38.6,1,27,27,27,18,18,27,29,26,24,2,15,19,10,Chicago Bulls,1998-99
1610612739,Cleveland Cavaliers,50,22,28,0.44,1.0,17.8,11.1,11.2,34.6,17.0,13.8,11.4,35.7,1,20,20,20,19,8,25,21,22,20,19,8,12,10,Cleveland Cavaliers,1998-99
1610612742,Dallas Mavericks,50,19,31,0.38,1.0,15.1,13.0,13.4,36.4,15.7,13.5,13.2,39.3,1,22,22,22,16,24,18,7,14,7,16,21,22,10,Dallas Mavericks,1998-99
1610612743,Denver Nuggets,50,14,36,0.28,1.0,14.2,13.9,11.4,35.5,16.2,13.6,13.0,44.4,1,26,26,26,27,27,15,20,18,12,17,18,27,10,Denver Nuggets,1998-99
1610612765,Detroit Pistons,50,29,21,0.58,1.0,17.2,11.8,12.0,35.4,16.0,12.0,10.5,31.1,1,10,10,10,26,11,23,18,19,8,3,6,2,10,Detroit Pistons,1998-99
1610612744,Golden State Warriors,50,21,29,0.42,1.0,15.2,15.8,13.3,36.4,16.3,13.4,10.4,38.6,1,21,21,21,8,23,3,9,13,15,15,4,20,10,Golden State Warriors,1998-99
1610612745,Houston Rockets,50,31,19,0.62,1.0,14.6,12.7,12.5,40.1,17.3,13.8,12.4,37.6,1,7,7,7,13,26,20,14,7,22,18,13,15,10,Houston Rockets,1998-99
1610612754,Indiana Pacers,50,33,17,0.66,1.0,14.0,11.3,9.2,33.0,13.9,12.5,13.2,34.0,1,4,4,4,10,29,24,28,29,1,6,21,8,10,Indiana Pacers,1998-99
1610612746,Los Angeles Clippers,50,9,41,0.18,1.0,16.8,14.4,10.4,42.3,17.5,14.9,15.5,46.6,1,28,28,28,8,13,12,25,3,23,26,27,29,10,Los Angeles Clippers,1998-99
1610612747,Los Angeles Lakers,50,31,19,0.62,1.0,14.8,14.2,12.1,46.8,16.8,14.7,13.0,38.5,1,7,7,7,19,25,14,17,2,17,24,18,18,10,Los Angeles Lakers,1998-99
1610612748,Miami Heat,50,33,17,0.66,1.0,15.5,11.0,10.1,33.2,16.5,12.8,9.0,31.7,1,4,4,4,27,22,26,26,28,16,10,2,3,10,Miami Heat,1998-99
1610612749,Milwaukee Bucks,50,28,22,0.56,1.0,18.6,12.7,12.4,34.1,15.5,14.6,11.4,33.4,1,11,11,11,19,3,21,16,24,6,23,8,6,10,Milwaukee Bucks,1998-99
1610612750,Minnesota Timberwolves,50,25,25,0.5,1.0,17.2,16.4,11.7,34.1,14.1,13.0,12.8,36.1,1,17,17,17,27,10,1,19,23,2,12,16,13,10,Minnesota Timberwolves,1998-99
1610612751,New Jersey Nets,50,16,34,0.32,1.0,16.6,14.3,14.7,36.0,16.1,13.0,12.4,42.6,1,25,25,25,19,14,13,4,16,10,14,14,25,10,New Jersey Nets,1998-99
1610612752,New York Knicks,50,27,23,0.54,1.0,15.6,10.3,9.7,35.8,16.0,12.5,8.1,28.5,1,13,13,13,10,21,28,27,17,9,6,1,1,10,New York Knicks,1998-99
1610612753,Orlando Magic,50,33,17,0.66,1.0,19.0,15.3,12.7,35.2,17.3,12.3,13.9,39.2,1,4,4,4,19,2,4,10,20,21,5,25,21,10,Orlando Magic,1998-99
1610612755,Philadelphia 76ers,50,28,22,0.56,1.0,20.1,14.7,17.3,38.5,16.9,12.3,11.8,33.0,1,11,11,11,5,1,9,2,10,19,4,11,5,10,Philadelphia 76ers,1998-99
1610612756,Phoenix Suns,50,27,23,0.54,1.0,17.6,13.0,14.2,36.9,15.0,15.6,12.3,38.0,1,13,13,13,19,9,18,5,12,3,28,12,17,10,Phoenix Suns,1998-99
1610612757,Portland Trail Blazers,50,35,15,0.7,1.0,17.8,15.2,12.6,37.4,15.0,12.9,10.5,35.0,1,3,3,3,4,7,5,11,11,5,11,5,11,10,Portland Trail Blazers,1998-99
1610612758,Sacramento Kings,50,27,23,0.54,1.0,17.9,14.6,16.5,49.2,17.9,16.1,13.3,45.8,1,13,13,13,1,6,10,3,1,25,29,23,28,10,Sacramento Kings,1998-99
1610612759,San Antonio Spurs,50,37,13,0.74,1.0,15.9,14.4,13.4,41.4,16.2,14.0,11.5,34.6,1,1,1,1,13,17,11,8,5,14,21,10,9,10,San Antonio Spurs,1998-99
1610612760,Seattle SuperSonics,50,25,25,0.5,1.0,15.7,15.0,12.5,41.6,16.2,14.5,12.9,42.1,1,17,17,17,10,20,6,12,4,11,22,17,23,10,Seattle SuperSonics,1998-99
1610612761,Toronto Raptors,50,23,27,0.46,1.0,16.3,16.0,18.1,34.8,18.1,12.5,16.4,33.8,1,19,19,19,13,16,2,1,21,26,6,28,7,10,Toronto Raptors,1998-99
1610612762,Utah Jazz,50,37,13,0.74,1.0,16.5,12.2,12.5,39.1,16.9,13.0,9.8,34.8,1,1,1,1,2,15,22,14,9,18,13,3,10,10,Utah Jazz,1998-99
1610612763,Vancouver Grizzlies,50,8,42,0.16,1.0,15.8,13.5,10.7,39.2,19.4,15.1,17.6,43.6,1,29,29,29,2,18,17,22,8,29,27,29,26,10,Vancouver Grizzlies,1998-99
1610612764,Washington Wizards,50,18,32,0.36,1.0,17.9,13.5,10.5,36.4,16.2,12.6,13.2,36.9,1,24,24,24,19,5,16,23,14,12,9,20,14,10,Washington Wizards,1998-99
1610612737,Atlanta Hawks,82,28,54,0.341,0.6,13.1,16.0,13.9,37.2,17.7,13.8,17.0,42.1,1,25,25,25,7,29,2,16,19,20,14,27,21,10,Atlanta Hawks,1999-00
1610612738,Boston Celtics,82,35,47,0.427,0.6,18.3,15.8,12.9,42.6,16.8,12.5,13.8,39.1,1,19,19,19,26,7,3,20,5,17,3,14,13,10,Boston Celtics,1999-00
1610612766,Charlotte Hornets,82,49,33,0.598,0.6,17.5,12.9,15.0,38.5,15.9,13.4,14.0,39.8,1,10,10,10,19,11,21,13,18,13,11,15,17,10,Charlotte Hornets,1999-00
1610612741,Chicago Bulls,82,17,65,0.207,0.6,14.6,12.6,7.4,35.1,21.0,12.9,13.4,39.1,1,28,28,28,17,27,25,29,26,29,6,13,14,10,Chicago Bulls,1999-00
1610612739,Cleveland Cavaliers,82,32,50,0.39,0.6,17.7,13.9,16.9,40.5,19.5,14.5,13.2,37.7,1,22,22,22,2,10,15,3,12,28,24,10,11,10,Cleveland Cavaliers,1999-00
1610612742,Dallas Mavericks,82,40,42,0.488,0.6,17.9,12.6,15.7,37.0,15.5,16.8,15.2,42.9,1,18,18,18,26,8,24,8,21,9,29,21,25,10,Dallas Mavericks,1999-00
1610612743,Denver Nuggets,82,35,47,0.427,0.6,15.8,15.1,15.1,41.1,17.8,14.2,15.2,42.2,1,19,19,19,2,20,8,12,10,22,18,22,23,10,Denver Nuggets,1999-00
1610612765,Detroit Pistons,82,42,40,0.512,0.6,18.5,12.1,16.5,38.7,17.4,14.4,12.7,37.0,1,15,15,15,7,6,27,5,17,18,22,9,8,10,Detroit Pistons,1999-00
1610612744,Golden State Warriors,82,19,63,0.232,0.6,17.2,16.9,15.5,41.9,16.7,15.4,15.3,43.5,1,27,27,27,22,12,1,9,8,15,28,23,27,10,Golden State Warriors,1999-00
1610612745,Houston Rockets,82,34,48,0.415,0.6,15.6,13.9,15.2,43.5,19.0,14.3,14.5,42.4,1,21,21,21,7,21,14,10,4,26,20,17,24,10,Houston Rockets,1999-00
1610612754,Indiana Pacers,82,56,26,0.683,0.6,15.2,11.7,13.6,35.5,15.0,13.5,14.6,42.0,1,3,3,3,26,24,28,17,24,6,13,20,20,10,Indiana Pacers,1999-00
1610612746,Los Angeles Clippers,82,15,67,0.183,0.6,14.1,12.8,10.8,39.1,18.7,15.0,15.6,48.8,1,29,29,29,29,28,22,27,16,25,25,25,29,10,Los Angeles Clippers,1999-00
1610612747,Los Angeles Lakers,82,67,15,0.817,0.6,16.6,15.2,11.7,47.6,14.3,13.2,12.4,34.8,1,1,1,1,14,14,7,24,1,1,9,7,4,10,Los Angeles Lakers,1999-00
1610612748,Miami Heat,82,52,30,0.634,0.6,15.1,12.2,12.6,37.2,16.0,12.7,11.7,34.1,1,7,7,7,7,26,26,22,19,14,4,3,3,10,Miami Heat,1999-00
1610612749,Milwaukee Bucks,82,42,40,0.512,0.6,17.9,13.7,14.9,34.6,16.8,14.3,14.2,37.0,1,15,15,15,2,9,18,14,27,16,21,16,9,10,Milwaukee Bucks,1999-00
1610612750,Minnesota Timberwolves,82,50,32,0.61,0.6,16.2,14.1,15.2,35.5,14.8,13.2,13.3,38.5,1,8,8,8,1,17,12,10,24,4,7,12,12,10,Minnesota Timberwolves,1999-00
1610612751,New Jersey Nets,82,31,51,0.378,0.6,19.0,13.1,12.1,36.2,14.8,15.3,15.6,43.0,1,23,23,23,7,3,19,23,23,2,27,24,26,10,New Jersey Nets,1999-00
1610612752,New York Knicks,82,50,32,0.61,0.6,15.2,10.3,8.3,34.4,15.9,12.4,10.5,31.8,1,8,8,8,7,25,29,28,28,12,2,2,1,10,New York Knicks,1999-00
1610612753,Orlando Magic,82,41,41,0.5,0.6,20.3,15.8,19.8,41.7,18.3,14.5,14.6,39.8,1,17,17,17,22,1,4,1,9,24,23,19,16,10,Orlando Magic,1999-00
1610612755,Philadelphia 76ers,82,49,33,0.598,0.6,18.9,15.3,16.4,43.6,15.2,12.7,12.7,37.2,1,10,10,10,7,4,6,6,3,7,5,8,10,10,Philadelphia 76ers,1999-00
1610612756,Phoenix Suns,82,53,29,0.646,0.6,18.6,13.8,14.2,42.1,17.4,14.1,12.0,36.0,1,5,5,5,14,5,17,15,6,19,17,5,7,10,Phoenix Suns,1999-00
1610612757,Portland Trail Blazers,82,59,23,0.72,0.6,15.6,14.0,13.4,40.0,15.2,13.9,12.3,35.0,1,2,2,2,19,22,13,18,13,8,16,6,5,10,Portland Trail Blazers,1999-00
1610612758,Sacramento Kings,82,44,38,0.537,0.6,19.1,14.6,16.5,45.3,18.3,14.3,17.0,42.2,1,14,14,14,18,2,9,4,2,23,19,28,22,10,Sacramento Kings,1999-00
1610612759,San Antonio Spurs,82,53,29,0.646,0.6,15.5,12.7,13.0,39.2,15.5,13.3,11.8,35.3,1,5,5,5,2,23,23,19,15,10,10,4,6,10,San Antonio Spurs,1999-00
1610612760,Seattle SuperSonics,82,45,37,0.549,0.6,16.5,15.5,15.7,42.0,14.8,15.0,13.2,40.3,1,12,12,12,19,15,5,7,7,3,26,11,19,10,Seattle SuperSonics,1999-00
1610612761,Toronto Raptors,82,45,37,0.549,0.6,16.3,14.2,17.7,31.4,14.9,13.4,18.1,40.0,1,12,12,12,22,16,11,2,29,5,11,29,18,10,Toronto Raptors,1999-00
1610612762,Utah Jazz,82,55,27,0.671,0.6,16.8,13.1,11.0,36.3,15.7,12.3,10.3,32.6,1,4,4,4,22,13,19,26,22,11,1,1,2,10,Utah Jazz,1999-00
1610612763,Vancouver Grizzlies,82,22,60,0.268,0.6,16.1,13.8,12.9,40.7,19.0,13.9,16.5,43.7,1,26,26,26,2,18,16,21,11,27,15,26,28,10,Vancouver Grizzlies,1999-00
1610612764,Washington Wizards,82,29,53,0.354,0.6,16.1,14.6,11.1,39.3,17.7,13.2,14.5,39.6,1,24,24,24,14,19,10,25,14,21,8,17,15,10,Washington Wizards,1999-00
1610612737,Atlanta Hawks,82,25,57,0.305,0.6,15.3,13.7,11.0,36.2,18.6,13.0,13.1,36.9,1,25,25,25,27,22,13,23,18,28,9,14,14,10,Atlanta Hawks,2000-01
1610612738,Boston Celtics,82,36,46,0.439,0.6,18.0,12.3,10.2,35.6,17.0,13.0,13.4,35.9,1,20,20,20,13,3,23,26,20,23,10,18,8,10,Boston Celtics,2000-01
1610612766,Charlotte Hornets,82,46,36,0.561,0.6,15.4,13.5,13.5,34.0,15.6,12.9,10.5,35.4,1,14,14,14,9,21,14,13,24,10,8,3,6,10,Charlotte Hornets,2000-01
1610612741,Chicago Bulls,82,15,67,0.183,0.6,15.5,12.7,10.3,34.3,17.9,13.5,11.6,40.0,1,29,29,29,11,20,19,25,23,24,15,7,22,10,Chicago Bulls,2000-01
1610612739,Cleveland Cavaliers,82,30,52,0.366,0.6,16.0,14.1,13.1,39.9,18.5,13.8,14.6,36.6,1,23,23,23,13,16,8,14,8,27,21,26,12,10,Cleveland Cavaliers,2000-01
1610612742,Dallas Mavericks,82,53,29,0.646,0.6,16.7,11.3,15.3,39.2,15.4,14.3,13.3,40.9,1,5,5,5,18,14,27,5,11,6,26,16,23,10,Dallas Mavericks,2000-01
1610612743,Denver Nuggets,82,40,42,0.488,0.6,14.7,13.4,15.2,39.0,15.2,13.9,15.0,41.9,1,19,19,19,21,26,15,6,12,5,23,27,26,10,Denver Nuggets,2000-01
1610612765,Detroit Pistons,82,32,50,0.39,0.6,16.7,14.9,15.4,34.9,16.4,13.4,13.6,35.4,1,21,21,21,11,13,4,4,21,20,14,20,5,10,Detroit Pistons,2000-01
1610612744,Golden State Warriors,82,17,65,0.207,0.6,17.6,16.3,13.8,39.9,18.2,13.7,15.2,44.9,1,28,28,28,21,7,1,12,7,26,20,28,29,10,Golden State Warriors,2000-01
1610612745,Houston Rockets,82,45,37,0.549,0.6,14.6,13.2,10.9,39.8,16.1,14.1,11.7,38.2,1,15,15,15,13,27,17,24,9,17,25,8,18,10,Houston Rockets,2000-01
1610612754,Indiana Pacers,82,41,41,0.5,0.6,14.4,12.0,11.1,33.3,15.5,13.3,12.8,34.2,1,18,18,18,3,28,24,22,27,8,12,12,4,10,Indiana Pacers,2000-01
1610612746,Los Angeles Clippers,82,31,51,0.378,0.6,14.0,13.2,11.4,42.8,16.7,13.6,10.8,41.6,1,22,22,22,2,29,16,20,4,21,19,4,25,10,Los Angeles Clippers,2000-01
1610612747,Los Angeles Lakers,82,56,26,0.683,0.6,14.9,15.3,9.7,44.3,16.0,13.5,12.8,37.9,1,2,2,2,6,25,3,28,2,13,17,12,17,10,Los Angeles Lakers,2000-01
1610612748,Miami Heat,82,50,32,0.61,0.6,16.9,10.9,10.0,32.2,14.4,12.2,10.0,35.8,1,9,9,9,8,10,28,27,29,2,3,2,7,10,Miami Heat,2000-01
1610612749,Milwaukee Bucks,82,52,30,0.634,0.6,17.0,12.4,14.6,33.5,14.9,14.5,12.2,36.9,1,7,7,7,21,9,21,10,26,4,28,9,13,10,Milwaukee Bucks,2000-01
1610612750,Minnesota Timberwolves,82,47,35,0.573,0.6,16.9,14.6,15.1,35.7,15.5,13.3,12.6,41.0,1,12,12,12,13,11,5,7,19,9,12,11,24,10,Minnesota Timberwolves,2000-01
1610612751,New Jersey Nets,82,26,56,0.317,0.6,16.9,11.8,11.8,38.3,16.2,14.1,13.8,37.2,1,24,24,24,28,11,25,18,13,19,24,21,16,10,New Jersey Nets,2000-01
1610612752,New York Knicks,82,48,34,0.585,0.6,15.6,10.8,7.4,33.6,15.4,10.7,7.3,30.2,1,11,11,11,6,19,29,29,25,6,1,1,1,10,New York Knicks,2000-01
1610612753,Orlando Magic,82,43,39,0.524,0.6,18.5,14.3,15.0,36.4,16.1,14.5,13.3,37.0,1,17,17,17,4,2,7,8,17,14,27,16,15,10,Orlando Magic,2000-01
1610612755,Philadelphia 76ers,82,56,26,0.683,0.6,17.7,14.6,16.1,41.8,16.2,12.6,13.5,36.6,1,2,2,2,10,5,6,3,6,18,5,19,11,10,Philadelphia 76ers,2000-01
1610612756,Phoenix Suns,82,51,31,0.622,0.6,18.6,12.9,14.2,37.3,16.1,12.6,13.1,36.3,1,8,8,8,18,1,18,11,15,14,5,15,9,10,Phoenix Suns,2000-01
1610612757,Portland Trail Blazers,82,50,32,0.61,0.6,16.5,14.1,12.3,39.5,15.7,12.6,11.2,36.4,1,9,9,9,26,15,9,16,10,11,7,6,10,10,Portland Trail Blazers,2000-01
1610612758,Sacramento Kings,82,55,27,0.671,0.6,18.0,14.0,16.5,43.8,16.1,13.5,13.9,39.4,1,4,4,4,1,3,12,2,3,16,15,22,19,10,Sacramento Kings,2000-01
1610612759,San Antonio Spurs,82,58,24,0.707,0.6,15.7,12.4,11.3,36.6,14.8,12.0,12.3,34.0,1,1,1,1,13,18,21,21,16,3,2,10,3,10,San Antonio Spurs,2000-01
1610612760,Seattle SuperSonics,82,44,38,0.537,0.6,17.6,14.1,15.0,46.1,17.0,13.9,14.4,39.6,1,16,16,16,18,6,10,9,1,22,22,23,21,10,Seattle SuperSonics,2000-01
1610612761,Toronto Raptors,82,47,35,0.573,0.6,15.2,15.5,16.6,34.7,14.3,13.6,17.0,39.6,1,12,12,12,5,23,2,1,22,1,18,29,20,10,Toronto Raptors,2000-01
1610612762,Utah Jazz,82,53,29,0.646,0.6,17.4,12.7,11.5,42.4,15.9,12.5,10.8,32.1,1,5,5,5,25,8,19,19,5,12,4,5,2,10,Utah Jazz,2000-01
1610612763,Vancouver Grizzlies,82,23,59,0.28,0.6,15.1,11.4,11.8,33.1,18.0,14.6,14.4,42.4,1,26,26,26,21,24,26,17,28,25,29,24,28,10,Vancouver Grizzlies,2000-01
1610612764,Washington Wizards,82,19,63,0.232,0.6,15.8,14.1,12.7,37.9,19.8,13.3,14.5,42.0,1,27,27,27,29,17,11,15,14,29,11,25,27,10,Washington Wizards,2000-01
1610612737,Atlanta Hawks,82,33,49,0.402,0.6,17.0,12.0,14.8,39.9,17.8,13.8,16.7,40.8,1,22,22,22,23,8,28,7,10,27,13,29,21,10,Atlanta Hawks,2001-02
1610612738,Boston Celtics,82,49,33,0.598,0.6,16.8,12.2,12.5,35.4,14.9,13.6,12.6,30.9,1,8,8,8,8,10,26,15,20,7,12,15,1,10,Boston Celtics,2001-02
1610612766,Charlotte Hornets,82,44,38,0.537,0.6,15.2,13.8,12.7,37.8,14.7,14.4,12.3,36.4,1,11,11,11,24,18,15,13,18,6,18,12,9,10,Charlotte Hornets,2001-02
1610612741,Chicago Bulls,82,21,61,0.256,0.6,14.9,12.1,11.3,33.2,16.3,13.3,11.5,37.6,1,28,28,28,19,22,27,23,25,21,8,7,14,10,Chicago Bulls,2001-02
1610612739,Cleveland Cavaliers,82,29,53,0.354,0.6,13.5,13.2,11.7,34.1,16.6,13.4,13.0,39.7,1,24,24,24,6,28,20,20,24,23,9,19,20,10,Cleveland Cavaliers,2001-02
1610612742,Dallas Mavericks,82,57,25,0.695,0.6,16.0,12.7,16.0,39.6,14.2,15.1,13.6,43.5,1,4,4,4,5,14,23,4,11,2,28,22,27,10,Dallas Mavericks,2001-02
1610612743,Denver Nuggets,82,27,55,0.329,0.6,14.9,14.7,14.0,38.7,16.9,14.7,15.3,41.1,1,26,26,26,15,21,11,9,14,24,24,27,22,10,Denver Nuggets,2001-02
1610612765,Detroit Pistons,82,50,32,0.61,0.6,16.9,12.2,12.0,34.6,16.0,13.2,11.2,36.0,1,6,6,6,29,9,25,19,23,18,6,5,8,10,Detroit Pistons,2001-02
1610612744,Golden State Warriors,82,21,61,0.256,0.6,16.5,16.8,14.7,46.0,18.6,14.6,14.3,46.0,1,28,28,28,22,11,1,8,1,29,23,25,29,10,Golden State Warriors,2001-02
1610612745,Houston Rockets,82,28,54,0.341,0.6,13.4,12.8,9.0,34.7,16.1,14.4,12.7,41.5,1,25,25,25,1,29,21,28,22,20,19,17,23,10,Houston Rockets,2001-02
1610612754,Indiana Pacers,82,42,40,0.512,0.6,15.4,14.1,15.7,37.1,15.5,14.7,13.8,39.1,1,15,15,15,3,17,13,5,19,15,25,23,19,10,Indiana Pacers,2001-02
1610612746,Los Angeles Clippers,82,39,43,0.476,0.6,14.3,15.6,9.9,43.3,15.8,15.3,10.0,42.1,1,18,18,18,15,24,2,25,3,16,29,1,26,10,Los Angeles Clippers,2001-02
1610612747,Los Angeles Lakers,82,58,24,0.707,0.6,15.5,14.9,10.7,43.6,13.7,14.6,10.7,37.0,1,2,2,2,20,16,6,24,2,1,22,2,11,10,Los Angeles Lakers,2001-02
1610612763,Memphis Grizzlies,82,23,59,0.28,0.6,15.0,13.8,11.7,39.4,17.9,14.1,14.3,43.6,1,27,27,27,20,20,16,21,12,28,17,24,28,10,Memphis Grizzlies,2001-02
1610612748,Miami Heat,82,36,46,0.439,0.6,14.1,12.4,9.6,33.0,16.3,12.0,11.4,33.4,1,20,20,20,2,27,24,27,26,21,2,6,3,10,Miami Heat,2001-02
1610612749,Milwaukee Bucks,82,41,41,0.5,0.6,14.4,11.9,12.3,33.0,15.9,13.8,12.0,37.0,1,17,17,17,4,23,29,17,26,17,15,11,11,10,Milwaukee Bucks,2001-02
1610612750,Minnesota Timberwolves,82,50,32,0.61,0.6,15.1,15.5,12.9,38.2,15.4,13.8,11.7,38.0,1,6,6,6,15,19,3,12,16,14,13,8,15,10,Minnesota Timberwolves,2001-02
1610612751,New Jersey Nets,82,52,30,0.634,0.6,17.4,14.0,17.4,42.7,14.6,13.0,10.8,35.3,1,5,5,5,8,4,14,1,6,4,5,3,5,10,New Jersey Nets,2001-02
1610612752,New York Knicks,82,30,52,0.366,0.6,14.3,12.7,9.6,33.0,17.0,13.5,11.1,38.0,1,23,23,23,15,24,22,26,28,25,11,4,16,10,New York Knicks,2001-02
1610612753,Orlando Magic,82,44,38,0.537,0.6,17.3,13.2,15.0,38.1,14.6,14.9,14.7,42.0,1,11,11,11,8,5,19,6,17,5,27,26,25,10,Orlando Magic,2001-02
1610612755,Philadelphia 76ers,82,43,39,0.524,0.6,16.1,14.6,13.7,39.0,15.4,11.9,13.4,33.3,1,14,14,14,27,12,12,10,13,13,1,21,2,10,Philadelphia 76ers,2001-02
1610612756,Phoenix Suns,82,36,46,0.439,0.6,16.1,14.9,12.4,43.3,16.1,14.5,11.7,38.2,1,20,20,20,14,13,7,16,3,19,20,9,17,10,Phoenix Suns,2001-02
1610612757,Portland Trail Blazers,82,49,33,0.598,0.6,17.1,14.9,13.0,38.3,15.3,12.6,12.6,36.8,1,8,8,8,8,6,8,11,15,12,3,16,10,10,Portland Trail Blazers,2001-02
1610612758,Sacramento Kings,82,61,21,0.744,0.6,17.5,14.7,17.0,43.3,14.4,14.5,12.8,41.5,1,1,1,1,26,3,10,2,5,3,21,18,24,10,Sacramento Kings,2001-02
1610612759,San Antonio Spurs,82,58,24,0.707,0.6,17.0,13.4,11.6,41.3,15.1,13.9,12.5,37.3,1,2,2,2,6,7,18,22,8,9,16,13,13,10,San Antonio Spurs,2001-02
1610612760,Seattle SuperSonics,82,45,37,0.549,0.6,17.7,13.5,12.1,41.9,15.3,14.7,13.1,38.5,1,10,10,10,8,2,17,18,7,10,26,20,18,10,Seattle SuperSonics,2001-02
1610612761,Toronto Raptors,82,42,40,0.512,0.6,15.6,15.2,16.5,35.4,15.3,13.5,16.2,35.4,1,15,15,15,25,15,5,3,21,11,10,28,6,10,Toronto Raptors,2001-02
1610612762,Utah Jazz,82,44,38,0.537,0.6,18.8,15.3,12.5,40.3,17.2,12.8,11.9,35.0,1,11,11,11,8,1,4,14,9,26,4,10,4,10,Utah Jazz,2001-02
1610612764,Washington Wizards,82,37,45,0.451,0.6,14.2,14.8,8.5,32.7,15.1,13.3,12.6,36.0,1,19,19,19,27,26,9,29,29,8,7,14,7,10,Washington Wizards,2001-02
1610612737,Atlanta Hawks,82,35,47,0.427,0.6,14.2,13.3,12.7,35.0,19.0,14.7,13.2,39.1,1,22,22,22,5,28,19,11,22,27,24,22,20,10,Atlanta Hawks,2002-03
1610612738,Boston Celtics,82,44,38,0.537,0.6,17.2,11.8,8.9,34.5,15.0,13.5,11.2,31.9,1,13,13,13,14,10,28,27,24,5,13,8,1,10,Boston Celtics,2002-03
1610612741,Chicago Bulls,82,30,52,0.366,0.6,15.0,13.7,12.3,44.0,18.7,14.3,12.6,39.1,1,23,23,23,4,25,16,14,2,26,21,20,22,10,Chicago Bulls,2002-03
1610612739,Cleveland Cavaliers,82,17,65,0.207,0.6,15.2,14.9,14.1,39.4,20.3,13.1,16.3,39.5,1,28,28,28,14,20,4,7,12,29,8,28,23,10,Cleveland Cavaliers,2002-03
1610612742,Dallas Mavericks,82,60,22,0.732,0.6,17.9,13.5,14.3,38.0,12.4,14.3,12.3,38.5,1,1,1,1,24,4,17,6,17,1,22,16,17,10,Dallas Mavericks,2002-03
1610612743,Denver Nuggets,82,17,65,0.207,0.6,16.7,13.9,11.3,37.6,19.4,11.4,13.9,35.0,1,28,28,28,29,11,10,21,18,28,1,26,5,10,Denver Nuggets,2002-03
1610612765,Detroit Pistons,82,50,32,0.61,0.6,15.2,11.6,10.2,31.6,14.0,11.7,10.2,34.0,1,5,5,5,7,21,29,25,26,2,2,2,2,10,Detroit Pistons,2002-03
1610612744,Golden State Warriors,82,38,44,0.463,0.6,14.8,17.2,13.9,42.6,18.2,16.0,14.1,44.5,1,19,19,19,26,26,1,9,6,25,29,27,28,10,Golden State Warriors,2002-03
1610612745,Houston Rockets,82,43,39,0.524,0.6,15.1,13.8,11.5,38.5,16.5,13.2,10.7,34.8,1,15,15,15,1,23,13,20,14,19,11,6,4,10,Houston Rockets,2002-03
1610612754,Indiana Pacers,82,48,34,0.585,0.6,16.6,14.0,14.7,38.4,16.3,13.7,13.8,37.9,1,9,9,9,6,12,9,5,15,17,15,23,13,10,Indiana Pacers,2002-03
1610612746,Los Angeles Clippers,82,27,55,0.329,0.6,15.1,13.7,11.9,42.9,17.2,14.8,9.9,40.4,1,25,25,25,26,24,14,16,5,22,25,1,24,10,Los Angeles Clippers,2002-03
1610612747,Los Angeles Lakers,82,50,32,0.61,0.6,15.6,15.3,10.5,41.2,15.9,13.8,11.9,37.7,1,5,5,5,1,17,3,24,9,16,17,12,12,10,Los Angeles Lakers,2002-03
1610612763,Memphis Grizzlies,82,28,54,0.341,0.6,16.0,13.8,16.1,41.4,16.8,15.4,13.8,45.5,1,24,24,24,1,16,12,2,7,21,28,25,29,10,Memphis Grizzlies,2002-03
1610612748,Miami Heat,82,25,57,0.305,0.6,14.7,12.8,9.9,31.5,15.0,11.9,10.4,35.3,1,26,26,26,14,27,23,26,27,6,3,4,7,10,Miami Heat,2002-03
1610612749,Milwaukee Bucks,82,42,40,0.512,0.6,16.1,12.4,12.4,36.4,14.4,15.0,11.9,38.6,1,16,16,16,7,15,25,13,19,3,26,13,18,10,Milwaukee Bucks,2002-03
1610612750,Minnesota Timberwolves,82,51,31,0.622,0.6,15.6,14.4,12.4,38.2,15.0,13.8,11.7,38.2,1,4,4,4,20,18,5,12,16,4,16,9,15,10,Minnesota Timberwolves,2002-03
1610612751,New Jersey Nets,82,49,33,0.598,0.6,18.3,13.8,18.7,41.3,15.6,12.3,10.9,34.2,1,8,8,8,26,2,11,1,8,11,4,7,3,10,New Jersey Nets,2002-03
1610612740,New Orleans Hornets,82,47,35,0.573,0.6,16.5,15.6,11.1,36.1,15.9,13.2,12.0,38.6,1,11,11,11,7,13,2,22,20,14,10,14,19,10,New Orleans Hornets,2002-03
1610612752,New York Knicks,82,37,45,0.451,0.6,15.4,12.2,8.4,29.6,15.9,12.9,10.4,41.4,1,20,20,20,10,19,27,29,29,13,6,3,26,10,New York Knicks,2002-03
1610612753,Orlando Magic,82,42,40,0.512,0.6,17.9,13.2,12.7,32.7,15.4,14.0,12.5,40.5,1,16,16,16,20,5,21,10,25,10,18,18,25,10,Orlando Magic,2002-03
1610612755,Philadelphia 76ers,82,48,34,0.585,0.6,19.5,14.3,15.5,45.1,16.3,12.4,13.8,36.9,1,9,9,9,11,1,6,3,1,18,5,23,10,10,Philadelphia 76ers,2002-03
1610612756,Phoenix Suns,82,44,38,0.537,0.6,17.9,14.2,11.0,41.1,15.2,15.2,10.4,39.1,1,13,13,13,20,3,7,23,10,8,27,5,20,10,Phoenix Suns,2002-03
1610612757,Portland Trail Blazers,82,50,32,0.61,0.6,17.6,13.5,12.2,43.2,17.2,13.3,12.9,38.0,1,5,5,5,13,7,18,15,4,23,12,21,14,10,Portland Trail Blazers,2002-03
1610612758,Sacramento Kings,82,59,23,0.72,0.6,17.3,12.4,14.0,40.7,15.7,14.6,12.4,38.2,1,3,3,3,14,8,26,8,11,12,23,17,16,10,Sacramento Kings,2002-03
1610612759,San Antonio Spurs,82,60,22,0.732,0.6,16.3,12.7,11.8,43.5,16.7,14.0,12.2,37.5,1,1,1,1,14,14,24,17,3,20,18,15,11,10,San Antonio Spurs,2002-03
1610612760,Seattle SuperSonics,82,40,42,0.488,0.6,17.3,13.2,11.6,36.1,15.0,13.1,12.5,36.4,1,18,18,18,11,9,20,19,21,6,9,18,9,10,Seattle SuperSonics,2002-03
1610612761,Toronto Raptors,82,24,58,0.293,0.6,13.9,14.1,15.1,35.0,15.9,14.2,18.3,43.2,1,27,27,27,20,29,8,4,23,14,20,29,27,10,Toronto Raptors,2002-03
1610612762,Utah Jazz,82,47,35,0.573,0.6,17.8,13.7,11.7,39.2,17.6,12.9,11.7,35.3,1,11,11,11,24,6,14,18,13,24,7,11,6,10,Utah Jazz,2002-03
1610612764,Washington Wizards,82,37,45,0.451,0.6,15.2,12.9,8.7,30.6,15.2,13.7,11.7,35.7,1,20,20,20,14,22,22,28,28,9,14,9,8,10,Washington Wizards,2002-03
1610612737,Atlanta Hawks,82,28,54,0.341,0.6,14.9,13.0,12.2,37.2,18.9,14.0,13.7,40.0,1,25,25,25,4,23,18,15,15,28,21,25,20,10,Atlanta Hawks,2003-04
1610612738,Boston Celtics,82,36,46,0.439,0.6,18.4,12.2,11.9,35.1,17.6,14.7,12.1,35.5,1,20,20,20,28,2,25,16,22,26,25,17,8,10,Boston Celtics,2003-04
1610612741,Chicago Bulls,82,23,59,0.28,0.6,15.1,13.7,10.4,34.5,17.4,13.2,12.0,36.5,1,28,28,28,14,20,12,23,23,25,12,16,11,10,Chicago Bulls,2003-04
1610612739,Cleveland Cavaliers,82,35,47,0.427,0.6,14.6,15.7,12.9,41.9,15.7,13.4,13.1,38.1,1,21,21,21,7,27,3,9,7,14,17,21,16,10,Cleveland Cavaliers,2003-04
1610612742,Dallas Mavericks,82,52,30,0.634,0.6,17.2,15.9,17.5,45.4,13.9,13.2,14.4,44.0,1,7,7,7,15,5,2,2,1,2,13,28,28,10,Dallas Mavericks,2003-04
1610612743,Denver Nuggets,82,43,39,0.524,0.6,18.3,13.3,19.9,42.0,16.4,14.3,14.0,42.9,1,11,11,11,26,3,15,1,6,16,23,26,27,10,Denver Nuggets,2003-04
1610612765,Detroit Pistons,82,54,28,0.659,0.6,16.6,12.4,12.3,38.7,14.6,12.7,10.3,33.7,1,6,6,6,19,12,21,13,13,6,8,3,5,10,Detroit Pistons,2003-04
1610612744,Golden State Warriors,82,37,45,0.451,0.6,15.4,13.5,8.6,40.5,15.3,13.4,12.2,38.7,1,18,18,18,7,17,14,28,9,11,15,19,17,10,Golden State Warriors,2003-04
1610612745,Houston Rockets,82,45,37,0.549,0.6,14.4,11.7,7.8,32.9,17.1,12.4,10.3,30.3,1,10,10,10,3,28,27,29,27,23,6,2,1,10,Houston Rockets,2003-04
1610612754,Indiana Pacers,82,61,21,0.744,0.6,17.1,13.5,10.8,35.3,14.9,11.3,11.7,35.6,1,1,1,1,15,7,13,21,20,8,1,14,9,10,Indiana Pacers,2003-04
1610612746,Los Angeles Clippers,82,28,54,0.341,0.6,15.1,16.4,9.0,42.5,18.7,14.4,11.1,42.7,1,25,25,25,15,21,1,26,4,27,24,9,26,10,Los Angeles Clippers,2003-04
1610612747,Los Angeles Lakers,82,56,26,0.683,0.6,16.6,13.9,11.3,44.0,14.5,13.1,11.0,37.7,1,4,4,4,7,13,11,18,3,4,9,8,14,10,Los Angeles Lakers,2003-04
1610612763,Memphis Grizzlies,82,50,32,0.61,0.6,19.3,14.1,16.4,44.7,15.5,15.0,13.1,41.4,1,8,8,8,5,1,10,3,2,12,26,20,24,10,Memphis Grizzlies,2003-04
1610612748,Miami Heat,82,42,40,0.512,0.6,15.9,13.1,12.5,35.2,15.2,12.2,9.9,33.5,1,12,12,12,23,16,16,12,21,10,5,1,4,10,Miami Heat,2003-04
1610612749,Milwaukee Bucks,82,41,41,0.5,0.6,14.9,13.1,12.6,41.0,14.8,13.4,13.2,40.6,1,14,14,14,19,24,17,11,8,7,15,22,23,10,Milwaukee Bucks,2003-04
1610612750,Minnesota Timberwolves,82,58,24,0.707,0.6,14.8,12.4,10.9,32.5,13.1,13.1,11.0,35.3,1,2,2,2,23,25,22,19,28,1,10,6,7,10,Minnesota Timberwolves,2003-04
1610612751,New Jersey Nets,82,47,35,0.573,0.6,16.8,11.2,15.6,38.7,15.5,11.5,11.0,33.1,1,9,9,9,28,10,29,4,12,13,2,6,3,10,New Jersey Nets,2003-04
1610612740,New Orleans Hornets,82,41,41,0.5,0.6,17.0,14.6,12.9,34.5,16.1,13.1,11.5,37.4,1,14,14,14,11,8,5,10,24,15,11,12,13,10,New Orleans Hornets,2003-04
1610612752,New York Knicks,82,39,43,0.476,0.6,14.0,12.3,8.8,34.5,17.0,12.7,10.7,34.7,1,17,17,17,5,29,23,27,24,20,7,5,6,10,New York Knicks,2003-04
1610612753,Orlando Magic,82,21,61,0.256,0.6,14.9,14.1,10.8,33.5,16.7,15.4,14.1,44.8,1,29,29,29,13,22,8,20,26,18,29,27,29,10,Orlando Magic,2003-04
1610612755,Philadelphia 76ers,82,33,49,0.402,0.6,15.3,12.1,13.4,35.8,16.8,13.3,11.9,36.6,1,22,22,22,7,18,26,6,19,19,14,15,12,10,Philadelphia 76ers,2003-04
1610612756,Phoenix Suns,82,29,53,0.354,0.6,17.4,12.2,13.2,42.4,17.0,15.1,11.2,40.0,1,24,24,24,26,4,24,7,5,22,27,10,21,10,Phoenix Suns,2003-04
1610612757,Portland Trail Blazers,82,41,41,0.5,0.6,14.8,14.4,10.6,39.8,16.5,13.8,12.2,38.9,1,14,14,14,1,26,6,22,10,17,19,18,18,10,Portland Trail Blazers,2003-04
1610612758,Sacramento Kings,82,55,27,0.671,0.6,17.0,12.7,12.2,36.8,15.1,14.2,13.2,42.6,1,5,5,5,22,9,20,14,16,9,22,23,25,10,Sacramento Kings,2003-04
1610612759,San Antonio Spurs,82,57,25,0.695,0.6,16.4,14.1,9.3,39.4,14.5,11.9,10.6,36.4,1,3,3,3,25,15,8,24,11,3,4,4,10,10,San Antonio Spurs,2003-04
1610612760,Seattle SuperSonics,82,37,45,0.451,0.6,16.7,12.7,13.1,36.1,17.2,15.2,13.5,39.0,1,18,18,18,15,11,19,8,17,24,28,24,19,10,Seattle SuperSonics,2003-04
1610612761,Toronto Raptors,82,33,49,0.402,0.6,15.2,11.3,9.3,30.3,14.5,13.9,11.3,37.7,1,22,22,22,2,19,28,25,29,5,20,11,15,10,Toronto Raptors,2003-04
1610612762,Utah Jazz,82,42,40,0.512,0.6,16.5,14.2,11.8,35.9,17.0,11.7,11.5,32.2,1,12,12,12,19,14,7,17,18,20,3,13,2,10,Utah Jazz,2003-04
1610612764,Washington Wizards,82,25,57,0.305,0.6,17.1,15.0,13.7,38.6,20.1,13.7,15.9,40.0,1,27,27,27,11,6,4,5,14,29,18,29,22,10,Washington Wizards,2003-04
1610612737,Atlanta Hawks,82,13,69,0.159,0.6,16.2,14.3,11.7,43.6,18.5,13.6,13.1,41.4,1,30,30,30,12,16,8,15,1,30,14,24,24,10,Atlanta Hawks,2004-05
1610612738,Boston Celtics,82,45,37,0.549,0.6,17.7,12.5,14.8,43.5,17.7,15.0,12.4,39.5,1,11,11,11,10,6,26,6,2,27,28,16,16,10,Boston Celtics,2004-05
1610612766,Charlotte Bobcats,82,18,64,0.22,0.6,16.6,15.7,10.5,36.9,16.6,13.1,14.0,40.8,1,28,28,28,8,12,3,21,21,19,10,27,22,10,Charlotte Bobcats,2004-05
1610612741,Chicago Bulls,82,47,35,0.573,0.6,16.8,14.1,9.9,36.9,17.2,12.6,10.3,33.3,1,10,10,10,16,9,10,24,22,22,6,4,3,10,Chicago Bulls,2004-05
1610612739,Cleveland Cavaliers,82,42,40,0.512,0.6,17.7,15.1,12.7,42.1,15.3,13.2,12.6,37.9,1,17,17,17,11,7,4,11,8,11,11,19,12,10,Cleveland Cavaliers,2004-05
1610612742,Dallas Mavericks,82,58,24,0.707,0.6,18.1,13.6,14.7,38.6,15.0,14.5,13.7,39.8,1,4,4,4,27,3,19,7,16,6,23,26,17,10,Dallas Mavericks,2004-05
1610612743,Denver Nuggets,82,49,33,0.598,0.6,18.4,13.5,19.3,43.5,16.0,14.0,13.0,39.2,1,9,9,9,25,2,21,1,2,17,20,21,14,10,Denver Nuggets,2004-05
1610612765,Detroit Pistons,82,54,28,0.659,0.6,15.6,14.1,12.6,36.4,14.5,12.1,12.3,35.0,1,5,5,5,3,19,11,12,24,2,2,15,6,10,Detroit Pistons,2004-05
1610612744,Golden State Warriors,82,34,48,0.415,0.6,16.3,14.0,13.7,37.5,15.7,15.0,13.0,43.0,1,21,21,21,5,14,13,8,17,13,26,21,29,10,Golden State Warriors,2004-05
1610612745,Houston Rockets,82,51,31,0.622,0.6,14.9,13.5,9.5,32.6,15.1,11.5,10.1,30.9,1,7,7,7,13,24,20,27,27,7,1,2,1,10,Houston Rockets,2004-05
1610612754,Indiana Pacers,82,44,38,0.537,0.6,14.9,12.7,8.0,32.1,14.4,12.5,10.9,35.3,1,14,14,14,7,23,24,30,29,1,5,6,8,10,Indiana Pacers,2004-05
1610612746,Los Angeles Clippers,82,37,45,0.451,0.6,15.0,13.8,8.6,39.9,17.5,12.9,10.0,39.3,1,19,19,19,1,22,14,29,12,24,8,1,15,10,Los Angeles Clippers,2004-05
1610612747,Los Angeles Lakers,82,34,48,0.415,0.6,13.4,13.8,11.9,38.7,16.9,14.7,13.0,39.8,1,21,21,21,19,29,15,14,15,21,24,23,18,10,Los Angeles Lakers,2004-05
1610612763,Memphis Grizzlies,82,45,37,0.549,0.6,17.8,12.1,11.2,40.2,15.7,14.1,12.4,34.4,1,11,11,11,29,5,27,18,10,14,21,18,5,10,Memphis Grizzlies,2004-05
1610612748,Miami Heat,82,59,23,0.72,0.6,14.9,12.6,11.6,43.5,14.9,12.9,11.6,34.1,1,2,2,2,2,24,25,16,4,5,9,8,4,10,Miami Heat,2004-05
1610612749,Milwaukee Bucks,82,30,52,0.366,0.6,14.6,14.2,10.3,38.9,16.2,13.6,15.0,41.9,1,25,25,25,19,27,9,22,14,18,14,30,26,10,Milwaukee Bucks,2004-05
1610612750,Minnesota Timberwolves,82,44,38,0.537,0.6,13.0,13.0,11.1,33.1,15.2,13.7,11.6,38.6,1,14,14,14,24,30,22,19,26,8,18,9,13,10,Minnesota Timberwolves,2004-05
1610612751,New Jersey Nets,82,42,40,0.512,0.6,17.6,12.0,10.7,31.1,14.8,12.6,11.2,32.0,1,17,17,17,5,8,28,20,30,4,7,7,2,10,New Jersey Nets,2004-05
1610612740,New Orleans Hornets,82,18,64,0.22,0.6,14.4,13.6,10.1,32.6,17.5,13.6,11.7,36.7,1,28,28,28,4,28,18,23,28,25,17,11,10,10,New Orleans Hornets,2004-05
1610612752,New York Knicks,82,33,49,0.402,0.6,15.8,14.7,9.2,37.4,16.6,13.5,12.4,40.0,1,23,23,23,8,17,5,28,18,20,13,17,20,10,New York Knicks,2004-05
1610612753,Orlando Magic,82,36,46,0.439,0.6,16.7,13.8,18.1,39.7,17.9,14.2,14.7,40.9,1,20,20,20,29,10,15,3,13,29,22,29,23,10,Orlando Magic,2004-05
1610612755,Philadelphia 76ers,82,43,39,0.524,0.6,17.9,11.7,14.9,39.9,17.4,13.4,10.1,35.0,1,16,16,16,15,4,29,5,11,23,12,3,7,10,Philadelphia 76ers,2004-05
1610612756,Phoenix Suns,82,62,20,0.756,0.6,16.4,14.1,18.5,43.2,15.9,17.4,12.0,43.2,1,1,1,1,19,13,12,2,5,16,30,12,30,10,Phoenix Suns,2004-05
1610612757,Portland Trail Blazers,82,27,55,0.329,0.6,14.7,13.6,13.4,42.3,17.7,15.8,14.3,41.7,1,26,26,26,27,26,17,9,6,26,29,28,25,10,Portland Trail Blazers,2004-05
1610612758,Sacramento Kings,82,50,32,0.61,0.6,16.7,14.6,12.0,36.7,15.2,15.0,12.9,42.9,1,8,8,8,14,11,6,13,23,8,27,20,28,10,Sacramento Kings,2004-05
1610612759,San Antonio Spurs,82,59,23,0.72,0.6,16.2,12.8,12.8,42.2,14.6,12.3,10.9,37.2,1,2,2,2,18,15,23,10,7,3,4,5,11,10,San Antonio Spurs,2004-05
1610612760,Seattle SuperSonics,82,52,30,0.634,0.6,15.7,15.7,9.8,36.9,15.4,13.6,12.1,39.8,1,6,6,6,25,18,2,26,20,12,14,13,18,10,Seattle SuperSonics,2004-05
1610612761,Toronto Raptors,82,33,49,0.402,0.6,15.4,11.6,11.6,34.1,15.3,13.8,11.7,41.9,1,23,23,23,17,20,30,17,25,10,19,10,27,10,Toronto Raptors,2004-05
1610612762,Utah Jazz,82,26,56,0.317,0.6,15.4,14.3,9.9,37.2,17.8,12.1,13.4,35.6,1,27,27,27,23,21,7,25,19,28,3,25,9,10,Utah Jazz,2004-05
1610612764,Washington Wizards,82,45,37,0.549,0.6,19.0,16.2,15.6,40.4,15.8,14.8,12.2,40.7,1,11,11,11,19,1,1,4,9,15,25,14,21,10,Washington Wizards,2004-05
1610612737,Atlanta Hawks,82,26,56,0.317,0.6,16.6,14.6,11.1,40.6,18.1,15.2,12.0,44.4,1,27,27,27,9,9,4,17,7,28,29,16,30,10,Atlanta Hawks,2005-06
1610612738,Boston Celtics,82,33,49,0.402,0.6,15.4,12.0,12.1,39.6,18.9,13.2,10.9,39.7,1,24,24,24,12,20,27,12,13,29,20,7,19,10,Boston Celtics,2005-06
1610612766,Charlotte Bobcats,82,26,56,0.317,0.6,19.3,13.4,13.1,39.3,15.5,13.5,11.4,43.4,1,27,27,27,5,1,10,8,15,11,22,12,29,10,Charlotte Bobcats,2005-06
1610612741,Chicago Bulls,82,41,41,0.5,0.6,16.3,13.1,9.6,35.2,16.3,13.1,10.6,32.2,1,14,14,14,8,10,14,23,26,19,16,5,2,10,Chicago Bulls,2005-06
1610612739,Cleveland Cavaliers,82,50,32,0.61,0.6,15.1,12.8,12.6,41.1,15.6,11.9,10.8,37.2,1,6,6,6,17,25,18,11,6,13,4,6,11,10,Cleveland Cavaliers,2005-06
1610612742,Dallas Mavericks,82,60,22,0.732,0.6,16.0,14.0,13.7,37.7,14.0,12.8,12.3,35.9,1,3,3,3,9,15,6,6,18,3,12,21,6,10,Dallas Mavericks,2005-06
1610612743,Denver Nuggets,82,44,38,0.537,0.6,18.0,12.4,20.2,42.9,16.7,14.2,14.2,41.1,1,11,11,11,3,3,26,1,3,22,26,30,24,10,Denver Nuggets,2005-06
1610612765,Detroit Pistons,82,64,18,0.78,0.6,15.7,13.5,12.0,32.2,13.5,12.6,11.4,40.1,1,1,1,1,17,17,8,14,30,2,10,13,21,10,Detroit Pistons,2005-06
1610612744,Golden State Warriors,82,34,48,0.415,0.6,15.6,12.9,14.0,38.8,16.1,13.7,13.3,40.8,1,22,22,22,17,18,16,5,16,17,23,28,23,10,Golden State Warriors,2005-06
1610612745,Houston Rockets,82,34,48,0.415,0.6,14.6,12.8,7.9,33.9,15.2,11.6,10.2,30.1,1,22,22,22,17,27,17,29,28,10,2,4,1,10,Houston Rockets,2005-06
1610612754,Indiana Pacers,82,41,41,0.5,0.6,13.9,12.7,8.6,35.3,16.2,13.1,11.1,37.9,1,14,14,14,30,28,19,28,25,18,19,9,12,10,Indiana Pacers,2005-06
1610612746,Los Angeles Clippers,82,47,35,0.573,0.6,13.4,12.4,9.0,39.8,15.7,12.5,9.8,39.0,1,9,9,9,26,29,25,26,12,14,8,1,14,10,Los Angeles Clippers,2005-06
1610612747,Los Angeles Lakers,82,45,37,0.549,0.6,16.9,13.9,9.9,39.3,14.0,13.2,10.1,39.1,1,10,10,10,13,6,7,22,14,4,21,2,16,10,Los Angeles Lakers,2005-06
1610612763,Memphis Grizzlies,82,49,33,0.598,0.6,16.0,12.5,9.0,37.5,14.8,12.6,12.3,36.3,1,7,7,7,13,16,21,27,20,7,11,20,8,10,Memphis Grizzlies,2005-06
1610612748,Miami Heat,82,52,30,0.634,0.6,15.3,13.5,12.8,46.4,16.4,11.9,12.4,35.3,1,5,5,5,28,21,9,10,1,20,4,22,5,10,Miami Heat,2005-06
1610612749,Milwaukee Bucks,82,40,42,0.488,0.6,16.8,13.4,13.3,40.4,16.7,12.2,12.1,39.7,1,17,17,17,13,7,10,7,8,23,6,18,18,10,Milwaukee Bucks,2005-06
1610612750,Minnesota Timberwolves,82,33,49,0.402,0.6,15.3,11.4,10.8,34.9,15.5,14.5,10.2,39.6,1,24,24,24,13,21,28,19,27,12,27,3,17,10,Minnesota Timberwolves,2005-06
1610612751,New Jersey Nets,82,49,33,0.598,0.6,16.2,11.3,12.9,33.4,14.7,10.7,11.3,34.4,1,7,7,7,27,13,29,9,29,6,1,11,3,10,New Jersey Nets,2005-06
1610612740,New Orleans Hornets,82,38,44,0.463,0.6,16.1,13.3,12.0,37.8,14.3,12.4,12.0,36.3,1,18,18,18,24,14,12,15,17,5,7,15,7,10,New Orleans Hornets,2005-06
1610612752,New York Knicks,82,23,59,0.28,0.6,15.1,14.6,7.7,43.3,20.0,12.9,11.7,37.0,1,29,29,29,4,24,5,30,2,30,14,14,10,10,New York Knicks,2005-06
1610612753,Orlando Magic,82,36,46,0.439,0.6,15.2,13.2,11.4,40.4,17.1,13.1,12.3,36.8,1,20,20,20,5,23,13,16,9,24,18,19,9,10,Orlando Magic,2005-06
1610612755,Philadelphia 76ers,82,38,44,0.463,0.6,17.3,12.5,12.1,42.2,15.9,14.1,13.4,41.4,1,18,18,18,5,4,24,13,4,16,25,29,25,10,Philadelphia 76ers,2005-06
1610612756,Phoenix Suns,82,54,28,0.659,0.6,17.0,11.0,16.0,37.4,14.9,14.6,11.2,41.4,1,4,4,4,1,5,30,2,21,8,28,10,26,10,Phoenix Suns,2005-06
1610612757,Portland Trail Blazers,82,21,61,0.256,0.6,13.3,12.5,9.5,36.9,17.3,14.0,12.4,38.9,1,30,30,30,29,30,22,25,22,25,24,24,13,10,Portland Trail Blazers,2005-06
1610612758,Sacramento Kings,82,44,38,0.537,0.6,16.8,12.6,10.8,36.5,16.5,12.8,12.1,39.9,1,11,11,11,17,8,20,20,23,21,12,17,20,10,Sacramento Kings,2005-06
1610612759,San Antonio Spurs,82,63,19,0.768,0.6,15.5,12.5,9.5,42.1,13.1,11.8,11.0,39.1,1,2,2,2,24,19,22,24,5,1,3,8,15,10,San Antonio Spurs,2005-06
1610612760,Seattle SuperSonics,82,35,47,0.427,0.6,16.2,15.0,14.9,39.8,17.6,15.3,13.3,42.8,1,21,21,21,22,11,1,4,11,27,30,27,27,10,Seattle SuperSonics,2005-06
1610612761,Toronto Raptors,82,27,55,0.329,0.6,16.2,13.0,10.9,35.6,15.0,12.9,12.4,43.0,1,26,26,26,1,12,15,18,24,9,15,23,28,10,Toronto Raptors,2005-06
1610612762,Utah Jazz,82,41,41,0.5,0.6,15.0,14.7,10.1,37.6,17.6,12.5,12.6,34.6,1,14,14,14,9,26,3,21,19,26,9,26,4,10,Utah Jazz,2005-06
1610612764,Washington Wizards,82,42,40,0.512,0.6,18.6,14.9,15.4,39.9,15.9,13.1,12.5,40.4,1,13,13,13,23,2,2,3,10,15,16,25,22,10,Washington Wizards,2005-06
1610612737,Atlanta Hawks,82,30,52,0.366,0.6,16.3,14.0,11.8,38.7,18.1,13.7,13.3,43.0,1,27,27,27,12,23,5,16,19,22,20,25,24,10,Atlanta Hawks,2006-07
1610612738,Boston Celtics,82,24,58,0.293,0.6,17.4,13.1,12.0,39.0,18.2,12.0,12.4,41.7,1,29,29,29,14,8,16,15,17,23,5,16,20,10,Boston Celtics,2006-07
1610612766,Charlotte Bobcats,82,33,49,0.402,0.6,16.6,13.6,9.6,39.1,16.9,12.9,13.1,42.0,1,21,21,21,2,20,11,24,16,14,14,24,22,10,Charlotte Bobcats,2006-07
1610612741,Chicago Bulls,82,49,33,0.598,0.6,19.1,13.3,12.3,35.7,17.2,12.0,10.7,35.1,1,8,8,8,22,3,14,13,25,16,6,6,3,10,Chicago Bulls,2006-07
1610612739,Cleveland Cavaliers,82,50,32,0.61,0.6,16.6,15.1,12.2,40.3,14.7,12.3,10.7,38.1,1,7,7,7,8,19,1,14,13,2,8,5,9,10,Cleveland Cavaliers,2006-07
1610612742,Dallas Mavericks,82,67,15,0.817,0.6,17.0,13.2,13.4,35.3,15.2,11.4,12.7,36.9,1,1,1,1,27,10,15,8,26,5,2,20,6,10,Dallas Mavericks,2006-07
1610612743,Denver Nuggets,82,45,37,0.549,0.6,19.4,13.6,18.6,46.7,18.6,14.3,14.6,44.8,1,10,10,10,22,2,12,2,2,29,26,29,29,10,Denver Nuggets,2006-07
1610612765,Detroit Pistons,82,53,29,0.646,0.6,16.8,14.0,10.6,35.3,13.2,13.3,11.2,37.2,1,4,4,4,8,14,6,22,27,1,18,9,7,10,Detroit Pistons,2006-07
1610612744,Golden State Warriors,82,42,40,0.512,0.6,21.3,12.8,20.4,46.8,18.3,16.0,13.4,43.9,1,12,12,12,29,1,19,1,1,25,30,27,28,10,Golden State Warriors,2006-07
1610612745,Houston Rockets,82,52,30,0.634,0.6,15.2,12.7,7.4,35.3,14.8,11.6,9.6,33.0,1,5,5,5,14,28,22,29,27,3,3,2,1,10,Houston Rockets,2006-07
1610612754,Indiana Pacers,82,35,47,0.427,0.6,17.1,12.7,11.7,36.7,18.5,13.2,12.6,38.7,1,19,19,19,24,9,23,18,23,28,16,18,12,10,Indiana Pacers,2006-07
1610612746,Los Angeles Clippers,82,40,42,0.488,0.6,15.4,13.0,7.9,36.9,16.5,12.1,9.0,40.0,1,16,16,16,30,25,18,28,22,12,7,1,14,10,Los Angeles Clippers,2006-07
1610612747,Los Angeles Lakers,82,42,40,0.512,0.6,17.0,13.1,9.6,42.1,18.2,14.1,12.2,43.7,1,12,12,12,1,12,17,23,10,24,22,15,27,10,Los Angeles Lakers,2006-07
1610612763,Memphis Grizzlies,82,22,60,0.268,0.6,16.8,12.8,14.3,42.5,19.8,14.2,14.6,45.4,1,30,30,30,5,15,20,5,9,30,23,29,30,10,Memphis Grizzlies,2006-07
1610612748,Miami Heat,82,44,38,0.537,0.6,15.5,11.8,10.8,40.6,16.4,13.3,12.8,36.1,1,11,11,11,14,24,26,21,12,11,19,21,5,10,Miami Heat,2006-07
1610612749,Milwaukee Bucks,82,28,54,0.341,0.6,17.6,13.7,13.0,45.3,17.5,14.2,12.9,43.5,1,28,28,28,14,6,10,10,3,18,24,22,25,10,Milwaukee Bucks,2006-07
1610612750,Minnesota Timberwolves,82,32,50,0.39,0.6,15.3,11.9,9.0,35.0,17.5,13.9,11.8,40.4,1,24,24,24,3,26,25,27,30,17,21,11,16,10,Minnesota Timberwolves,2006-07
1610612751,New Jersey Nets,82,41,41,0.5,0.6,16.7,11.1,13.3,36.6,16.6,12.5,11.1,35.6,1,14,14,14,8,18,29,9,24,13,10,8,4,10,New Jersey Nets,2006-07
1610612740,New Orleans Hornets,82,39,43,0.476,0.6,15.1,14.9,12.3,41.8,16.2,13.0,11.9,37.8,1,18,18,18,13,29,4,12,11,9,15,12,8,10,New Orleans Hornets,2006-07
1610612752,New York Knicks,82,33,49,0.402,0.6,15.0,15.0,9.3,45.2,18.5,13.2,10.1,38.1,1,21,21,21,4,30,2,26,4,27,17,3,10,10,New York Knicks,2006-07
1610612753,Orlando Magic,82,40,42,0.488,0.6,17.0,13.5,14.0,43.2,18.0,11.6,13.0,34.0,1,16,16,16,25,11,13,6,6,21,4,23,2,10,Orlando Magic,2006-07
1610612755,Philadelphia 76ers,82,35,47,0.427,0.6,17.0,12.8,14.0,39.9,17.2,14.3,11.9,41.2,1,19,19,19,8,12,21,6,14,15,25,13,17,10,Philadelphia 76ers,2006-07
1610612756,Phoenix Suns,82,61,21,0.744,0.6,17.5,11.5,17.0,43.8,16.2,15.3,10.5,42.3,1,2,2,2,7,7,28,3,5,10,29,4,23,10,Phoenix Suns,2006-07
1610612757,Portland Trail Blazers,82,32,50,0.39,0.6,15.2,14.0,6.3,38.1,18.3,12.6,13.9,41.2,1,24,24,24,6,27,8,30,21,26,11,28,18,10,Portland Trail Blazers,2006-07
1610612758,Sacramento Kings,82,33,49,0.402,0.6,18.6,11.7,11.6,38.5,15.5,12.8,12.5,41.9,1,21,21,21,20,5,27,20,20,7,13,17,21,10,Sacramento Kings,2006-07
1610612759,San Antonio Spurs,82,58,24,0.707,0.6,16.8,12.1,11.6,39.9,15.3,12.4,10.8,38.9,1,3,3,3,26,16,24,19,15,6,9,7,13,10,San Antonio Spurs,2006-07
1610612760,Seattle SuperSonics,82,31,51,0.378,0.6,16.6,14.0,11.8,42.6,17.7,14.7,12.6,43.6,1,26,26,26,18,20,8,17,8,20,28,18,26,10,Seattle SuperSonics,2006-07
1610612761,Toronto Raptors,82,47,35,0.573,0.6,16.8,10.6,12.6,35.3,15.1,12.6,11.7,40.0,1,9,9,9,27,17,30,11,27,4,11,10,15,10,Toronto Raptors,2006-07
1610612762,Utah Jazz,82,51,31,0.622,0.6,16.3,15.0,9.4,43.1,17.5,11.1,12.2,38.2,1,6,6,6,20,22,3,25,7,19,1,14,11,10,Utah Jazz,2006-07
1610612764,Washington Wizards,82,41,41,0.5,0.6,19.0,14.0,15.3,38.9,16.1,14.4,13.3,41.6,1,14,14,14,19,4,6,4,18,8,27,26,19,10,Washington Wizards,2006-07
1610612737,Atlanta Hawks,82,37,45,0.451,0.6,15.8,14.0,16.8,43.1,17.2,14.2,13.3,43.5,1,19,19,19,5,14,11,5,9,24,25,21,24,10,Atlanta Hawks,2007-08
1610612738,Boston Celtics,82,66,16,0.805,0.6,18.9,12.9,11.0,38.9,16.2,12.5,9.1,34.1,1,1,1,1,22,2,20,20,19,17,6,1,1,10,Boston Celtics,2007-08
1610612766,Charlotte Bobcats,82,32,50,0.39,0.6,16.0,13.0,12.2,40.3,16.8,15.0,13.5,43.9,1,23,23,23,3,12,19,15,15,20,28,23,26,10,Charlotte Bobcats,2007-08
1610612741,Chicago Bulls,82,33,49,0.402,0.6,16.1,14.4,11.1,35.7,16.4,12.7,12.9,35.6,1,22,22,22,16,11,7,19,24,18,7,18,3,10,Chicago Bulls,2007-08
1610612739,Cleveland Cavaliers,82,45,37,0.549,0.6,14.0,15.3,11.8,38.1,15.8,11.3,12.4,37.5,1,13,13,13,7,28,1,16,20,12,2,11,9,10,Cleveland Cavaliers,2007-08
1610612742,Dallas Mavericks,82,51,31,0.622,0.6,14.5,12.2,14.5,35.5,13.9,12.9,12.8,39.2,1,10,10,10,25,23,22,8,25,4,11,16,15,10,Dallas Mavericks,2007-08
1610612743,Denver Nuggets,82,50,32,0.61,0.6,18.1,13.8,19.0,46.6,17.0,14.6,14.2,43.0,1,11,11,11,8,4,12,2,3,21,27,26,23,10,Denver Nuggets,2007-08
1610612765,Detroit Pistons,82,59,23,0.72,0.6,15.5,14.4,11.5,32.3,11.8,11.5,9.6,35.3,1,2,2,2,25,16,8,17,29,1,4,2,2,10,Detroit Pistons,2007-08
1610612744,Golden State Warriors,82,48,34,0.585,0.6,20.0,14.7,23.0,48.6,15.6,15.7,14.3,45.0,1,12,12,12,18,1,6,1,1,10,30,28,29,10,Golden State Warriors,2007-08
1610612745,Houston Rockets,82,55,27,0.671,0.6,14.9,14.7,8.2,39.9,14.4,12.7,12.9,35.8,1,6,6,6,29,21,4,28,17,6,7,17,5,10,Houston Rockets,2007-08
1610612754,Indiana Pacers,82,36,46,0.439,0.6,17.0,13.5,13.3,37.1,17.2,13.2,12.0,37.0,1,20,20,20,24,8,14,10,21,23,17,9,6,10,Indiana Pacers,2007-08
1610612746,Los Angeles Clippers,82,23,59,0.28,0.6,15.0,11.2,8.7,34.7,15.7,13.2,10.4,43.5,1,25,25,25,14,20,26,27,26,11,17,4,25,10,Los Angeles Clippers,2007-08
1610612747,Los Angeles Lakers,82,57,25,0.695,0.6,17.1,13.2,12.4,43.8,15.8,14.3,11.9,41.2,1,3,3,3,18,7,17,14,7,12,26,8,20,10,Los Angeles Lakers,2007-08
1610612763,Memphis Grizzlies,82,22,60,0.268,0.6,15.3,11.9,15.0,44.0,18.0,13.0,16.2,45.8,1,27,27,27,14,17,24,7,6,28,14,30,30,10,Memphis Grizzlies,2007-08
1610612748,Miami Heat,82,15,67,0.183,0.6,15.2,10.2,9.7,33.4,17.0,13.9,13.5,38.8,1,30,30,30,9,19,30,23,28,21,23,22,13,10,Miami Heat,2007-08
1610612749,Milwaukee Bucks,82,26,56,0.317,0.6,14.7,14.1,10.2,41.5,17.2,13.0,14.2,41.6,1,24,24,24,5,22,10,22,12,25,12,27,22,10,Milwaukee Bucks,2007-08
1610612750,Minnesota Timberwolves,82,22,60,0.268,0.6,14.2,15.0,8.8,43.2,17.8,13.0,14.5,38.9,1,27,27,27,25,26,3,26,8,27,13,29,14,10,Minnesota Timberwolves,2007-08
1610612751,New Jersey Nets,82,34,48,0.415,0.6,14.5,12.2,13.1,36.7,16.7,13.4,12.7,37.4,1,21,21,21,9,24,23,11,22,19,19,15,8,10,New Jersey Nets,2007-08
1610612740,New Orleans Hornets,82,56,26,0.683,0.6,16.7,13.2,13.6,40.2,12.5,11.3,11.3,38.2,1,4,4,4,17,9,16,9,16,2,3,6,12,10,New Orleans Hornets,2007-08
1610612752,New York Knicks,82,23,59,0.28,0.6,13.7,14.7,9.3,41.9,17.3,13.5,12.5,41.0,1,25,25,25,4,29,5,25,10,26,20,13,19,10,New York Knicks,2007-08
1610612753,Orlando Magic,82,52,30,0.634,0.6,15.3,12.2,12.5,41.8,16.1,12.7,12.5,37.4,1,9,9,9,18,18,21,13,11,14,9,12,7,10,Orlando Magic,2007-08
1610612755,Philadelphia 76ers,82,40,42,0.488,0.6,18.1,13.8,18.2,45.1,15.0,13.1,10.0,40.9,1,17,17,17,22,4,13,3,4,8,15,3,18,10,Philadelphia 76ers,2007-08
1610612756,Phoenix Suns,82,55,27,0.671,0.6,15.9,10.8,17.3,44.5,16.1,15.4,12.2,44.8,1,6,6,6,18,13,29,4,5,14,29,10,28,10,Phoenix Suns,2007-08
1610612757,Portland Trail Blazers,82,41,41,0.5,0.6,14.1,13.0,7.9,31.0,14.5,13.5,12.5,40.5,1,15,15,15,2,27,18,30,30,7,21,14,17,10,Portland Trail Blazers,2007-08
1610612758,Sacramento Kings,82,38,44,0.463,0.6,17.7,11.4,12.8,40.6,18.4,13.6,13.1,41.4,1,18,18,18,12,6,25,12,14,30,22,20,21,10,Sacramento Kings,2007-08
1610612759,San Antonio Spurs,82,56,26,0.683,0.6,14.4,11.1,9.5,36.1,14.0,10.5,11.5,35.6,1,4,4,4,25,25,28,24,23,5,1,7,4,10,San Antonio Spurs,2007-08
1610612760,Seattle SuperSonics,82,20,62,0.244,0.6,13.6,13.3,15.8,41.1,18.3,13.9,14.1,44.2,1,29,29,29,13,30,15,6,13,29,24,25,27,10,Seattle SuperSonics,2007-08
1610612761,Toronto Raptors,82,41,41,0.5,0.6,16.6,11.2,8.0,34.3,13.6,11.7,10.6,37.6,1,15,15,15,9,10,27,29,27,3,5,5,11,10,Toronto Raptors,2007-08
1610612762,Utah Jazz,82,54,28,0.659,0.6,18.7,14.4,11.3,47.3,16.2,12.8,13.6,39.7,1,8,8,8,30,3,9,18,2,16,10,24,16,10,Utah Jazz,2007-08
1610612764,Washington Wizards,82,43,39,0.524,0.6,15.6,15.2,10.3,39.1,15.0,13.1,12.9,37.6,1,14,14,14,1,15,2,21,18,9,16,18,10,10,Washington Wizards,2007-08
1610612737,Atlanta Hawks,82,47,35,0.573,0.6,15.5,12.7,15.6,39.8,14.0,13.3,12.5,40.8,1,12,12,12,29,17,19,5,17,4,19,17,21,10,Atlanta Hawks,2008-09
1610612738,Boston Celtics,82,62,20,0.756,0.6,17.3,12.6,11.8,41.8,17.5,11.0,10.6,36.1,1,3,3,3,10,7,21,14,9,26,2,3,3,10,Boston Celtics,2008-09
1610612766,Charlotte Bobcats,82,35,47,0.427,0.6,17.2,12.3,10.1,40.1,16.6,13.4,10.6,37.6,1,19,19,19,3,9,22,23,15,19,21,4,7,10,Charlotte Bobcats,2008-09
1610612741,Chicago Bulls,82,41,41,0.5,0.6,17.1,13.9,15.0,37.9,16.9,15.4,12.7,43.3,1,15,15,15,2,10,6,7,20,23,29,20,25,10,Chicago Bulls,2008-09
1610612739,Cleveland Cavaliers,82,66,16,0.805,0.6,17.2,12.9,11.4,35.7,14.7,12.0,12.6,37.1,1,1,1,1,23,8,16,17,26,6,6,19,6,10,Cleveland Cavaliers,2008-09
1610612742,Dallas Mavericks,82,50,32,0.61,0.6,15.4,12.2,15.2,35.2,14.8,13.0,13.3,38.9,1,9,9,9,19,18,23,6,27,8,14,25,13,10,Dallas Mavericks,2008-09
1610612743,Denver Nuggets,82,54,28,0.659,0.6,18.0,13.7,16.8,44.0,16.8,14.3,11.6,39.0,1,5,5,5,27,5,10,4,5,21,26,11,14,10,Denver Nuggets,2008-09
1610612765,Detroit Pistons,82,39,43,0.476,0.6,13.4,13.5,9.9,34.5,13.1,11.7,10.4,37.6,1,17,17,17,4,30,13,25,29,1,4,2,7,10,Detroit Pistons,2008-09
1610612744,Golden State Warriors,82,29,53,0.354,0.6,16.6,13.9,18.4,43.1,18.0,17.1,16.8,48.6,1,24,24,24,8,13,6,1,6,27,30,30,30,10,Golden State Warriors,2008-09
1610612745,Houston Rockets,82,53,29,0.646,0.6,13.5,13.4,8.7,40.0,15.7,11.7,11.7,38.0,1,8,8,8,14,28,14,30,16,13,4,12,10,10,Houston Rockets,2008-09
1610612754,Indiana Pacers,82,36,46,0.439,0.6,15.2,14.0,13.3,41.5,17.0,12.6,12.5,37.8,1,18,18,18,11,22,5,9,10,24,10,18,9,10,Indiana Pacers,2008-09
1610612746,Los Angeles Clippers,82,19,63,0.232,0.6,14.1,12.7,10.6,40.9,16.8,14.6,11.9,44.5,1,28,28,28,9,27,20,20,13,21,27,14,26,10,Los Angeles Clippers,2008-09
1610612747,Los Angeles Lakers,82,65,17,0.793,0.6,18.8,15.7,12.3,47.0,15.1,13.3,11.5,41.7,1,2,2,2,22,2,1,11,2,10,18,10,22,10,Los Angeles Lakers,2008-09
1610612763,Memphis Grizzlies,82,24,58,0.293,0.6,16.5,11.4,11.9,41.1,16.1,12.7,12.3,41.7,1,25,25,25,14,14,28,13,12,14,11,16,23,10,Memphis Grizzlies,2008-09
1610612748,Miami Heat,82,43,39,0.524,0.6,17.3,12.0,9.7,37.1,14.7,13.0,11.4,39.1,1,14,14,14,1,6,24,26,24,7,13,8,15,10,Miami Heat,2008-09
1610612749,Milwaukee Bucks,82,34,48,0.415,0.6,18.6,13.6,11.6,37.9,16.6,12.9,11.9,36.2,1,20,20,20,21,3,12,15,20,17,12,13,4,10,Milwaukee Bucks,2008-09
1610612750,Minnesota Timberwolves,82,24,58,0.293,0.6,14.2,14.6,10.0,40.9,16.5,12.1,13.0,39.8,1,25,25,25,19,26,3,24,14,16,8,22,16,10,Minnesota Timberwolves,2008-09
1610612751,New Jersey Nets,82,34,48,0.415,0.6,15.2,11.8,11.1,37.1,15.6,13.1,13.2,38.4,1,20,20,20,11,21,27,18,23,12,16,23,11,10,New Jersey Nets,2008-09
1610612740,New Orleans Hornets,82,49,33,0.598,0.6,15.0,11.4,10.4,37.9,13.9,11.7,11.2,35.8,1,10,10,10,26,24,29,22,19,3,3,7,2,10,New Orleans Hornets,2008-09
1610612752,New York Knicks,82,32,50,0.39,0.6,17.0,13.4,10.7,42.0,16.7,13.7,12.9,45.7,1,23,23,23,14,11,15,19,8,20,24,21,29,10,New York Knicks,2008-09
1610612760,Oklahoma City Thunder,82,23,59,0.28,0.6,15.3,13.9,14.5,42.3,19.0,13.0,14.0,44.7,1,27,27,27,14,20,9,8,7,30,14,28,27,10,Oklahoma City Thunder,2008-09
1610612753,Orlando Magic,82,59,23,0.72,0.6,14.4,12.7,11.5,35.9,15.0,12.5,11.2,35.7,1,4,4,4,28,25,18,16,25,9,9,6,1,10,Orlando Magic,2008-09
1610612755,Philadelphia 76ers,82,41,41,0.5,0.6,18.1,14.5,17.6,44.5,16.3,13.3,11.1,39.8,1,15,15,15,24,4,4,3,4,15,19,5,17,10,Philadelphia 76ers,2008-09
1610612756,Phoenix Suns,82,46,36,0.561,0.6,16.7,12.9,17.6,52.0,18.6,15.4,13.2,39.8,1,13,13,13,24,12,17,2,1,28,28,24,17,10,Phoenix Suns,2008-09
1610612757,Portland Trail Blazers,82,54,28,0.659,0.6,15.7,15.4,9.2,38.7,14.1,12.1,10.3,38.4,1,5,5,5,11,16,2,29,18,5,7,1,12,10,Portland Trail Blazers,2008-09
1610612758,Sacramento Kings,82,17,65,0.207,0.6,15.8,12.0,12.1,37.6,18.7,13.9,14.3,45.6,1,30,30,30,6,15,24,12,22,29,25,29,28,10,Sacramento Kings,2008-09
1610612759,San Antonio Spurs,82,54,28,0.659,0.6,13.4,11.2,9.4,35.1,13.2,10.8,12.1,37.0,1,5,5,5,4,29,30,28,28,2,1,15,5,10,San Antonio Spurs,2008-09
1610612761,Toronto Raptors,82,33,49,0.402,0.6,15.1,11.9,9.4,34.4,15.6,13.4,11.5,40.6,1,22,22,22,14,23,26,27,30,11,22,9,20,10,Toronto Raptors,2008-09
1610612762,Utah Jazz,82,48,34,0.585,0.6,19.2,13.9,12.8,45.0,16.6,13.6,13.3,43.3,1,11,11,11,7,1,6,10,3,18,23,26,24,10,Utah Jazz,2008-09
1610612764,Washington Wizards,82,19,63,0.232,0.6,15.3,13.6,10.6,41.4,17.4,13.2,13.7,40.0,1,28,28,28,30,19,11,20,11,25,17,27,19,10,Washington Wizards,2008-09
1610612737,Atlanta Hawks,82,53,29,0.646,0.6,16.7,13.6,16.2,44.6,13.6,14.0,15.9,42.9,1,6,6,6,11,11,13,4,5,1,26,25,19,10,Atlanta Hawks,2009-10
1610612738,Boston Celtics,82,50,32,0.61,0.6,17.4,11.1,14.2,44.1,16.1,12.8,11.6,38.2,1,9,9,9,17,6,30,15,6,13,9,4,5,10,Boston Celtics,2009-10
1610612766,Charlotte Bobcats,82,44,38,0.537,0.6,17.6,12.2,14.2,43.1,16.9,12.7,12.8,39.6,1,15,15,15,5,5,25,16,13,22,8,8,8,10,Charlotte Bobcats,2009-10
1610612741,Chicago Bulls,82,41,41,0.5,0.6,14.3,13.4,14.2,40.5,15.5,12.9,13.3,39.7,1,17,17,17,4,29,16,17,20,7,12,11,9,10,Chicago Bulls,2009-10
1610612739,Cleveland Cavaliers,82,61,21,0.744,0.6,15.4,12.8,14.0,44.0,15.6,11.7,13.2,36.8,1,1,1,1,24,23,22,18,7,8,2,10,2,10,Cleveland Cavaliers,2009-10
1610612742,Dallas Mavericks,82,55,27,0.671,0.6,16.4,11.7,16.0,38.0,15.0,12.9,13.4,41.7,1,4,4,4,5,12,28,5,26,5,12,12,15,10,Dallas Mavericks,2009-10
1610612743,Denver Nuggets,82,53,29,0.646,0.6,18.0,13.8,15.1,43.1,16.5,14.0,13.9,42.6,1,6,6,6,17,3,10,9,12,19,25,17,18,10,Denver Nuggets,2009-10
1610612765,Detroit Pistons,82,27,55,0.329,0.6,17.0,14.9,12.9,38.3,16.2,13.0,14.1,38.6,1,24,24,24,17,8,3,21,24,14,14,18,6,10,Detroit Pistons,2009-10
1610612744,Golden State Warriors,82,26,56,0.317,0.6,21.2,11.9,23.7,41.6,17.9,16.0,18.2,48.4,1,26,26,26,27,1,27,1,19,27,29,30,30,10,Golden State Warriors,2009-10
1610612745,Houston Rockets,82,42,40,0.512,0.6,16.9,14.2,14.6,44.0,16.4,13.4,14.1,45.6,1,16,16,16,2,10,6,14,7,17,18,18,27,10,Houston Rockets,2009-10
1610612754,Indiana Pacers,82,32,50,0.39,0.6,15.9,11.2,13.2,38.2,17.4,14.0,13.5,39.3,1,21,21,21,29,19,29,19,25,26,24,13,7,10,Indiana Pacers,2009-10
1610612746,Los Angeles Clippers,82,29,53,0.354,0.6,14.0,13.4,12.8,41.9,18.8,13.5,13.6,43.5,1,22,22,22,29,30,15,22,17,28,19,14,20,10,Los Angeles Clippers,2009-10
1610612747,Los Angeles Lakers,82,57,25,0.695,0.6,16.3,15.3,11.2,43.8,15.2,12.9,12.8,40.7,1,3,3,3,12,14,2,25,9,6,10,8,11,10,Los Angeles Lakers,2009-10
1610612763,Memphis Grizzlies,82,40,42,0.488,0.6,17.1,15.9,17.6,51.3,18.8,13.2,18.0,47.7,1,18,18,18,2,7,1,3,1,29,15,29,29,10,Memphis Grizzlies,2009-10
1610612748,Miami Heat,82,47,35,0.573,0.6,16.3,12.9,9.6,37.0,13.8,12.6,11.4,37.0,1,13,13,13,5,16,20,29,28,2,6,3,3,10,Miami Heat,2009-10
1610612749,Milwaukee Bucks,82,46,36,0.561,0.6,16.3,13.9,10.5,37.0,14.8,11.1,12.8,37.5,1,14,14,14,1,13,8,27,28,4,1,7,4,10,Milwaukee Bucks,2009-10
1610612750,Minnesota Timberwolves,82,15,67,0.183,0.6,15.6,14.5,15.1,43.6,19.6,13.4,17.9,44.6,1,29,29,29,17,20,4,10,10,30,16,28,23,10,Minnesota Timberwolves,2009-10
1610612751,New Jersey Nets,82,12,70,0.146,0.6,14.9,11.9,12.9,40.2,16.6,13.9,16.5,44.9,1,30,30,30,17,24,26,20,22,20,23,26,24,10,New Jersey Nets,2009-10
1610612740,New Orleans Hornets,82,37,45,0.451,0.6,16.9,13.0,15.1,42.7,15.9,13.4,14.4,45.2,1,20,20,20,12,9,18,11,15,12,16,20,26,10,New Orleans Hornets,2009-10
1610612752,New York Knicks,82,29,53,0.354,0.6,15.6,12.8,9.9,40.2,15.9,14.1,12.7,47.2,1,22,22,22,5,21,21,28,21,11,27,6,28,10,New York Knicks,2009-10
1610612760,Oklahoma City Thunder,82,50,32,0.61,0.6,17.9,13.9,15.7,43.0,16.3,14.3,12.5,44.0,1,9,9,9,15,4,7,7,14,15,28,5,22,10,Oklahoma City Thunder,2009-10
1610612753,Orlando Magic,82,59,23,0.72,0.6,14.3,12.7,12.1,38.7,16.3,11.7,11.2,36.6,1,2,2,2,28,28,23,24,23,16,3,1,1,10,Orlando Magic,2009-10
1610612755,Philadelphia 76ers,82,27,55,0.329,0.6,16.2,13.6,18.9,41.7,16.4,12.7,13.7,42.5,1,24,24,24,16,17,13,2,18,18,7,15,17,10,Philadelphia 76ers,2009-10
1610612756,Phoenix Suns,82,54,28,0.659,0.6,14.7,13.8,16.0,45.4,17.2,16.1,15.3,43.8,1,5,5,5,26,26,10,6,3,25,30,24,21,10,Phoenix Suns,2009-10
1610612757,Portland Trail Blazers,82,50,32,0.61,0.6,16.3,13.9,9.5,36.5,14.1,12.9,11.2,40.9,1,9,9,9,10,14,9,30,30,3,11,2,12,10,Portland Trail Blazers,2009-10
1610612758,Sacramento Kings,82,25,57,0.305,0.6,16.2,14.5,15.0,44.8,16.8,13.8,15.0,45.0,1,28,28,28,5,17,5,12,4,21,22,22,25,10,Sacramento Kings,2009-10
1610612759,San Antonio Spurs,82,50,32,0.61,0.6,14.7,12.9,12.5,43.3,15.7,12.6,14.7,41.0,1,9,9,9,17,27,19,23,11,10,5,21,13,10,San Antonio Spurs,2009-10
1610612761,Toronto Raptors,82,40,42,0.488,0.6,15.5,12.5,14.8,42.3,15.6,13.5,17.2,42.4,1,18,18,18,17,22,24,13,16,9,21,27,16,10,Toronto Raptors,2009-10
1610612762,Utah Jazz,82,53,29,0.646,0.6,18.4,13.2,15.3,48.6,17.1,12.2,15.0,40.0,1,6,6,6,25,2,17,8,2,23,4,23,10,10,Utah Jazz,2009-10
1610612764,Washington Wizards,82,26,56,0.317,0.6,14.9,13.7,10.8,37.8,17.1,13.5,13.8,41.6,1,26,26,26,12,25,12,26,27,24,20,16,14,10,Washington Wizards,2009-10
1610612737,Atlanta Hawks,82,44,38,0.537,0.6,14.2,11.4,14.3,36.9,15.2,12.8,14.1,40.5,1,13,13,13,28,28,29,12,29,8,9,19,13,10,Atlanta Hawks,2010-11
1610612738,Boston Celtics,82,56,26,0.683,0.6,16.2,9.5,12.5,41.5,15.1,12.5,11.2,37.0,1,6,6,6,20,16,30,22,15,6,6,2,3,10,Boston Celtics,2010-11
1610612766,Charlotte Bobcats,82,34,48,0.415,0.6,14.8,12.4,11.9,41.1,16.5,12.8,14.3,39.8,1,22,22,22,18,27,21,23,17,21,11,22,8,10,Charlotte Bobcats,2010-11
1610612741,Chicago Bulls,82,62,20,0.756,0.6,15.9,15.0,13.5,41.9,15.4,11.9,13.0,36.2,1,1,1,1,12,19,3,19,12,12,3,9,2,10,Chicago Bulls,2010-11
1610612739,Cleveland Cavaliers,82,19,63,0.232,0.6,14.1,13.0,14.1,40.4,15.8,13.2,14.2,42.2,1,29,29,29,27,29,16,14,22,16,16,20,21,10,Cleveland Cavaliers,2010-11
1610612742,Dallas Mavericks,82,57,25,0.695,0.6,15.3,11.5,14.8,37.1,15.4,12.6,13.9,42.0,1,4,4,4,29,24,27,10,28,11,7,16,20,10,Dallas Mavericks,2010-11
1610612743,Denver Nuggets,82,50,32,0.61,0.6,16.3,12.7,14.1,44.4,15.6,13.2,12.2,41.2,1,9,9,9,29,15,19,15,6,15,18,6,17,10,Denver Nuggets,2010-11
1610612765,Detroit Pistons,82,30,52,0.366,0.6,16.5,13.9,13.1,40.6,16.3,13.9,15.7,44.0,1,24,24,24,6,10,10,21,19,19,23,25,23,10,Detroit Pistons,2010-11
1610612744,Golden State Warriors,82,36,46,0.439,0.6,19.6,13.1,18.8,42.6,17.6,14.4,19.3,45.5,1,20,20,20,12,1,14,1,10,25,29,30,26,10,Golden State Warriors,2010-11
1610612745,Houston Rockets,82,43,39,0.524,0.6,17.1,14.3,15.0,43.0,15.2,14.3,14.7,45.9,1,14,14,14,6,5,6,9,8,7,27,23,27,10,Houston Rockets,2010-11
1610612754,Indiana Pacers,82,37,45,0.451,0.6,15.4,13.6,13.9,38.5,17.1,12.9,13.3,39.0,1,19,19,19,20,23,11,17,24,24,13,12,7,10,Indiana Pacers,2010-11
1610612746,Los Angeles Clippers,82,32,50,0.39,0.6,16.3,14.0,14.6,45.5,19.1,13.2,14.2,41.0,1,23,23,23,10,14,9,11,2,29,17,20,14,10,Los Angeles Clippers,2010-11
1610612747,Los Angeles Lakers,82,57,25,0.695,0.6,15.2,15.0,11.6,44.5,14.7,13.8,13.7,39.9,1,4,4,4,12,25,4,25,5,2,21,15,9,10,Los Angeles Lakers,2010-11
1610612763,Memphis Grizzlies,82,46,36,0.561,0.6,19.5,14.7,16.6,51.4,15.3,12.7,15.0,40.3,1,11,11,11,6,2,5,4,1,9,8,24,12,10,Memphis Grizzlies,2010-11
1610612748,Miami Heat,82,58,24,0.707,0.6,16.1,11.9,14.2,38.0,15.5,12.8,13.0,38.6,1,3,3,3,20,17,26,13,25,14,9,10,6,10,Miami Heat,2010-11
1610612749,Milwaukee Bucks,82,35,47,0.427,0.6,16.6,12.0,10.0,35.7,14.8,11.9,12.1,37.5,1,21,21,21,12,9,25,30,30,4,4,5,4,10,Milwaukee Bucks,2010-11
1610612750,Minnesota Timberwolves,82,17,65,0.207,0.6,16.3,16.2,11.9,40.6,20.0,14.2,17.1,41.8,1,30,30,30,20,13,1,23,21,30,26,28,19,10,Minnesota Timberwolves,2010-11
1610612751,New Jersey Nets,82,24,58,0.293,0.6,13.4,12.7,11.3,39.0,15.9,13.0,13.3,41.5,1,25,25,25,1,30,18,26,23,17,15,13,18,10,New Jersey Nets,2010-11
1610612740,New Orleans Hornets,82,46,36,0.561,0.6,16.4,12.0,11.2,37.6,14.6,10.5,11.7,38.1,1,11,11,11,12,12,24,27,26,1,1,4,5,10,New Orleans Hornets,2010-11
1610612752,New York Knicks,82,42,40,0.512,0.6,17.8,12.4,13.4,40.9,16.1,14.5,12.7,46.0,1,15,15,15,20,3,20,20,18,18,30,8,28,10,New York Knicks,2010-11
1610612760,Oklahoma City Thunder,82,55,27,0.671,0.6,16.9,13.4,16.2,42.7,15.4,14.4,12.3,44.9,1,7,7,7,1,8,12,6,9,13,28,7,25,10,Oklahoma City Thunder,2010-11
1610612753,Orlando Magic,82,52,30,0.634,0.6,15.1,12.8,11.2,37.2,16.5,11.5,10.7,35.4,1,8,8,8,12,26,17,28,27,20,2,1,1,10,Orlando Magic,2010-11
1610612755,Philadelphia 76ers,82,41,41,0.5,0.6,16.4,12.1,17.6,41.3,14.7,12.2,13.3,41.0,1,16,16,16,4,11,23,3,16,3,5,14,15,10,Philadelphia 76ers,2010-11
1610612756,Phoenix Suns,82,40,42,0.488,0.6,15.9,12.2,13.8,41.8,16.8,14.1,14.0,43.8,1,17,17,17,1,20,22,18,13,23,25,17,22,10,Phoenix Suns,2010-11
1610612757,Portland Trail Blazers,82,48,34,0.585,0.6,17.4,14.1,10.1,40.6,15.0,13.3,11.4,40.2,1,10,10,10,18,4,8,29,20,5,20,3,10,10,Portland Trail Blazers,2010-11
1610612758,Sacramento Kings,82,24,58,0.293,0.6,17.0,15.5,15.3,45.1,18.9,12.8,17.8,46.0,1,25,25,25,10,6,2,7,4,28,12,29,28,10,Sacramento Kings,2010-11
1610612759,San Antonio Spurs,82,61,21,0.744,0.6,15.9,11.4,15.3,42.3,15.3,13.2,14.0,41.2,1,2,2,2,20,21,28,8,11,10,19,18,16,10,San Antonio Spurs,2010-11
1610612761,Toronto Raptors,82,22,60,0.268,0.6,15.8,13.0,18.0,45.1,17.7,13.9,16.7,47.4,1,28,28,28,20,22,15,2,3,26,22,27,30,10,Toronto Raptors,2010-11
1610612762,Utah Jazz,82,39,43,0.476,0.6,15.9,13.3,14.0,43.4,16.6,12.9,13.1,40.3,1,18,18,18,6,18,13,16,7,22,14,11,11,10,Utah Jazz,2010-11
1610612764,Washington Wizards,82,23,59,0.28,0.6,17.0,14.3,16.5,41.6,18.1,14.0,16.6,44.1,1,27,27,27,4,7,7,5,14,27,24,26,24,10,Washington Wizards,2010-11
1610612737,Atlanta Hawks,66,40,26,0.606,0.7,17.1,12.5,15.9,39.8,16.0,12.6,12.0,40.5,1,8,8,8,1,9,22,6,20,11,11,6,15,10,Atlanta Hawks,2011-12
1610612738,Boston Celtics,66,39,27,0.591,0.7,16.3,9.9,12.0,35.0,16.2,13.6,11.5,39.8,1,10,10,10,16,15,30,20,29,13,20,3,11,10,Boston Celtics,2011-12
1610612766,Charlotte Bobcats,66,7,59,0.106,0.7,14.3,11.4,12.7,35.2,17.2,15.4,16.0,48.3,1,30,30,30,26,28,27,17,28,22,30,29,30,10,Charlotte Bobcats,2011-12
1610612741,Chicago Bulls,66,50,16,0.758,0.7,14.8,15.8,13.6,40.0,15.4,11.9,12.1,38.2,1,1,1,1,16,26,1,13,19,7,4,7,6,10,Chicago Bulls,2011-12
1610612739,Cleveland Cavaliers,66,21,45,0.318,0.7,14.5,13.2,10.5,41.9,16.9,14.5,11.7,43.6,1,27,27,27,10,27,16,25,9,21,26,4,25,10,Cleveland Cavaliers,2011-12
1610612742,Dallas Mavericks,66,36,30,0.545,0.7,17.0,10.9,11.9,37.3,15.8,12.3,14.4,38.9,1,13,13,13,3,10,29,21,26,9,7,24,9,10,Dallas Mavericks,2011-12
1610612743,Denver Nuggets,66,38,28,0.576,0.7,18.9,13.4,19.8,53.4,17.3,12.6,12.2,39.5,1,11,11,11,6,3,14,1,1,23,10,9,10,10,Denver Nuggets,2011-12
1610612765,Detroit Pistons,66,25,41,0.379,0.7,15.7,13.5,13.5,41.4,18.4,12.2,14.0,40.1,1,22,22,22,10,21,12,14,12,29,5,20,12,10,Detroit Pistons,2011-12
1610612744,Golden State Warriors,66,23,43,0.348,0.7,16.1,11.0,13.0,38.1,16.2,15.3,14.4,43.1,1,23,23,23,23,16,28,16,24,14,29,23,23,10,Golden State Warriors,2011-12
1610612745,Houston Rockets,66,34,32,0.515,0.7,16.9,13.4,13.6,40.9,16.7,13.3,13.7,44.5,1,17,17,17,3,11,13,12,14,19,17,18,28,10,Houston Rockets,2011-12
1610612754,Indiana Pacers,66,42,24,0.636,0.7,16.4,14.9,13.1,41.2,15.1,13.0,12.5,38.1,1,5,5,5,8,13,4,15,13,3,15,13,5,10,Indiana Pacers,2011-12
1610612746,Los Angeles Clippers,66,40,26,0.606,0.7,17.4,14.4,11.0,39.2,15.1,12.9,12.3,38.6,1,8,8,8,10,8,7,23,21,2,14,10,7,10,Los Angeles Clippers,2011-12
1610612747,Los Angeles Lakers,66,41,25,0.621,0.7,12.4,13.8,9.4,42.5,16.6,12.7,15.1,40.4,1,6,6,6,3,30,9,29,7,17,13,27,14,10,Los Angeles Lakers,2011-12
1610612763,Memphis Grizzlies,66,41,25,0.621,0.7,19.7,14.6,15.7,45.1,16.0,12.5,12.1,40.3,1,6,6,6,16,1,6,7,5,11,9,8,13,10,Memphis Grizzlies,2011-12
1610612748,Miami Heat,66,46,20,0.697,0.7,19.7,12.5,13.7,42.5,16.6,13.1,11.9,36.6,1,4,4,4,6,2,21,11,8,17,16,5,2,10,Miami Heat,2011-12
1610612749,Milwaukee Bucks,66,31,35,0.47,0.7,18.2,14.4,14.0,41.6,16.5,13.8,13.4,41.4,1,19,19,19,28,5,8,9,11,16,22,17,19,10,Milwaukee Bucks,2011-12
1610612750,Minnesota Timberwolves,66,26,40,0.394,0.7,14.1,14.7,10.3,40.8,18.4,14.0,15.8,44.1,1,21,21,21,16,29,5,26,15,30,23,28,26,10,Minnesota Timberwolves,2011-12
1610612751,New Jersey Nets,66,22,44,0.333,0.7,16.0,12.9,11.1,33.5,17.7,13.6,14.8,44.2,1,25,25,25,26,18,18,22,30,25,20,26,27,10,New Jersey Nets,2011-12
1610612740,New Orleans Hornets,66,21,45,0.318,0.7,15.3,12.3,9.0,40.2,17.7,13.3,12.9,40.9,1,27,27,27,16,22,24,30,18,24,17,16,18,10,New Orleans Hornets,2011-12
1610612752,New York Knicks,66,36,30,0.545,0.7,18.8,13.5,12.3,40.5,17.8,12.6,12.4,38.9,1,13,13,13,16,4,11,19,16,26,11,12,8,10,New York Knicks,2011-12
1610612760,Oklahoma City Thunder,66,47,19,0.712,0.7,16.1,13.2,16.1,41.9,16.7,14.7,12.3,42.4,1,3,3,3,8,17,17,5,10,20,28,11,22,10,Oklahoma City Thunder,2011-12
1610612753,Orlando Magic,66,37,29,0.561,0.7,15.0,12.8,9.8,37.4,16.2,11.8,10.9,37.4,1,12,12,12,10,25,19,27,25,15,3,2,3,10,Orlando Magic,2011-12
1610612755,Philadelphia 76ers,66,35,31,0.53,0.7,16.3,12.4,15.4,38.9,11.6,11.7,10.2,36.4,1,16,16,16,23,14,23,8,23,1,2,1,1,10,Philadelphia 76ers,2011-12
1610612756,Phoenix Suns,66,33,33,0.5,0.7,15.0,12.2,12.7,40.4,15.2,14.2,12.6,43.4,1,18,18,18,30,23,25,18,17,4,24,15,24,10,Phoenix Suns,2011-12
1610612757,Portland Trail Blazers,66,28,38,0.424,0.7,16.0,13.7,10.9,38.9,16.0,13.4,14.3,42.2,1,20,20,20,10,20,10,24,22,10,19,21,20,10,Portland Trail Blazers,2011-12
1610612758,Sacramento Kings,66,22,44,0.333,0.7,17.9,14.9,18.7,48.5,17.8,14.4,17.1,48.2,1,25,25,25,23,6,3,2,3,26,25,30,29,10,Sacramento Kings,2011-12
1610612759,San Antonio Spurs,66,50,16,0.758,0.7,16.0,12.6,13.7,45.2,15.2,11.1,14.0,40.5,1,1,1,1,16,19,20,10,4,4,1,19,15,10,San Antonio Spurs,2011-12
1610612761,Toronto Raptors,66,23,43,0.348,0.7,15.0,12.2,9.7,37.0,15.4,12.4,12.5,37.6,1,23,23,23,10,23,26,28,27,7,8,14,4,10,Toronto Raptors,2011-12
1610612762,Utah Jazz,66,36,30,0.545,0.7,16.7,15.5,16.9,49.8,15.3,12.2,14.4,42.3,1,13,13,13,1,12,2,4,2,6,6,22,21,10,Utah Jazz,2011-12
1610612764,Washington Wizards,66,20,46,0.303,0.7,17.5,13.3,17.9,43.0,18.2,14.5,14.5,40.7,1,29,29,29,28,7,15,3,6,28,27,25,17,10,Washington Wizards,2011-12
1610612737,Atlanta Hawks,82,44,38,0.537,0.6,17.0,10.7,17.7,41.2,16.7,13.2,12.0,41.0,1,14,14,14,8,12,26,3,16,14,16,4,13,10,Atlanta Hawks,2012-13
1610612738,Boston Celtics,81,41,40,0.506,0.6,16.7,9.9,13.3,38.0,16.9,14.3,12.1,42.7,29,16,16,16,1,15,30,16,27,19,27,7,20,10,Boston Celtics,2012-13
1610612751,Brooklyn Nets,82,49,33,0.598,0.6,15.8,14.2,9.0,41.4,16.9,12.4,13.9,43.4,1,8,9,9,11,20,11,29,15,20,4,21,24,10,Brooklyn Nets,2012-13
1610612766,Charlotte Bobcats,82,21,61,0.256,0.6,14.4,13.4,15.7,38.6,17.0,14.0,13.8,43.9,1,29,29,29,17,28,17,7,24,21,25,20,25,10,Charlotte Bobcats,2012-13
1610612741,Chicago Bulls,82,45,37,0.549,0.6,15.0,14.9,10.2,39.8,15.4,12.7,13.1,39.3,1,11,11,11,13,26,3,23,21,4,9,14,5,10,Chicago Bulls,2012-13
1610612739,Cleveland Cavaliers,82,24,58,0.293,0.6,16.9,14.9,10.2,39.8,16.2,13.7,13.1,42.5,1,28,28,28,30,13,4,24,22,9,22,14,18,10,Cleveland Cavaliers,2012-13
1610612742,Dallas Mavericks,82,41,41,0.5,0.6,16.1,10.7,16.2,40.5,17.1,13.6,14.0,41.1,1,16,17,17,2,18,27,6,18,22,21,22,14,10,Dallas Mavericks,2012-13
1610612743,Denver Nuggets,82,57,25,0.695,0.6,19.9,15.8,20.1,58.0,17.3,14.9,12.2,40.7,1,4,4,4,4,1,1,1,1,25,30,8,11,10,Denver Nuggets,2012-13
1610612765,Detroit Pistons,82,29,53,0.354,0.6,15.4,14.0,13.9,46.5,17.8,13.5,13.5,42.9,1,23,23,23,17,23,13,12,2,28,18,18,22,10,Detroit Pistons,2012-13
1610612744,Golden State Warriors,82,47,35,0.573,0.6,13.9,12.0,14.7,38.3,17.3,13.9,13.8,40.4,1,10,10,10,17,30,24,9,26,24,24,19,10,10,Golden State Warriors,2012-13
1610612745,Houston Rockets,82,45,37,0.549,0.6,18.0,13.0,18.6,46.2,18.4,12.6,14.2,41.9,1,11,11,11,22,6,22,2,3,29,7,25,15,10,Houston Rockets,2012-13
1610612754,Indiana Pacers,81,49,32,0.605,0.6,15.2,14.5,11.8,39.9,16.0,13.0,10.1,35.5,29,8,8,8,12,24,7,21,20,8,13,1,1,10,Indiana Pacers,2012-13
1610612746,Los Angeles Clippers,82,56,26,0.683,0.6,19.6,14.3,15.7,44.9,16.0,13.0,12.3,37.2,1,5,5,5,27,2,10,8,5,7,14,9,2,10,Los Angeles Clippers,2012-13
1610612747,Los Angeles Lakers,82,45,37,0.549,0.6,15.5,13.8,10.2,42.0,16.7,13.8,15.9,44.1,1,11,11,11,25,22,15,22,13,12,23,29,26,10,Los Angeles Lakers,2012-13
1610612763,Memphis Grizzlies,82,56,26,0.683,0.6,17.4,14.3,12.6,43.0,14.9,11.9,12.4,38.0,1,5,5,5,17,10,9,18,8,3,1,10,3,10,Memphis Grizzlies,2012-13
1610612748,Miami Heat,82,66,16,0.805,0.6,18.6,10.4,11.9,41.5,15.7,14.7,11.9,39.9,1,1,1,1,7,3,28,20,14,6,29,3,7,10,Miami Heat,2012-13
1610612749,Milwaukee Bucks,82,38,44,0.463,0.6,17.9,14.6,13.4,42.8,16.8,14.6,15.1,46.2,1,18,18,18,16,7,6,15,10,16,28,28,29,10,Milwaukee Bucks,2012-13
1610612750,Minnesota Timberwolves,82,31,51,0.378,0.6,18.1,14.3,12.4,41.0,16.5,12.7,14.0,42.3,1,22,22,22,27,5,8,19,17,11,10,23,16,10,Minnesota Timberwolves,2012-13
1610612740,New Orleans Hornets,82,27,55,0.329,0.6,14.8,15.0,9.7,42.4,17.3,12.8,13.2,43.2,1,26,26,26,22,27,2,28,12,26,12,16,23,10,New Orleans Hornets,2012-13
1610612752,New York Knicks,82,54,28,0.659,0.6,17.8,13.2,8.8,33.7,13.5,12.4,12.1,39.7,1,7,7,7,27,8,19,30,30,1,3,6,6,10,New York Knicks,2012-13
1610612760,Oklahoma City Thunder,82,60,22,0.732,0.6,18.1,12.5,16.7,42.6,16.7,13.6,12.5,40.7,1,2,2,2,13,4,23,5,11,13,20,12,12,10,Oklahoma City Thunder,2012-13
1610612753,Orlando Magic,82,20,62,0.244,0.6,14.0,13.2,9.9,43.7,16.8,12.7,12.6,42.8,1,30,30,30,22,29,20,25,7,15,11,13,21,10,Orlando Magic,2012-13
1610612755,Philadelphia 76ers,82,34,48,0.415,0.6,16.3,13.1,12.8,38.9,14.5,12.2,12.5,40.2,1,19,19,19,25,17,21,17,23,2,2,11,9,10,Philadelphia 76ers,2012-13
1610612756,Phoenix Suns,82,25,57,0.305,0.6,16.1,13.3,13.5,40.4,18.6,13.5,14.9,45.6,1,27,27,27,17,19,18,14,19,30,18,27,28,10,Phoenix Suns,2012-13
1610612757,Portland Trail Blazers,82,33,49,0.402,0.6,15.1,14.1,9.9,37.4,17.2,13.4,14.6,47.4,1,21,21,21,10,25,12,26,28,23,17,26,30,10,Portland Trail Blazers,2012-13
1610612758,Sacramento Kings,82,28,54,0.341,0.6,16.3,13.8,16.8,45.7,17.6,14.2,16.7,45.2,1,25,25,25,13,16,14,4,4,27,26,30,27,10,Sacramento Kings,2012-13
1610612759,San Antonio Spurs,82,58,24,0.707,0.6,17.4,10.1,13.7,44.6,16.4,12.5,14.2,40.0,1,3,3,3,5,11,29,13,6,10,6,24,8,10,San Antonio Spurs,2012-13
1610612761,Toronto Raptors,82,34,48,0.415,0.6,16.9,13.5,9.9,38.5,15.5,13.2,11.9,42.5,1,19,19,19,2,14,16,26,25,5,15,2,17,10,Toronto Raptors,2012-13
1610612762,Utah Jazz,82,43,39,0.524,0.6,17.4,14.7,14.2,42.9,16.9,12.5,13.4,42.6,1,15,15,15,5,9,5,10,9,18,5,17,19,10,Utah Jazz,2012-13
1610612764,Washington Wizards,82,29,53,0.354,0.6,15.6,11.9,14.2,36.6,16.8,12.6,12.0,38.1,1,23,23,23,8,21,25,11,29,17,8,5,4,10,Washington Wizards,2012-13
1610612737,Atlanta Hawks,82,38,44,0.463,0.6,17.4,11.4,13.9,41.0,17.3,13.2,12.4,42.5,1,18,18,18,15,10,27,12,19,22,18,9,16,10,Atlanta Hawks,2013-14
1610612738,Boston Celtics,82,25,57,0.305,0.6,15.9,13.9,12.1,37.8,16.5,13.8,13.3,44.8,1,26,26,26,29,22,9,20,27,12,22,18,24,10,Boston Celtics,2013-14
1610612751,Brooklyn Nets,82,44,38,0.537,0.6,18.6,10.2,9.3,38.4,16.6,12.8,13.0,41.1,1,14,14,14,7,4,29,29,24,13,11,14,11,10,Brooklyn Nets,2013-14
1610612766,Charlotte Bobcats,82,43,39,0.524,0.6,14.3,12.0,10.2,40.4,14.0,12.6,10.2,38.8,1,16,16,16,6,28,24,25,21,1,7,1,4,10,Charlotte Bobcats,2013-14
1610612741,Chicago Bulls,82,48,34,0.585,0.6,15.4,14.1,9.8,37.2,15.6,11.7,12.4,37.0,1,11,11,11,4,24,7,26,29,7,2,9,2,10,Chicago Bulls,2013-14
1610612739,Cleveland Cavaliers,82,33,49,0.402,0.6,15.0,13.1,10.7,39.3,16.6,12.6,12.1,38.9,1,22,22,22,4,25,17,23,22,13,8,7,5,10,Cleveland Cavaliers,2013-14
1610612742,Dallas Mavericks,82,49,33,0.598,0.6,17.1,12.0,12.2,41.9,16.2,13.5,15.6,43.6,1,10,10,10,15,11,26,19,15,10,21,27,18,10,Dallas Mavericks,2013-14
1610612743,Denver Nuggets,82,36,46,0.439,0.6,16.5,14.5,15.7,46.3,17.6,14.1,13.5,45.3,1,20,20,20,28,16,6,9,6,26,25,20,25,10,Denver Nuggets,2013-14
1610612765,Detroit Pistons,82,29,53,0.354,0.6,18.1,16.1,16.9,51.9,16.9,14.0,14.1,44.3,1,23,23,23,22,7,2,5,1,18,24,23,22,10,Detroit Pistons,2013-14
1610612744,Golden State Warriors,82,51,31,0.622,0.6,17.0,12.5,15.1,43.5,17.0,13.0,13.3,40.7,1,8,8,8,15,12,20,11,11,20,16,16,9,10,Golden State Warriors,2013-14
1610612745,Houston Rockets,82,54,28,0.659,0.6,16.2,13.7,18.5,50.9,18.0,14.6,13.8,44.0,1,5,5,5,15,19,11,3,2,28,29,22,20,10,Houston Rockets,2013-14
1610612754,Indiana Pacers,82,56,26,0.683,0.6,15.5,12.5,9.6,38.4,15.4,11.7,11.7,35.7,1,4,4,4,22,23,21,28,25,3,3,3,1,10,Indiana Pacers,2013-14
1610612746,Los Angeles Clippers,82,57,25,0.695,0.6,19.5,13.4,18.6,42.0,15.6,14.2,11.1,44.6,1,3,3,3,25,1,14,2,14,5,27,2,23,10,Los Angeles Clippers,2013-14
1610612747,Los Angeles Lakers,82,27,55,0.329,0.6,15.9,10.9,15.2,41.0,18.3,15.8,16.7,49.2,1,25,25,25,30,21,28,10,19,29,30,30,30,10,Los Angeles Lakers,2013-14
1610612763,Memphis Grizzlies,82,50,32,0.61,0.6,16.2,13.6,10.6,47.6,15.6,11.5,13.4,38.6,1,9,9,9,20,18,12,24,4,6,1,19,3,10,Memphis Grizzlies,2013-14
1610612748,Miami Heat,82,54,28,0.659,0.6,19.3,9.7,13.2,45.2,17.4,13.3,12.0,41.1,1,5,5,5,7,2,30,15,9,24,20,5,10,10,Miami Heat,2013-14
1610612749,Milwaukee Bucks,82,15,67,0.183,0.6,16.2,13.0,12.7,41.1,17.8,13.2,12.9,42.4,1,30,30,30,7,19,18,17,18,27,19,13,15,10,Milwaukee Bucks,2013-14
1610612750,Minnesota Timberwolves,82,40,42,0.488,0.6,18.8,15.3,16.0,47.3,15.9,12.9,16.3,46.1,1,17,17,17,10,3,3,7,5,8,13,28,29,10,Minnesota Timberwolves,2013-14
1610612740,New Orleans Pelicans,82,34,48,0.415,0.6,16.8,14.0,13.3,45.5,16.1,12.9,13.5,43.8,1,21,21,21,10,14,8,13,8,9,13,21,19,10,New Orleans Pelicans,2013-14
1610612752,New York Knicks,82,37,45,0.451,0.6,16.7,13.1,9.0,33.5,15.0,12.7,11.7,39.5,1,19,19,19,10,15,16,30,30,2,9,4,6,10,New York Knicks,2013-14
1610612760,Oklahoma City Thunder,82,59,23,0.72,0.6,17.7,13.5,16.2,42.1,17.3,12.3,12.8,39.7,1,2,2,2,20,9,13,6,12,23,5,12,7,10,Oklahoma City Thunder,2013-14
1610612753,Orlando Magic,82,23,59,0.28,0.6,14.8,12.0,11.3,38.1,16.7,13.0,13.2,39.9,1,28,28,28,2,27,23,21,26,15,15,15,8,10,Orlando Magic,2013-14
1610612755,Philadelphia 76ers,82,19,63,0.232,0.6,18.6,13.9,17.4,49.5,19.2,14.1,16.6,44.2,1,29,29,29,14,5,10,4,3,30,26,29,21,10,Philadelphia 76ers,2013-14
1610612756,Phoenix Suns,82,48,34,0.585,0.6,17.7,12.9,18.7,42.1,16.9,14.3,14.1,45.5,1,11,11,11,25,8,19,1,12,18,28,24,26,10,Phoenix Suns,2013-14
1610612757,Portland Trail Blazers,82,54,28,0.659,0.6,13.9,16.1,10.9,37.7,15.6,14.0,13.3,45.6,1,5,5,5,10,29,1,22,28,4,23,17,27,10,Portland Trail Blazers,2013-14
1610612758,Sacramento Kings,82,28,54,0.341,0.6,15.0,15.2,13.1,44.0,17.1,11.9,15.3,41.9,1,24,24,24,15,25,4,16,10,21,4,25,12,10,Sacramento Kings,2013-14
1610612759,San Antonio Spurs,82,62,20,0.756,0.6,16.5,12.0,13.2,45.9,16.3,12.7,12.8,42.2,1,1,1,1,25,17,25,14,7,11,10,11,14,10,San Antonio Spurs,2013-14
1610612761,Toronto Raptors,82,48,34,0.585,0.6,16.8,14.7,9.6,38.9,16.8,13.1,12.1,42.9,1,11,11,11,2,13,5,27,23,17,17,6,17,10,Toronto Raptors,2013-14
1610612762,Utah Jazz,82,25,57,0.305,0.6,13.7,13.4,12.3,41.5,17.4,12.3,15.6,45.8,1,26,26,26,22,30,15,18,16,25,6,26,28,10,Utah Jazz,2013-14
1610612764,Washington Wizards,82,44,38,0.537,0.6,18.2,12.3,15.7,41.3,16.8,12.9,12.3,41.9,1,14,14,14,1,6,22,8,17,16,12,8,13,10,Washington Wizards,2013-14
1610612737,Atlanta Hawks,82,60,22,0.732,0.6,18.3,11.0,13.3,41.4,15.7,14.2,11.2,39.4,1,2,2,2,26,5,30,14,19,13,26,4,6,10,Atlanta Hawks,2014-15
1610612738,Boston Celtics,82,40,42,0.488,0.6,17.3,14.0,13.9,41.8,16.2,13.5,10.9,44.6,1,16,16,16,8,8,9,12,16,16,17,2,26,10,Boston Celtics,2014-15
1610612751,Brooklyn Nets,82,38,44,0.463,0.6,14.3,12.3,9.4,45.1,15.6,14.0,13.8,43.6,1,18,18,18,3,25,24,28,5,12,24,21,22,10,Brooklyn Nets,2014-15
1610612766,Charlotte Hornets,82,33,49,0.402,0.6,13.4,12.4,9.2,36.5,12.8,12.6,11.0,38.5,1,22,22,22,6,30,23,29,29,1,9,3,3,10,Charlotte Hornets,2014-15
1610612741,Chicago Bulls,82,50,32,0.61,0.6,13.7,13.9,11.0,41.0,15.3,13.2,13.0,40.8,1,9,9,9,8,29,10,22,21,10,14,15,9,10,Chicago Bulls,2014-15
1610612739,Cleveland Cavaliers,82,53,29,0.646,0.6,16.0,12.7,11.3,41.0,16.2,12.4,11.8,42.7,1,7,7,7,23,15,18,20,22,17,5,8,17,10,Cleveland Cavaliers,2014-15
1610612742,Dallas Mavericks,82,50,32,0.61,0.6,19.3,13.1,16.0,42.7,15.2,14.0,15.9,40.9,1,9,9,9,8,2,16,5,15,8,23,29,10,10,Dallas Mavericks,2014-15
1610612743,Denver Nuggets,82,30,52,0.366,0.6,16.9,14.5,15.0,44.9,16.4,14.1,13.2,42.9,1,24,24,24,8,10,4,8,9,19,25,17,19,10,Denver Nuggets,2014-15
1610612765,Detroit Pistons,82,32,50,0.39,0.6,15.9,14.9,13.4,44.8,15.8,13.5,11.3,43.0,1,23,23,23,18,17,3,13,11,14,18,5,20,10,Detroit Pistons,2014-15
1610612744,Golden State Warriors,82,67,15,0.817,0.6,19.7,12.5,20.9,45.3,15.2,14.2,13.9,41.6,1,1,1,1,26,1,20,1,2,9,28,22,14,10,Golden State Warriors,2014-15
1610612745,Houston Rockets,82,56,26,0.683,0.6,18.9,13.6,18.7,45.3,18.3,14.0,15.3,44.1,1,3,3,3,20,4,13,2,2,28,22,28,25,10,Houston Rockets,2014-15
1610612754,Indiana Pacers,82,38,44,0.463,0.6,14.2,13.4,9.5,37.1,15.5,11.8,13.0,38.3,1,18,18,18,13,26,15,27,28,11,3,16,2,10,Indiana Pacers,2014-15
1610612746,Los Angeles Clippers,82,56,26,0.683,0.6,15.7,12.5,14.2,37.4,14.9,12.8,12.3,38.8,1,3,3,3,26,18,20,11,27,4,11,10,4,10,Los Angeles Clippers,2014-15
1610612747,Los Angeles Lakers,82,21,61,0.256,0.6,14.5,14.3,12.2,40.0,15.9,12.5,15.1,45.1,1,27,27,27,3,24,5,16,24,15,6,26,27,10,Los Angeles Lakers,2014-15
1610612763,Memphis Grizzlies,82,55,27,0.671,0.6,16.9,12.9,11.7,47.1,14.1,11.6,13.4,39.0,1,5,5,5,6,11,17,19,1,2,1,19,5,10,Memphis Grizzlies,2014-15
1610612748,Miami Heat,82,37,45,0.451,0.6,16.0,12.1,9.8,39.6,16.9,13.3,11.4,41.0,1,21,21,21,26,16,27,26,25,22,15,6,11,10,Miami Heat,2014-15
1610612749,Milwaukee Bucks,82,41,41,0.5,0.6,19.2,12.0,15.1,42.8,16.8,13.3,10.7,39.8,1,15,15,15,3,3,28,7,13,21,16,1,8,10,Milwaukee Bucks,2014-15
1610612750,Minnesota Timberwolves,82,16,66,0.195,0.6,17.4,14.1,12.9,41.3,17.4,14.9,14.3,48.0,1,30,30,30,20,7,8,15,20,26,30,24,30,10,Minnesota Timberwolves,2014-15
1610612740,New Orleans Pelicans,82,45,37,0.549,0.6,13.9,13.6,10.7,45.0,14.8,12.9,13.7,46.5,1,13,13,13,23,28,12,24,8,3,13,20,29,10,New Orleans Pelicans,2014-15
1610612752,New York Knicks,82,17,65,0.207,0.6,14.6,12.4,8.4,33.4,17.1,12.5,12.3,41.1,1,29,29,29,13,23,22,30,30,24,7,9,13,10,New York Knicks,2014-15
1610612760,Oklahoma City Thunder,82,45,37,0.549,0.6,15.4,15.2,17.0,44.9,16.5,12.8,12.5,42.8,1,13,13,13,18,19,1,4,9,20,12,13,18,10,Oklahoma City Thunder,2014-15
1610612753,Orlando Magic,82,25,57,0.305,0.6,16.4,12.2,11.3,45.1,16.9,11.7,12.3,41.0,1,26,26,26,25,12,25,21,4,23,2,11,12,10,Orlando Magic,2014-15
1610612755,Philadelphia 76ers,82,18,64,0.22,0.6,17.2,13.8,14.8,40.8,20.6,14.0,14.6,41.7,1,28,28,28,20,9,11,10,23,30,21,25,15,10,Philadelphia 76ers,2014-15
1610612756,Phoenix Suns,82,39,43,0.476,0.6,17.7,12.6,18.2,42.8,17.2,14.4,15.2,45.3,1,17,17,17,8,6,19,3,14,25,29,27,28,10,Phoenix Suns,2014-15
1610612757,Portland Trail Blazers,82,51,31,0.622,0.6,14.1,13.4,10.1,37.9,15.1,13.8,13.3,43.1,1,8,8,8,13,27,14,25,26,7,20,18,21,10,Portland Trail Blazers,2014-15
1610612758,Sacramento Kings,82,29,53,0.354,0.6,15.3,14.1,14.9,45.1,18.6,13.6,16.8,43.9,1,25,25,25,13,20,6,9,5,29,19,30,24,10,Sacramento Kings,2014-15
1610612759,San Antonio Spurs,82,55,27,0.671,0.6,16.1,12.1,11.0,45.0,15.1,11.9,14.1,42.5,1,5,5,5,1,14,26,23,7,6,4,23,16,10,San Antonio Spurs,2014-15
1610612761,Toronto Raptors,82,49,33,0.598,0.6,16.3,14.1,11.9,43.0,15.0,14.2,12.4,43.7,1,11,11,11,13,13,6,18,12,5,27,12,23,10,Toronto Raptors,2014-15
1610612762,Utah Jazz,82,38,44,0.463,0.6,15.2,15.1,12.2,41.6,17.4,12.5,12.6,39.5,1,18,18,18,30,22,2,17,17,27,8,14,7,10,Utah Jazz,2014-15
1610612764,Washington Wizards,82,46,36,0.561,0.6,15.2,12.0,15.5,41.5,16.3,12.6,11.7,38.3,1,12,12,12,1,21,28,6,18,18,10,7,1,10,Washington Wizards,2014-15
1610612737,Atlanta Hawks,82,48,34,0.585,0.6,18.5,10.7,14.8,43.4,16.0,13.1,11.9,40.9,1,7,7,7,11,4,27,7,15,14,18,9,8,10,Atlanta Hawks,2015-16
1610612738,Boston Celtics,82,48,34,0.585,0.6,18.8,14.3,16.3,45.9,14.8,14.2,10.8,43.0,1,7,7,7,23,3,3,6,6,6,26,3,14,10,Boston Celtics,2015-16
1610612751,Brooklyn Nets,82,21,61,0.256,0.6,15.0,12.6,11.5,46.2,18.3,12.1,14.5,47.9,1,28,28,28,26,24,19,20,5,26,11,24,30,10,Brooklyn Nets,2015-16
1610612766,Charlotte Hornets,82,48,34,0.585,0.6,15.9,11.4,11.1,37.6,14.1,11.4,12.4,40.0,1,7,7,7,9,19,26,23,29,2,5,13,3,10,Charlotte Hornets,2015-16
1610612741,Chicago Bulls,82,42,40,0.512,0.6,13.3,13.6,10.2,41.0,16.0,14.3,13.8,44.4,1,14,14,14,3,29,7,28,22,16,27,21,23,10,Chicago Bulls,2015-16
1610612739,Cleveland Cavaliers,82,57,25,0.695,0.6,16.3,13.2,11.8,41.0,15.6,11.2,11.2,40.8,1,3,3,3,9,16,10,19,22,11,3,6,6,10,Cleveland Cavaliers,2015-16
1610612742,Dallas Mavericks,82,42,40,0.512,0.6,16.0,10.6,11.2,38.0,14.8,13.4,16.0,40.9,1,14,14,14,1,18,28,21,27,7,20,27,7,10,Dallas Mavericks,2015-16
1610612743,Denver Nuggets,82,33,49,0.402,0.6,15.7,13.3,14.2,45.9,16.8,12.1,13.0,43.1,1,21,21,21,11,20,9,9,7,22,12,17,15,10,Denver Nuggets,2015-16
1610612765,Detroit Pistons,82,44,38,0.537,0.6,15.4,14.9,11.1,43.5,14.6,10.7,10.4,44.4,1,12,12,12,5,22,2,23,14,5,2,1,22,10,Detroit Pistons,2015-16
1610612744,Golden State Warriors,82,73,9,0.89,0.6,17.1,12.2,20.9,44.6,16.6,13.8,14.5,45.1,1,1,1,1,5,10,21,1,9,21,22,23,25,10,Golden State Warriors,2015-16
1610612745,Houston Rockets,82,41,41,0.5,0.6,18.9,13.9,18.1,45.7,19.5,14.7,14.4,44.6,1,17,17,17,11,2,6,3,8,28,29,22,24,10,Houston Rockets,2015-16
1610612754,Indiana Pacers,82,45,37,0.549,0.6,18.9,12.9,13.4,40.9,16.3,13.0,12.2,41.6,1,11,11,11,5,1,16,12,24,18,17,11,12,10,Indiana Pacers,2015-16
1610612746,LA Clippers,82,53,29,0.646,0.6,16.9,10.6,12.9,37.7,14.5,13.8,12.4,41.3,1,6,6,6,11,11,29,13,28,4,23,12,11,10,LA Clippers,2015-16
1610612747,Los Angeles Lakers,82,17,65,0.207,0.6,13.6,13.0,12.2,38.1,16.5,14.3,17.0,47.8,1,29,29,29,28,28,14,18,26,20,28,29,29,10,Los Angeles Lakers,2015-16
1610612763,Memphis Grizzlies,82,42,40,0.512,0.6,17.9,12.9,12.6,44.0,15.1,11.8,14.6,38.5,1,14,14,14,11,6,15,14,11,9,10,25,1,10,Memphis Grizzlies,2015-16
1610612748,Miami Heat,82,48,34,0.585,0.6,14.8,12.7,11.1,46.4,15.6,13.0,10.7,42.0,1,7,7,7,11,26,17,22,4,11,16,2,13,10,Miami Heat,2015-16
1610612749,Milwaukee Bucks,82,33,49,0.402,0.6,18.5,12.1,13.8,50.6,17.7,14.1,13.0,44.0,1,21,21,21,11,5,22,10,1,24,25,16,21,10,Milwaukee Bucks,2015-16
1610612750,Minnesota Timberwolves,82,29,53,0.354,0.6,16.4,13.0,13.6,44.1,17.8,13.2,13.4,46.1,1,26,26,26,5,15,12,11,10,25,19,20,28,10,Minnesota Timberwolves,2015-16
1610612740,New Orleans Pelicans,82,30,52,0.366,0.6,15.0,11.5,12.4,41.4,15.0,11.3,11.7,43.2,1,25,25,25,23,25,25,15,20,8,4,8,17,10,New Orleans Pelicans,2015-16
1610612752,New York Knicks,82,32,50,0.39,0.6,11.8,13.2,8.4,35.8,15.4,12.7,12.8,43.1,1,24,24,24,19,30,11,30,30,10,15,15,16,10,New York Knicks,2015-16
1610612760,Oklahoma City Thunder,82,55,27,0.671,0.6,15.1,15.8,17.3,47.7,17.6,13.9,13.2,45.2,1,5,5,5,11,23,1,4,3,23,24,19,26,10,Oklahoma City Thunder,2015-16
1610612753,Orlando Magic,82,35,47,0.427,0.6,17.8,12.6,12.3,43.6,16.0,11.4,13.2,43.5,1,20,20,20,3,7,18,16,12,16,6,18,18,10,Orlando Magic,2015-16
1610612755,Philadelphia 76ers,82,10,72,0.122,0.6,16.6,11.7,12.2,43.2,20.0,14.7,16.7,45.6,1,30,30,30,19,13,24,17,16,29,30,28,27,10,Philadelphia 76ers,2015-16
1610612756,Phoenix Suns,82,23,59,0.28,0.6,16.5,14.0,14.4,41.4,20.2,12.6,17.3,43.8,1,27,27,27,29,14,5,8,21,30,14,30,20,10,Phoenix Suns,2015-16
1610612757,Portland Trail Blazers,82,44,38,0.537,0.6,14.8,14.1,10.7,39.1,16.3,12.4,11.1,40.9,1,12,12,12,19,27,4,26,25,19,13,5,8,10,Portland Trail Blazers,2015-16
1610612758,Sacramento Kings,82,33,49,0.402,0.6,17.5,13.0,17.3,49.5,18.6,13.6,15.0,43.6,1,21,21,21,19,8,13,5,2,27,21,26,19,10,Sacramento Kings,2015-16
1610612759,San Antonio Spurs,82,67,15,0.817,0.6,16.1,11.8,10.4,43.6,13.5,10.7,12.1,40.1,1,2,2,2,29,17,23,27,13,1,1,10,4,10,San Antonio Spurs,2015-16
1610612761,Toronto Raptors,82,56,26,0.683,0.6,16.7,12.3,11.0,42.1,14.2,11.6,11.0,40.1,1,4,4,4,23,12,20,25,18,3,8,4,4,10,Toronto Raptors,2015-16
1610612762,Utah Jazz,82,40,42,0.488,0.6,15.6,13.5,9.3,41.8,16.0,11.5,11.7,39.6,1,19,19,19,2,21,8,29,19,15,7,7,2,10,Utah Jazz,2015-16
1610612764,Washington Wizards,82,41,41,0.5,0.6,17.5,10.6,18.6,42.4,15.7,11.7,12.7,41.2,1,17,17,17,26,9,29,2,17,13,9,14,10,10,Washington Wizards,2015-16
1610612737,Atlanta Hawks,82,43,39,0.524,0.6,16.3,13.5,12.1,42.7,17.4,13.2,12.8,39.1,1,11,11,11,4,13,12,19,19,23,18,12,2,10,Atlanta Hawks,2016-17
1610612738,Boston Celtics,82,53,29,0.646,0.6,16.4,11.2,12.4,41.8,15.2,13.9,12.2,43.2,1,4,4,4,25,12,25,17,23,9,27,9,13,10,Boston Celtics,2016-17
1610612751,Brooklyn Nets,82,20,62,0.244,0.6,15.0,11.5,14.0,45.9,19.1,14.3,14.0,45.0,1,30,30,30,25,21,21,10,8,30,29,21,20,10,Brooklyn Nets,2016-17
1610612766,Charlotte Hornets,82,36,46,0.439,0.6,14.9,11.8,9.4,39.9,13.1,11.4,12.9,40.5,1,20,20,20,10,23,20,28,27,2,3,13,5,10,Charlotte Hornets,2016-17
1610612741,Chicago Bulls,82,41,41,0.5,0.6,15.6,15.1,13.8,43.3,15.5,11.9,13.7,45.2,1,15,15,15,18,19,1,12,15,11,6,18,22,10,Chicago Bulls,2016-17
1610612739,Cleveland Cavaliers,82,51,31,0.622,0.6,14.6,11.5,12.9,39.5,16.6,13.7,13.3,44.5,1,5,5,5,4,27,22,15,29,19,24,15,19,10,Cleveland Cavaliers,2016-17
1610612742,Dallas Mavericks,82,33,49,0.402,0.6,15.7,9.9,7.8,32.8,14.0,11.6,13.6,39.5,1,22,22,22,18,17,30,30,30,4,5,17,3,10,Dallas Mavericks,2016-17
1610612743,Denver Nuggets,82,40,42,0.488,0.6,14.0,15.1,14.2,49.8,18.0,12.3,14.3,47.4,1,18,18,18,25,30,2,8,2,26,8,24,27,10,Denver Nuggets,2016-17
1610612765,Detroit Pistons,82,37,45,0.451,0.6,14.9,13.7,12.0,43.1,12.7,10.1,10.7,41.2,1,19,19,19,13,23,8,21,16,1,1,4,9,10,Detroit Pistons,2016-17
1610612744,Golden State Warriors,82,67,15,0.817,0.6,19.3,12.6,22.6,46.6,16.7,14.0,14.4,45.4,1,1,1,1,18,1,18,1,7,20,28,25,23,10,Golden State Warriors,2016-17
1610612745,Houston Rockets,82,55,27,0.671,0.6,18.7,14.3,16.7,46.7,17.5,13.8,14.3,49.0,1,3,3,3,18,2,7,4,6,25,26,22,30,10,Houston Rockets,2016-17
1610612754,Indiana Pacers,82,42,40,0.512,0.6,16.6,11.4,10.6,41.9,16.2,12.9,10.6,39.7,1,13,13,13,7,11,23,26,22,15,16,3,4,10,Indiana Pacers,2016-17
1610612746,LA Clippers,82,51,31,0.622,0.6,15.3,11.3,13.9,39.9,15.2,12.7,14.3,42.7,1,5,5,5,25,20,24,11,26,10,14,23,11,10,LA Clippers,2016-17
1610612747,Los Angeles Lakers,82,26,56,0.317,0.6,17.4,13.5,15.2,47.7,18.0,13.3,16.2,47.4,1,28,28,28,30,5,10,6,4,27,19,30,28,10,Los Angeles Lakers,2016-17
1610612763,Memphis Grizzlies,82,43,39,0.524,0.6,16.1,13.0,10.2,40.5,14.8,11.5,14.6,37.8,1,11,11,11,2,15,14,27,24,6,4,26,1,10,Memphis Grizzlies,2016-17
1610612748,Miami Heat,82,41,41,0.5,0.6,15.9,13.6,11.1,45.1,13.9,12.8,10.3,44.5,1,15,15,15,18,16,9,23,10,3,15,1,18,10,Miami Heat,2016-17
1610612749,Milwaukee Bucks,82,42,40,0.512,0.6,17.3,11.1,13.8,48.6,16.2,12.7,11.7,43.7,1,13,13,13,18,8,26,13,3,16,13,7,14,10,Milwaukee Bucks,2016-17
1610612750,Minnesota Timberwolves,82,31,51,0.378,0.6,16.7,14.8,12.8,45.7,17.2,13.4,13.9,46.2,1,24,24,24,13,10,6,16,9,22,21,19,25,10,Minnesota Timberwolves,2016-17
1610612740,New Orleans Pelicans,82,34,48,0.415,0.6,14.6,10.8,15.0,44.1,15.6,12.4,13.6,44.1,1,21,21,21,2,28,29,7,13,12,9,16,17,10,New Orleans Pelicans,2016-17
1610612752,New York Knicks,82,31,51,0.378,0.6,14.4,14.9,10.9,40.4,16.5,14.7,14.0,46.1,1,24,24,24,7,29,3,24,25,18,30,20,24,10,New York Knicks,2016-17
1610612760,Oklahoma City Thunder,82,47,35,0.573,0.6,15.6,14.8,16.9,49.9,16.9,12.2,11.1,47.5,1,10,10,10,13,18,5,3,1,21,7,5,29,10,Oklahoma City Thunder,2016-17
1610612753,Orlando Magic,82,29,53,0.354,0.6,15.0,12.5,14.0,42.2,15.9,13.4,13.0,46.6,1,26,26,26,13,22,19,9,21,14,20,14,26,10,Orlando Magic,2016-17
1610612755,Philadelphia 76ers,82,28,54,0.341,0.6,17.3,13.3,12.9,44.3,18.5,13.5,15.3,45.1,1,27,27,27,10,7,13,14,12,29,22,28,21,10,Philadelphia 76ers,2016-17
1610612756,Phoenix Suns,82,24,58,0.293,0.6,17.7,14.9,19.4,47.5,18.1,13.5,16.0,44.0,1,29,29,29,10,4,4,2,5,28,23,29,16,10,Phoenix Suns,2016-17
1610612757,Portland Trail Blazers,82,41,41,0.5,0.6,14.6,12.6,11.3,42.4,15.7,12.6,12.7,42.9,1,15,15,15,1,26,17,22,20,13,12,11,12,10,Portland Trail Blazers,2016-17
1610612758,Sacramento Kings,82,32,50,0.39,0.6,16.3,11.0,10.7,43.0,17.4,12.5,14.7,40.7,1,23,23,23,4,14,28,25,17,24,11,27,6,10,Sacramento Kings,2016-17
1610612759,San Antonio Spurs,82,61,21,0.744,0.6,17.3,13.0,12.1,39.6,14.7,12.4,12.6,40.8,1,2,2,2,13,9,16,20,28,5,10,10,7,10,San Antonio Spurs,2016-17
1610612761,Toronto Raptors,82,51,31,0.622,0.6,17.4,13.5,12.2,43.8,14.9,13.1,11.5,41.7,1,5,5,5,18,6,11,18,14,7,17,6,10,10,Toronto Raptors,2016-17
1610612762,Utah Jazz,82,51,31,0.622,0.6,14.7,11.0,8.1,42.8,15.2,10.7,10.5,41.0,1,5,5,5,25,25,27,29,18,8,2,2,8,10,Utah Jazz,2016-17
1610612764,Washington Wizards,82,49,33,0.598,0.6,17.7,13.0,15.9,45.0,16.4,13.8,12.1,43.9,1,9,9,9,7,3,14,5,11,17,25,8,15,10,Washington Wizards,2016-17
