TEAM_ID,TEAM_NAME,GP,W,L,W_PCT,MIN,EFG_PCT,FTA_RATE,TM_TOV_PCT,OREB_PCT,OPP_EFG_PCT,OPP_FTA_RATE,OPP_TOV_PCT,OPP_OREB_PCT,GP_RANK,W_RANK,L_RANK,W_PCT_RANK,MIN_RANK,EFG_PCT_RANK,FTA_RATE_RANK,TM_TOV_PCT_RANK,OREB_PCT_RANK,OPP_EFG_PCT_RANK,OPP_FTA_RATE_RANK,OPP_TOV_PCT_RANK,OPP_OREB_PCT_RANK,CFID,CFPARAMS,Season
1610612737,Atlanta Hawks,82,56,26,0.683,4076.0,0.498,0.31,0.167,0.315,0.472,0.26,0.171,0.308,1,7,7,7,25,12,17,13,10,5,1,12,14,10,Atlanta Hawks,1996-97
1610612738,Boston Celtics,82,15,67,0.183,4111.0,0.474,0.316,0.164,0.294,0.539,0.337,0.178,0.315,1,28,28,28,9,24,14,8,21,29,19,3,18,10,Boston Celtics,1996-97
1610612766,Charlotte Hornets,82,54,28,0.659,4086.0,0.518,0.313,0.16,0.287,0.496,0.279,0.152,0.319,1,9,9,9,22,3,15,5,26,17,6,27,22,10,Charlotte Hornets,1996-97
1610612741,Chicago Bulls,82,69,13,0.841,4069.0,0.511,0.267,0.146,0.359,0.471,0.266,0.169,0.307,1,1,1,1,29,5,29,2,2,3,3,15,12,10,Chicago Bulls,1996-97
1610612739,Cleveland Cavaliers,82,42,40,0.512,4115.0,0.493,0.297,0.169,0.294,0.482,0.379,0.189,0.281,1,14,14,14,7,15,25,16,22,10,27,2,3,10,Cleveland Cavaliers,1996-97
1610612742,Dallas Mavericks,82,24,58,0.293,4091.0,0.469,0.297,0.175,0.3,0.5,0.305,0.171,0.327,1,24,24,24,17,28,24,22,17,19,11,13,25,10,Dallas Mavericks,1996-97
1610612743,Denver Nuggets,82,21,61,0.256,4117.0,0.486,0.298,0.171,0.288,0.501,0.275,0.134,0.307,1,26,26,26,6,18,23,18,25,21,5,29,13,10,Denver Nuggets,1996-97
1610612765,Detroit Pistons,82,54,28,0.659,4091.0,0.512,0.327,0.146,0.275,0.487,0.268,0.166,0.296,1,9,9,9,16,4,11,1,28,12,4,18,8,10,Detroit Pistons,1996-97
1610612744,Golden State Warriors,82,30,52,0.366,4109.0,0.493,0.332,0.18,0.323,0.518,0.312,0.164,0.325,1,21,21,21,10,16,10,28,7,28,13,19,24,10,Golden State Warriors,1996-97
1610612745,Houston Rockets,82,57,25,0.695,4089.0,0.52,0.307,0.175,0.284,0.481,0.261,0.151,0.286,1,4,4,4,19,2,19,25,27,9,2,28,5,10,Houston Rockets,1996-97
1610612754,Indiana Pacers,82,39,43,0.476,4132.0,0.49,0.374,0.176,0.313,0.48,0.343,0.17,0.296,1,17,17,17,1,17,2,26,11,7,21,14,7,10,Indiana Pacers,1996-97
1610612746,Los Angeles Clippers,82,36,46,0.439,4124.0,0.482,0.31,0.167,0.308,0.499,0.359,0.176,0.319,1,18,18,18,3,21,18,14,14,18,25,5,23,10,Los Angeles Clippers,1996-97
1610612747,Los Angeles Lakers,82,56,26,0.683,4121.0,0.496,0.351,0.157,0.316,0.478,0.321,0.172,0.315,1,7,7,7,5,14,5,4,9,6,15,10,19,10,Los Angeles Lakers,1996-97
1610612748,Miami Heat,82,61,21,0.744,4101.0,0.507,0.324,0.175,0.292,0.465,0.339,0.177,0.294,1,3,3,3,11,8,12,23,23,2,20,4,6,10,Miami Heat,1996-97
1610612749,Milwaukee Bucks,82,33,49,0.402,4078.0,0.496,0.334,0.17,0.297,0.501,0.346,0.159,0.301,1,20,20,20,24,13,9,17,19,20,22,25,10,10,Milwaukee Bucks,1996-97
1610612750,Minnesota Timberwolves,82,40,42,0.488,4088.0,0.485,0.339,0.162,0.288,0.486,0.334,0.166,0.317,1,15,15,15,21,19,8,7,24,11,18,17,21,10,Minnesota Timberwolves,1996-97
1610612751,New Jersey Nets,82,26,56,0.317,4078.0,0.456,0.286,0.164,0.364,0.503,0.327,0.16,0.31,1,23,23,23,23,29,27,9,1,22,17,23,16,10,New Jersey Nets,1996-97
1610612752,New York Knicks,82,57,25,0.695,4125.0,0.501,0.34,0.191,0.305,0.463,0.381,0.172,0.266,1,4,4,4,2,11,7,29,15,1,28,11,1,10,New York Knicks,1996-97
1610612753,Orlando Magic,82,45,37,0.549,4088.0,0.481,0.304,0.166,0.309,0.495,0.288,0.175,0.327,1,12,12,12,20,23,20,12,13,15,7,6,26,10,Orlando Magic,1996-97
1610612755,Philadelphia 76ers,82,22,60,0.268,4071.0,0.47,0.358,0.177,0.341,0.51,0.303,0.158,0.335,1,25,25,25,28,27,4,27,3,26,10,26,28,10,Philadelphia 76ers,1996-97
1610612756,Phoenix Suns,82,40,42,0.488,4090.0,0.508,0.317,0.149,0.271,0.507,0.291,0.163,0.306,1,15,15,15,18,7,13,3,29,24,8,20,11,10,Phoenix Suns,1996-97
1610612757,Portland Trail Blazers,82,49,33,0.598,4111.0,0.503,0.35,0.175,0.325,0.471,0.362,0.161,0.276,1,11,11,11,8,10,6,24,5,4,26,22,2,10,Portland Trail Blazers,1996-97
1610612758,Sacramento Kings,82,34,48,0.415,4100.0,0.485,0.313,0.172,0.32,0.495,0.358,0.162,0.316,1,19,19,19,12,20,16,19,8,16,24,21,20,10,Sacramento Kings,1996-97
1610612759,San Antonio Spurs,82,20,62,0.244,4074.0,0.472,0.302,0.168,0.324,0.514,0.32,0.159,0.33,1,27,27,27,27,25,22,15,6,27,14,24,27,10,San Antonio Spurs,1996-97
1610612760,Seattle SuperSonics,82,57,25,0.695,4093.0,0.51,0.358,0.161,0.309,0.49,0.326,0.2,0.309,1,4,4,4,14,6,3,6,12,13,16,1,15,10,Seattle SuperSonics,1996-97
1610612761,Toronto Raptors,82,30,52,0.366,4092.0,0.481,0.303,0.174,0.325,0.504,0.356,0.174,0.314,1,21,21,21,15,22,21,21,4,23,23,8,17,10,Toronto Raptors,1996-97
1610612762,Utah Jazz,82,64,18,0.78,4123.0,0.531,0.389,0.165,0.297,0.48,0.387,0.175,0.284,1,2,2,2,4,1,1,10,18,8,29,7,4,10,Utah Jazz,1996-97
1610612763,Vancouver Grizzlies,82,14,68,0.171,4076.0,0.471,0.269,0.174,0.297,0.51,0.308,0.167,0.359,1,29,29,29,26,26,28,20,20,25,12,16,29,10,Vancouver Grizzlies,1996-97
1610612764,Washington Bullets,82,44,38,0.537,4100.0,0.505,0.296,0.165,0.302,0.491,0.302,0.173,0.297,1,13,13,13,13,9,26,11,16,14,9,9,9,10,Washington Bullets,1996-97
1610612737,Atlanta Hawks,82,50,32,0.61,3976.0,0.481,0.364,0.162,0.339,0.468,0.265,0.149,0.309,1,10,10,10,7,12,4,11,4,9,1,26,13,10,Atlanta Hawks,1997-98
1610612738,Boston Celtics,82,36,46,0.439,3946.0,0.464,0.283,0.168,0.328,0.504,0.461,0.215,0.332,1,20,20,20,27,21,26,18,7,26,29,1,22,10,Boston Celtics,1997-98
1610612766,Charlotte Hornets,82,51,31,0.622,3956.0,0.495,0.345,0.165,0.304,0.493,0.306,0.164,0.292,1,9,9,9,21,7,9,14,19,22,7,14,6,10,Charlotte Hornets,1997-98
1610612741,Chicago Bulls,82,62,20,0.756,3971.0,0.473,0.295,0.155,0.357,0.457,0.302,0.167,0.294,1,1,1,1,9,19,24,6,2,5,6,12,7,10,Chicago Bulls,1997-98
1610612739,Cleveland Cavaliers,82,47,35,0.573,3966.0,0.478,0.352,0.186,0.3,0.46,0.35,0.188,0.289,1,11,11,11,19,13,6,29,22,7,23,3,4,10,Cleveland Cavaliers,1997-98
1610612742,Dallas Mavericks,82,20,62,0.244,3984.0,0.458,0.257,0.154,0.276,0.488,0.274,0.162,0.349,1,24,24,24,6,26,29,5,29,21,3,18,28,10,Dallas Mavericks,1997-98
1610612743,Denver Nuggets,82,11,71,0.134,3946.0,0.44,0.335,0.172,0.302,0.506,0.378,0.164,0.337,1,29,29,29,29,28,13,21,20,27,27,16,25,10,Denver Nuggets,1997-98
1610612765,Detroit Pistons,82,37,45,0.451,3995.0,0.472,0.359,0.159,0.309,0.474,0.326,0.167,0.298,1,19,19,19,2,20,5,10,16,13,13,11,8,10,Detroit Pistons,1997-98
1610612744,Golden State Warriors,82,19,63,0.232,3966.0,0.427,0.278,0.175,0.337,0.469,0.339,0.149,0.314,1,25,25,25,12,29,28,23,5,10,19,27,16,10,Golden State Warriors,1997-98
1610612745,Houston Rockets,82,41,41,0.5,3969.0,0.496,0.326,0.167,0.298,0.499,0.279,0.151,0.307,1,17,17,17,11,6,19,17,23,25,4,24,12,10,Houston Rockets,1997-98
1610612754,Indiana Pacers,82,58,24,0.707,3966.0,0.502,0.343,0.157,0.279,0.453,0.325,0.165,0.322,1,5,5,5,12,4,10,7,28,3,12,13,18,10,Indiana Pacers,1997-98
1610612746,Los Angeles Clippers,82,17,65,0.207,3956.0,0.477,0.306,0.168,0.296,0.498,0.332,0.148,0.339,1,27,27,27,21,14,22,19,25,23,15,28,27,10,Los Angeles Clippers,1997-98
1610612747,Los Angeles Lakers,82,61,21,0.744,3966.0,0.519,0.42,0.159,0.316,0.467,0.335,0.161,0.312,1,3,3,3,18,2,2,9,11,8,18,20,15,10,Los Angeles Lakers,1997-98
1610612748,Miami Heat,82,55,27,0.671,3951.0,0.494,0.329,0.165,0.315,0.452,0.345,0.162,0.304,1,8,8,8,25,8,16,13,12,2,21,17,10,10,Miami Heat,1997-98
1610612749,Milwaukee Bucks,82,36,46,0.439,3986.0,0.475,0.339,0.18,0.314,0.485,0.379,0.175,0.309,1,20,20,20,4,18,12,27,14,20,28,5,14,10,Milwaukee Bucks,1997-98
1610612750,Minnesota Timberwolves,82,45,37,0.549,3990.0,0.483,0.329,0.144,0.306,0.48,0.324,0.154,0.315,1,13,13,13,3,10,15,1,17,16,11,21,17,10,Minnesota Timberwolves,1997-98
1610612751,New Jersey Nets,82,43,39,0.524,3976.0,0.463,0.339,0.151,0.367,0.499,0.345,0.19,0.336,1,14,14,14,7,23,11,4,1,24,20,2,24,10,New Jersey Nets,1997-98
1610612752,New York Knicks,82,43,39,0.524,3966.0,0.476,0.283,0.167,0.295,0.455,0.376,0.164,0.26,1,14,14,14,12,15,27,16,26,4,26,15,1,10,New York Knicks,1997-98
1610612753,Orlando Magic,82,41,41,0.5,3970.0,0.452,0.331,0.168,0.342,0.478,0.274,0.17,0.331,1,17,17,17,10,27,14,20,3,14,2,10,20,10,Orlando Magic,1997-98
1610612755,Philadelphia 76ers,82,31,51,0.378,3951.0,0.462,0.367,0.177,0.325,0.481,0.351,0.173,0.327,1,22,22,22,26,25,3,25,8,17,24,8,19,10,Philadelphia 76ers,1997-98
1610612756,Phoenix Suns,82,56,26,0.683,3997.0,0.5,0.29,0.158,0.297,0.471,0.31,0.174,0.3,1,6,6,6,1,5,25,8,24,12,9,6,9,10,Phoenix Suns,1997-98
1610612757,Portland Trail Blazers,82,46,36,0.561,3966.0,0.476,0.348,0.18,0.33,0.46,0.346,0.151,0.286,1,12,12,12,12,16,8,28,6,6,22,23,3,10,Portland Trail Blazers,1997-98
1610612758,Sacramento Kings,82,27,55,0.329,3946.0,0.464,0.314,0.163,0.302,0.482,0.31,0.161,0.334,1,23,23,23,27,22,21,12,21,19,10,19,23,10,Sacramento Kings,1997-98
1610612759,San Antonio Spurs,82,56,26,0.683,3966.0,0.493,0.35,0.176,0.306,0.437,0.294,0.139,0.278,1,6,6,6,12,9,7,24,18,1,5,29,2,10,San Antonio Spurs,1997-98
1610612760,Seattle SuperSonics,82,61,21,0.744,3953.0,0.521,0.327,0.151,0.287,0.478,0.308,0.183,0.339,1,3,3,3,24,1,18,3,27,15,8,4,26,10,Seattle SuperSonics,1997-98
1610612761,Toronto Raptors,82,16,66,0.195,3986.0,0.462,0.302,0.173,0.321,0.508,0.335,0.173,0.371,1,28,28,28,4,24,23,22,10,29,17,7,29,10,Toronto Raptors,1997-98
1610612762,Utah Jazz,82,62,20,0.756,3956.0,0.51,0.433,0.166,0.323,0.471,0.357,0.153,0.29,1,1,1,1,23,3,1,15,9,11,25,22,5,10,Utah Jazz,1997-98
1610612763,Vancouver Grizzlies,82,19,63,0.232,3966.0,0.482,0.327,0.179,0.314,0.507,0.328,0.149,0.331,1,25,25,25,12,11,17,26,13,28,14,25,21,10,Vancouver Grizzlies,1997-98
1610612764,Washington Wizards,82,42,40,0.512,3961.0,0.476,0.317,0.148,0.312,0.481,0.332,0.17,0.305,1,16,16,16,20,17,20,2,15,18,16,9,11,10,Washington Wizards,1997-98
1610612737,Atlanta Hawks,50,31,19,0.62,2415.0,0.436,0.378,0.167,0.33,0.437,0.278,0.152,0.279,1,7,7,7,17,26,5,14,4,3,4,24,1,10,Atlanta Hawks,1998-99
1610612738,Boston Celtics,50,19,31,0.38,2430.0,0.469,0.259,0.169,0.306,0.465,0.387,0.177,0.306,1,22,22,22,7,14,29,16,13,13,28,6,21,10,Boston Celtics,1998-99
1610612766,Charlotte Hornets,50,26,24,0.52,2430.0,0.485,0.372,0.171,0.244,0.461,0.326,0.163,0.305,1,16,16,16,5,6,6,20,29,10,12,18,18,10,Charlotte Hornets,1998-99
1610612741,Chicago Bulls,50,13,37,0.26,2414.0,0.424,0.309,0.17,0.268,0.483,0.329,0.171,0.283,1,27,27,27,18,29,19,17,27,24,14,11,4,10,Chicago Bulls,1998-99
1610612739,Cleveland Cavaliers,50,22,28,0.44,2410.0,0.464,0.381,0.176,0.251,0.468,0.359,0.184,0.31,1,20,20,20,19,16,4,22,28,17,21,4,24,10,Cleveland Cavaliers,1998-99
1610612742,Dallas Mavericks,50,19,31,0.38,2415.0,0.459,0.3,0.15,0.298,0.476,0.296,0.152,0.309,1,22,22,22,16,19,26,4,19,22,7,25,23,10,Dallas Mavericks,1998-99
1610612743,Denver Nuggets,50,14,36,0.28,2405.0,0.459,0.332,0.158,0.301,0.499,0.333,0.15,0.308,1,26,26,26,27,18,14,6,17,28,15,27,22,10,Denver Nuggets,1998-99
1610612765,Detroit Pistons,50,29,21,0.58,2410.0,0.48,0.345,0.177,0.305,0.468,0.362,0.173,0.28,1,10,10,10,26,10,10,24,15,16,22,8,2,10,Detroit Pistons,1998-99
1610612744,Golden State Warriors,50,21,29,0.42,2425.0,0.434,0.282,0.165,0.352,0.445,0.398,0.16,0.296,1,21,21,21,8,27,27,12,1,7,29,20,8,10,Golden State Warriors,1998-99
1610612745,Houston Rockets,50,31,19,0.62,2415.0,0.506,0.313,0.177,0.278,0.461,0.257,0.142,0.301,1,7,7,7,13,1,18,23,25,11,3,29,14,10,Houston Rockets,1998-99
1610612754,Indiana Pacers,50,33,17,0.66,2420.0,0.486,0.318,0.145,0.287,0.46,0.312,0.145,0.301,1,4,4,4,10,5,16,2,21,9,10,28,13,10,Indiana Pacers,1998-99
1610612746,Los Angeles Clippers,50,9,41,0.18,2425.0,0.454,0.306,0.17,0.306,0.503,0.375,0.169,0.331,1,28,28,28,8,21,20,18,12,29,25,13,29,10,Los Angeles Clippers,1998-99
1610612747,Los Angeles Lakers,50,31,19,0.62,2410.0,0.498,0.382,0.159,0.305,0.468,0.376,0.151,0.298,1,7,7,7,19,2,3,8,14,15,26,26,10,10,Los Angeles Lakers,1998-99
1610612748,Miami Heat,50,33,17,0.66,2405.0,0.494,0.354,0.171,0.273,0.439,0.307,0.155,0.29,1,4,4,4,27,3,9,19,26,4,8,23,6,10,Miami Heat,1998-99
1610612749,Milwaukee Bucks,50,28,22,0.56,2410.0,0.489,0.303,0.161,0.29,0.463,0.365,0.184,0.324,1,11,11,11,19,4,22,9,20,12,23,3,27,10,Milwaukee Bucks,1998-99
1610612750,Minnesota Timberwolves,50,25,25,0.5,2405.0,0.439,0.264,0.136,0.325,0.467,0.385,0.177,0.298,1,17,17,17,27,25,28,1,6,14,27,5,12,10,Minnesota Timberwolves,1998-99
1610612751,New Jersey Nets,50,16,34,0.32,2410.0,0.434,0.301,0.158,0.311,0.481,0.327,0.172,0.303,1,25,25,25,19,28,24,5,9,23,13,9,17,10,New Jersey Nets,1998-99
1610612752,New York Knicks,50,27,23,0.54,2420.0,0.463,0.329,0.179,0.279,0.434,0.352,0.169,0.29,1,13,13,13,10,17,15,27,24,2,18,12,5,10,New York Knicks,1998-99
1610612753,Orlando Magic,50,33,17,0.66,2410.0,0.456,0.318,0.177,0.326,0.473,0.256,0.189,0.292,1,4,4,4,19,20,17,25,5,20,2,2,7,10,Orlando Magic,1998-99
1610612755,Philadelphia 76ers,50,28,22,0.56,2430.0,0.439,0.383,0.178,0.342,0.454,0.34,0.194,0.302,1,11,11,11,5,24,2,26,2,8,17,1,16,10,Philadelphia 76ers,1998-99
1610612756,Phoenix Suns,50,27,23,0.54,2410.0,0.481,0.303,0.147,0.284,0.485,0.311,0.174,0.302,1,13,13,13,19,8,21,3,22,25,9,7,15,10,Phoenix Suns,1998-99
1610612757,Portland Trail Blazers,50,35,15,0.7,2435.0,0.473,0.341,0.165,0.318,0.445,0.321,0.168,0.282,1,3,3,3,4,13,11,11,8,6,11,14,3,10,Portland Trail Blazers,1998-99
1610612758,Sacramento Kings,50,27,23,0.54,2440.0,0.479,0.3,0.168,0.306,0.471,0.247,0.157,0.323,1,13,13,13,1,12,25,15,11,18,1,22,26,10,Sacramento Kings,1998-99
1610612759,San Antonio Spurs,50,37,13,0.74,2415.0,0.479,0.371,0.166,0.304,0.423,0.283,0.159,0.305,1,1,1,1,13,11,7,13,16,1,5,21,19,10,San Antonio Spurs,1998-99
1610612760,Seattle SuperSonics,50,25,25,0.5,2420.0,0.481,0.341,0.164,0.319,0.489,0.295,0.161,0.314,1,17,17,17,10,9,12,10,7,26,6,19,25,10,Seattle SuperSonics,1998-99
1610612761,Toronto Raptors,50,23,27,0.46,2415.0,0.45,0.338,0.173,0.338,0.473,0.355,0.167,0.298,1,19,19,19,13,22,13,21,3,19,19,16,11,10,Toronto Raptors,1998-99
1610612762,Utah Jazz,50,37,13,0.74,2435.0,0.485,0.417,0.179,0.3,0.441,0.336,0.164,0.296,1,1,1,1,2,7,1,28,18,5,16,17,9,10,Utah Jazz,1998-99
1610612763,Vancouver Grizzlies,50,8,42,0.16,2435.0,0.447,0.367,0.182,0.309,0.492,0.357,0.168,0.331,1,29,29,29,2,23,8,29,10,27,20,15,28,10,Vancouver Grizzlies,1998-99
1610612764,Washington Wizards,50,18,32,0.36,2410.0,0.468,0.302,0.159,0.282,0.474,0.371,0.171,0.305,1,24,24,24,19,15,23,7,23,21,24,10,20,10,Washington Wizards,1998-99
1610612737,Atlanta Hawks,82,28,54,0.341,3966.0,0.46,0.292,0.162,0.317,0.481,0.254,0.128,0.29,1,25,25,25,7,25,20,18,2,18,1,29,17,10,Atlanta Hawks,1999-00
1610612738,Boston Celtics,82,35,47,0.427,3946.0,0.474,0.316,0.158,0.304,0.498,0.407,0.175,0.262,1,19,19,19,26,19,11,11,7,25,29,4,1,10,Boston Celtics,1999-00
1610612766,Charlotte Hornets,82,49,33,0.598,3956.0,0.475,0.376,0.152,0.257,0.478,0.265,0.163,0.268,1,10,10,10,19,18,2,8,26,13,7,14,3,10,Charlotte Hornets,1999-00
1610612741,Chicago Bulls,82,17,65,0.207,3961.0,0.443,0.338,0.204,0.299,0.484,0.324,0.165,0.301,1,28,28,28,17,29,5,29,12,20,19,12,20,10,Chicago Bulls,1999-00
1610612739,Cleveland Cavaliers,82,32,50,0.39,3971.0,0.468,0.327,0.176,0.281,0.474,0.354,0.17,0.288,1,22,22,22,2,23,8,26,21,10,27,8,16,10,Cleveland Cavaliers,1999-00
1610612742,Dallas Mavericks,82,40,42,0.488,3946.0,0.49,0.248,0.14,0.255,0.488,0.284,0.165,0.339,1,18,18,18,26,8,29,1,27,21,8,13,29,10,Dallas Mavericks,1999-00
1610612743,Denver Nuggets,82,35,47,0.427,3971.0,0.476,0.306,0.159,0.292,0.479,0.313,0.146,0.284,1,19,19,19,2,16,14,14,16,14,17,26,13,10,Denver Nuggets,1999-00
1610612765,Detroit Pistons,82,42,40,0.512,3966.0,0.492,0.378,0.159,0.268,0.499,0.334,0.172,0.284,1,15,15,15,7,6,1,13,24,27,22,6,12,10,Detroit Pistons,1999-00
1610612744,Golden State Warriors,82,19,63,0.232,3951.0,0.444,0.301,0.161,0.326,0.499,0.344,0.166,0.309,1,27,27,27,22,28,17,17,1,26,26,10,27,10,Golden State Warriors,1999-00
1610612745,Houston Rockets,82,34,48,0.415,3966.0,0.494,0.322,0.178,0.291,0.481,0.259,0.141,0.284,1,21,21,21,7,4,9,27,17,17,3,28,14,10,Houston Rockets,1999-00
1610612754,Indiana Pacers,82,56,26,0.683,3946.0,0.503,0.302,0.148,0.249,0.469,0.261,0.143,0.285,1,3,3,3,26,1,16,7,28,8,5,27,15,10,Indiana Pacers,1999-00
1610612746,Los Angeles Clippers,82,15,67,0.183,3940.0,0.458,0.27,0.167,0.261,0.507,0.297,0.148,0.304,1,29,29,29,29,26,27,22,25,29,9,25,25,10,Los Angeles Clippers,1999-00
1610612747,Los Angeles Lakers,82,67,15,0.817,3961.0,0.484,0.346,0.145,0.306,0.443,0.3,0.151,0.269,1,1,1,1,14,14,3,3,5,1,11,23,5,10,Los Angeles Lakers,1999-00
1610612748,Miami Heat,82,52,30,0.634,3966.0,0.495,0.283,0.162,0.282,0.453,0.307,0.15,0.271,1,7,7,7,7,3,24,19,19,3,16,24,8,10,Miami Heat,1999-00
1610612749,Milwaukee Bucks,82,42,40,0.512,3971.0,0.494,0.29,0.155,0.3,0.496,0.337,0.165,0.304,1,15,15,15,2,5,21,9,11,24,24,11,26,10,Milwaukee Bucks,1999-00
1610612750,Minnesota Timberwolves,82,50,32,0.61,3981.0,0.485,0.256,0.146,0.294,0.474,0.332,0.157,0.27,1,8,8,8,1,13,28,6,14,9,21,18,7,10,Minnesota Timberwolves,1999-00
1610612751,New Jersey Nets,82,31,51,0.378,3966.0,0.468,0.297,0.142,0.281,0.491,0.298,0.174,0.328,1,23,23,23,7,22,19,2,20,23,10,5,28,10,New Jersey Nets,1999-00
1610612752,New York Knicks,82,50,32,0.61,3966.0,0.482,0.283,0.159,0.247,0.455,0.337,0.153,0.269,1,8,8,8,7,15,23,12,29,5,23,21,4,10,New York Knicks,1999-00
1610612753,Orlando Magic,82,41,41,0.5,3951.0,0.473,0.305,0.175,0.316,0.476,0.304,0.181,0.301,1,17,17,17,22,21,15,25,3,11,15,2,21,10,Orlando Magic,1999-00
1610612755,Philadelphia 76ers,82,49,33,0.598,3966.0,0.457,0.329,0.163,0.314,0.466,0.303,0.184,0.301,1,10,10,10,7,27,7,20,4,7,14,1,22,10,Philadelphia 76ers,1999-00
1610612756,Phoenix Suns,82,53,29,0.646,3961.0,0.491,0.286,0.172,0.293,0.454,0.331,0.178,0.295,1,5,5,5,14,7,22,24,15,4,20,3,19,10,Phoenix Suns,1999-00
1610612757,Portland Trail Blazers,82,59,23,0.72,3956.0,0.501,0.316,0.164,0.303,0.461,0.303,0.155,0.276,1,2,2,2,19,2,12,21,8,6,13,20,9,10,Portland Trail Blazers,1999-00
1610612758,Sacramento Kings,82,44,38,0.537,3961.0,0.486,0.277,0.157,0.277,0.479,0.264,0.172,0.303,1,14,14,14,18,12,26,10,23,15,6,7,23,10,Sacramento Kings,1999-00
1610612759,San Antonio Spurs,82,53,29,0.646,3971.0,0.488,0.346,0.161,0.278,0.451,0.255,0.153,0.27,1,5,5,5,2,10,4,16,22,2,2,22,6,10,San Antonio Spurs,1999-00
1610612760,Seattle SuperSonics,82,45,37,0.549,3956.0,0.487,0.282,0.145,0.285,0.483,0.259,0.159,0.304,1,12,12,12,19,11,25,5,18,19,4,17,24,10,Seattle SuperSonics,1999-00
1610612761,Toronto Raptors,82,45,37,0.549,3951.0,0.464,0.3,0.145,0.301,0.48,0.323,0.159,0.282,1,12,12,12,22,24,18,4,9,16,18,15,10,10,Toronto Raptors,1999-00
1610612762,Utah Jazz,82,55,27,0.671,3951.0,0.49,0.337,0.16,0.295,0.477,0.343,0.168,0.268,1,4,4,4,22,9,6,15,13,12,25,9,2,10,Utah Jazz,1999-00
1610612763,Vancouver Grizzlies,82,22,60,0.268,3971.0,0.474,0.32,0.179,0.301,0.502,0.301,0.159,0.294,1,26,26,26,2,20,10,28,10,28,12,16,18,10,Vancouver Grizzlies,1999-00
1610612764,Washington Wizards,82,29,53,0.354,3961.0,0.476,0.315,0.168,0.306,0.489,0.367,0.156,0.283,1,24,24,24,14,17,13,23,6,22,28,19,11,10,Washington Wizards,1999-00
1610612737,Atlanta Hawks,82,25,57,0.305,3946.0,0.456,0.272,0.175,0.289,0.472,0.326,0.157,0.292,1,25,25,25,27,25,28,28,13,15,19,22,21,10,Atlanta Hawks,2000-01
1610612738,Boston Celtics,82,36,46,0.439,3966.0,0.473,0.338,0.164,0.253,0.493,0.341,0.178,0.273,1,20,20,20,13,14,6,20,26,26,25,2,7,10,Boston Celtics,2000-01
1610612766,Charlotte Hornets,82,46,36,0.561,3976.0,0.457,0.33,0.156,0.298,0.456,0.294,0.157,0.255,1,14,14,14,9,24,7,11,7,4,10,20,1,10,Charlotte Hornets,2000-01
1610612741,Chicago Bulls,82,15,67,0.183,3971.0,0.45,0.298,0.17,0.266,0.499,0.348,0.161,0.297,1,29,29,29,11,28,17,25,23,27,27,13,24,10,Chicago Bulls,2000-01
1610612739,Cleveland Cavaliers,82,30,52,0.366,3966.0,0.459,0.312,0.174,0.297,0.477,0.323,0.158,0.289,1,23,23,23,13,23,13,27,8,21,18,16,19,10,Cleveland Cavaliers,2000-01
1610612742,Dallas Mavericks,82,53,29,0.646,3961.0,0.498,0.291,0.145,0.241,0.467,0.333,0.162,0.293,1,5,5,5,18,3,21,3,29,12,24,12,23,10,Dallas Mavericks,2000-01
1610612743,Denver Nuggets,82,40,42,0.488,3956.0,0.47,0.286,0.145,0.283,0.476,0.296,0.136,0.282,1,19,19,19,21,16,23,4,15,20,11,28,15,10,Denver Nuggets,2000-01
1610612765,Detroit Pistons,82,32,50,0.39,3971.0,0.453,0.325,0.162,0.293,0.466,0.317,0.158,0.278,1,21,21,21,11,26,9,17,10,10,17,18,12,10,Detroit Pistons,2000-01
1610612744,Golden State Warriors,82,17,65,0.207,3956.0,0.429,0.282,0.162,0.333,0.504,0.298,0.17,0.303,1,28,28,28,21,29,25,18,1,29,12,6,29,10,Golden State Warriors,2000-01
1610612745,Houston Rockets,82,45,37,0.549,3966.0,0.492,0.321,0.156,0.275,0.475,0.277,0.143,0.281,1,15,15,15,13,7,10,12,18,18,6,26,13,10,Houston Rockets,2000-01
1610612754,Indiana Pacers,82,41,41,0.5,3996.0,0.471,0.312,0.163,0.27,0.452,0.31,0.145,0.286,1,18,18,18,3,15,12,19,22,2,15,24,17,10,Indiana Pacers,2000-01
1610612746,Los Angeles Clippers,82,31,51,0.378,4006.0,0.476,0.319,0.168,0.283,0.466,0.292,0.136,0.289,1,22,22,22,2,12,11,24,16,11,9,29,20,10,Los Angeles Clippers,2000-01
1610612747,Los Angeles Lakers,82,56,26,0.683,3981.0,0.498,0.349,0.152,0.311,0.468,0.31,0.137,0.275,1,2,2,2,6,2,4,7,3,13,14,27,10,10,Los Angeles Lakers,2000-01
1610612748,Miami Heat,82,50,32,0.61,3976.0,0.469,0.299,0.152,0.243,0.46,0.29,0.172,0.273,1,9,9,9,8,17,15,8,27,5,8,5,8,10,Miami Heat,2000-01
1610612749,Milwaukee Bucks,82,52,30,0.634,3956.0,0.499,0.276,0.145,0.281,0.473,0.33,0.162,0.289,1,7,7,7,21,1,27,2,17,16,22,11,18,10,Milwaukee Bucks,2000-01
1610612750,Minnesota Timberwolves,82,47,35,0.573,3966.0,0.482,0.253,0.146,0.286,0.478,0.328,0.159,0.281,1,12,12,12,13,10,29,5,14,22,21,15,14,10,Minnesota Timberwolves,2000-01
1610612751,New Jersey Nets,82,26,56,0.317,3946.0,0.452,0.328,0.155,0.257,0.488,0.346,0.169,0.3,1,24,24,24,28,27,8,10,25,24,26,7,25,10,New Jersey Nets,2000-01
1610612752,New York Knicks,82,48,34,0.585,3981.0,0.476,0.279,0.161,0.242,0.453,0.327,0.165,0.257,1,11,11,11,6,11,26,16,28,3,20,8,2,10,New York Knicks,2000-01
1610612753,Orlando Magic,82,43,39,0.524,3991.0,0.474,0.301,0.156,0.291,0.464,0.395,0.177,0.302,1,17,17,17,4,13,14,13,12,9,29,3,28,10,Orlando Magic,2000-01
1610612755,Philadelphia 76ers,82,56,26,0.683,3971.0,0.468,0.351,0.168,0.312,0.46,0.248,0.164,0.275,1,2,2,2,10,19,3,23,2,7,3,10,9,10,Philadelphia 76ers,2000-01
1610612756,Phoenix Suns,82,51,31,0.622,3961.0,0.46,0.292,0.158,0.273,0.46,0.331,0.182,0.263,1,8,8,8,18,22,20,14,19,6,23,1,4,10,Phoenix Suns,2000-01
1610612757,Portland Trail Blazers,82,50,32,0.61,3956.0,0.497,0.296,0.166,0.3,0.47,0.3,0.161,0.276,1,9,9,9,26,4,19,22,6,14,13,14,11,10,Portland Trail Blazers,2000-01
1610612758,Sacramento Kings,82,55,27,0.671,4016.0,0.484,0.298,0.15,0.272,0.46,0.241,0.164,0.293,1,4,4,4,1,9,18,6,20,8,1,9,22,10,Sacramento Kings,2000-01
1610612759,San Antonio Spurs,82,58,24,0.707,3966.0,0.496,0.374,0.152,0.271,0.444,0.246,0.145,0.263,1,1,1,1,13,6,1,9,21,1,2,25,3,10,San Antonio Spurs,2000-01
1610612760,Seattle SuperSonics,82,44,38,0.537,3961.0,0.491,0.299,0.161,0.291,0.488,0.269,0.158,0.302,1,16,16,16,18,8,16,15,11,23,5,17,26,10,Seattle SuperSonics,2000-01
1610612761,Toronto Raptors,82,47,35,0.573,3991.0,0.468,0.285,0.138,0.308,0.476,0.281,0.148,0.268,1,12,12,12,5,18,24,1,4,19,7,23,5,10,Toronto Raptors,2000-01
1610612762,Utah Jazz,82,53,29,0.646,3956.0,0.497,0.363,0.17,0.302,0.473,0.394,0.174,0.268,1,5,5,5,25,5,2,26,5,17,28,4,6,10,Utah Jazz,2000-01
1610612763,Vancouver Grizzlies,82,23,59,0.28,3956.0,0.464,0.289,0.166,0.261,0.491,0.265,0.157,0.302,1,26,26,26,21,20,22,21,24,25,4,21,27,10,Vancouver Grizzlies,2000-01
1610612764,Washington Wizards,82,19,63,0.232,3936.0,0.46,0.348,0.178,0.297,0.503,0.317,0.157,0.282,1,27,27,27,29,21,5,29,9,28,16,19,16,10,Washington Wizards,2000-01
1610612737,Atlanta Hawks,82,33,49,0.402,3955.0,0.471,0.294,0.164,0.275,0.495,0.293,0.159,0.291,1,22,22,22,23,18,13,25,19,28,14,10,17,10,Atlanta Hawks,2001-02
1610612738,Boston Celtics,82,49,33,0.598,3966.0,0.476,0.291,0.143,0.241,0.464,0.318,0.169,0.271,1,8,8,8,8,15,14,6,29,6,24,2,4,10,Boston Celtics,2001-02
1610612766,Charlotte Hornets,82,44,38,0.537,3951.0,0.466,0.32,0.151,0.306,0.465,0.294,0.15,0.278,1,11,11,11,24,20,6,10,10,7,15,19,6,10,Charlotte Hornets,2001-02
1610612741,Chicago Bulls,82,21,61,0.256,3961.0,0.456,0.302,0.163,0.266,0.497,0.321,0.154,0.286,1,28,28,28,19,26,11,23,23,29,26,15,14,10,Chicago Bulls,2001-02
1610612739,Cleveland Cavaliers,82,29,53,0.354,3971.0,0.477,0.301,0.156,0.289,0.493,0.302,0.138,0.272,1,24,24,24,6,11,12,17,15,27,17,26,5,10,Cleveland Cavaliers,2001-02
1610612742,Dallas Mavericks,82,57,25,0.695,3976.0,0.507,0.288,0.126,0.261,0.485,0.319,0.146,0.293,1,4,4,4,5,2,16,1,25,19,25,23,19,10,Dallas Mavericks,2001-02
1610612743,Denver Nuggets,82,27,55,0.329,3961.0,0.455,0.256,0.156,0.306,0.492,0.328,0.153,0.301,1,26,26,26,15,27,25,18,9,26,27,16,24,10,Denver Nuggets,2001-02
1610612765,Detroit Pistons,82,50,32,0.61,3936.0,0.497,0.31,0.158,0.244,0.474,0.273,0.167,0.295,1,6,6,6,29,6,8,21,28,11,7,4,20,10,Detroit Pistons,2001-02
1610612744,Golden State Warriors,82,21,61,0.256,3956.0,0.452,0.335,0.171,0.353,0.488,0.304,0.147,0.306,1,28,28,28,22,29,3,27,1,23,20,20,26,10,Golden State Warriors,2001-02
1610612745,Houston Rockets,82,28,54,0.341,3996.0,0.465,0.286,0.152,0.29,0.491,0.236,0.131,0.302,1,25,25,25,1,21,17,11,14,25,1,29,25,10,Houston Rockets,2001-02
1610612754,Indiana Pacers,82,42,40,0.512,3981.0,0.477,0.328,0.159,0.27,0.469,0.303,0.15,0.29,1,15,15,15,3,12,4,22,21,9,19,18,16,10,Indiana Pacers,2001-02
1610612746,Los Angeles Clippers,82,39,43,0.476,3961.0,0.476,0.304,0.158,0.313,0.477,0.26,0.138,0.301,1,18,18,18,15,13,10,20,7,14,4,27,23,10,Los Angeles Clippers,2001-02
1610612747,Los Angeles Lakers,82,58,24,0.707,3956.0,0.498,0.313,0.133,0.288,0.453,0.306,0.147,0.28,1,2,2,2,20,4,7,2,16,2,21,21,8,10,Los Angeles Lakers,2001-02
1610612763,Memphis Grizzlies,82,23,59,0.28,3956.0,0.462,0.288,0.174,0.278,0.486,0.262,0.157,0.32,1,27,27,27,20,25,15,28,18,21,5,12,29,10,Memphis Grizzlies,2001-02
1610612748,Miami Heat,82,36,46,0.439,3986.0,0.463,0.268,0.163,0.266,0.455,0.339,0.152,0.26,1,20,20,20,2,23,24,24,22,3,28,17,1,10,Miami Heat,2001-02
1610612749,Milwaukee Bucks,82,41,41,0.5,3981.0,0.507,0.269,0.151,0.256,0.477,0.287,0.137,0.291,1,17,17,17,4,1,23,9,26,13,12,28,18,10,Milwaukee Bucks,2001-02
1610612750,Minnesota Timberwolves,82,50,32,0.61,3961.0,0.49,0.255,0.143,0.313,0.482,0.294,0.142,0.263,1,6,6,6,15,9,27,7,6,16,16,25,2,10,Minnesota Timberwolves,2001-02
1610612751,New Jersey Nets,82,52,30,0.634,3966.0,0.476,0.28,0.152,0.292,0.459,0.283,0.168,0.284,1,5,5,5,8,14,20,12,13,4,11,3,13,10,New Jersey Nets,2001-02
1610612752,New York Knicks,82,30,52,0.366,3961.0,0.468,0.274,0.156,0.256,0.479,0.312,0.145,0.281,1,23,23,23,15,19,22,19,27,15,22,24,9,10,New York Knicks,2001-02
1610612753,Orlando Magic,82,44,38,0.537,3966.0,0.493,0.278,0.141,0.263,0.486,0.292,0.163,0.308,1,11,11,11,8,7,21,4,24,22,13,7,27,10,Orlando Magic,2001-02
1610612755,Philadelphia 76ers,82,43,39,0.524,3946.0,0.452,0.327,0.167,0.317,0.46,0.277,0.161,0.279,1,14,14,14,27,28,5,26,4,5,8,9,7,10,Philadelphia 76ers,2001-02
1610612756,Phoenix Suns,82,36,46,0.439,3966.0,0.472,0.235,0.155,0.301,0.476,0.302,0.163,0.298,1,20,20,20,14,16,29,15,11,12,18,8,21,10,Phoenix Suns,2001-02
1610612757,Portland Trail Blazers,82,49,33,0.598,3966.0,0.485,0.285,0.154,0.318,0.489,0.272,0.159,0.267,1,8,8,8,8,10,18,13,3,24,6,11,3,10,Portland Trail Blazers,2001-02
1610612758,Sacramento Kings,82,61,21,0.744,3951.0,0.497,0.308,0.14,0.279,0.467,0.248,0.154,0.283,1,1,1,1,26,5,9,3,17,8,3,14,11,10,Sacramento Kings,2001-02
1610612759,San Antonio Spurs,82,58,24,0.707,3971.0,0.492,0.353,0.155,0.272,0.453,0.244,0.155,0.281,1,2,2,2,6,8,2,14,20,1,2,13,10,10,San Antonio Spurs,2001-02
1610612760,Seattle SuperSonics,82,45,37,0.549,3966.0,0.505,0.25,0.148,0.294,0.485,0.279,0.165,0.319,1,10,10,10,8,3,28,8,12,20,9,6,28,10,Seattle SuperSonics,2001-02
1610612761,Toronto Raptors,82,42,40,0.512,3951.0,0.463,0.255,0.156,0.314,0.471,0.315,0.166,0.299,1,15,15,15,25,24,26,16,5,10,23,5,22,10,Toronto Raptors,2001-02
1610612762,Utah Jazz,82,44,38,0.537,3966.0,0.472,0.381,0.176,0.335,0.484,0.371,0.179,0.283,1,11,11,11,8,17,1,29,2,17,29,1,12,10,Utah Jazz,2001-02
1610612764,Washington Wizards,82,37,45,0.451,3946.0,0.464,0.28,0.142,0.307,0.484,0.283,0.146,0.286,1,19,19,19,27,22,19,5,8,18,10,22,15,10,Washington Wizards,2001-02
1610612737,Atlanta Hawks,82,35,47,0.427,3981.0,0.476,0.313,0.176,0.279,0.469,0.291,0.137,0.296,1,22,22,22,5,12,11,26,18,9,12,29,22,10,Atlanta Hawks,2002-03
1610612738,Boston Celtics,82,44,38,0.537,3966.0,0.47,0.306,0.149,0.236,0.471,0.323,0.17,0.275,1,13,13,13,14,19,14,9,29,13,22,5,10,10,Boston Celtics,2002-03
1610612741,Chicago Bulls,82,30,52,0.366,3985.0,0.471,0.3,0.173,0.277,0.47,0.351,0.152,0.305,1,23,23,23,4,18,15,25,19,12,28,21,27,10,Chicago Bulls,2002-03
1610612739,Cleveland Cavaliers,82,17,65,0.207,3966.0,0.444,0.298,0.187,0.31,0.484,0.327,0.145,0.268,1,28,28,28,14,27,17,28,5,23,24,25,4,10,Cleveland Cavaliers,2002-03
1610612742,Dallas Mavericks,82,60,22,0.732,3956.0,0.498,0.257,0.121,0.254,0.473,0.304,0.168,0.291,1,1,1,1,24,3,28,1,27,15,18,8,19,10,Dallas Mavericks,2002-03
1610612743,Denver Nuggets,82,17,65,0.207,3946.0,0.428,0.283,0.195,0.313,0.477,0.384,0.183,0.267,1,28,28,28,29,29,22,29,4,18,29,1,3,10,Denver Nuggets,2002-03
1610612765,Detroit Pistons,82,50,32,0.61,3981.0,0.473,0.322,0.149,0.259,0.461,0.302,0.155,0.26,1,5,5,5,7,14,9,10,24,5,17,17,1,10,Detroit Pistons,2002-03
1610612744,Golden State Warriors,82,38,44,0.463,3951.0,0.472,0.343,0.162,0.35,0.482,0.29,0.14,0.321,1,19,19,19,26,17,4,20,1,20,11,28,29,10,Golden State Warriors,2002-03
1610612745,Houston Rockets,82,43,39,0.524,3986.0,0.474,0.316,0.168,0.303,0.462,0.27,0.143,0.276,1,15,15,15,1,13,10,23,6,6,5,26,11,10,Houston Rockets,2002-03
1610612754,Indiana Pacers,82,48,34,0.585,3981.0,0.469,0.344,0.155,0.29,0.458,0.298,0.161,0.277,1,9,9,9,6,20,3,13,12,3,14,11,13,10,Indiana Pacers,2002-03
1610612746,Los Angeles Clippers,82,27,55,0.329,3951.0,0.467,0.335,0.167,0.291,0.481,0.287,0.149,0.298,1,25,25,25,26,22,6,22,11,19,9,23,25,10,Los Angeles Clippers,2002-03
1610612747,Los Angeles Lakers,82,50,32,0.61,3986.0,0.486,0.311,0.151,0.302,0.477,0.317,0.151,0.273,1,5,5,5,1,8,12,11,9,17,19,22,8,10,Los Angeles Lakers,2002-03
1610612763,Memphis Grizzlies,82,28,54,0.341,3986.0,0.487,0.287,0.159,0.27,0.491,0.26,0.154,0.313,1,24,24,24,1,7,18,19,21,28,3,18,28,10,Memphis Grizzlies,2002-03
1610612748,Miami Heat,82,25,57,0.305,3966.0,0.439,0.259,0.156,0.268,0.47,0.343,0.158,0.261,1,26,26,26,14,28,27,17,23,10,27,13,2,10,Miami Heat,2002-03
1610612749,Milwaukee Bucks,82,42,40,0.512,3981.0,0.5,0.287,0.136,0.256,0.494,0.318,0.153,0.301,1,16,16,16,7,1,19,2,25,29,20,20,26,10,Milwaukee Bucks,2002-03
1610612750,Minnesota Timberwolves,82,51,31,0.622,3961.0,0.488,0.268,0.145,0.282,0.472,0.27,0.143,0.271,1,4,4,4,20,6,25,4,16,14,4,27,7,10,Minnesota Timberwolves,2002-03
1610612751,New Jersey Nets,82,49,33,0.598,3951.0,0.468,0.333,0.156,0.287,0.46,0.3,0.175,0.269,1,8,8,8,26,21,7,16,14,4,16,3,6,10,New Jersey Nets,2002-03
1610612740,New Orleans Hornets,82,47,35,0.573,3981.0,0.465,0.285,0.158,0.317,0.464,0.295,0.156,0.269,1,11,11,11,7,24,20,18,3,7,13,14,5,10,New Orleans Hornets,2002-03
1610612752,New York Knicks,82,37,45,0.451,3971.0,0.486,0.241,0.148,0.244,0.485,0.339,0.153,0.282,1,20,20,20,10,9,29,7,28,24,26,19,15,10,New York Knicks,2002-03
1610612753,Orlando Magic,82,42,40,0.512,3961.0,0.478,0.307,0.149,0.27,0.486,0.326,0.169,0.289,1,16,16,16,20,11,13,8,22,25,23,6,18,10,Orlando Magic,2002-03
1610612755,Philadelphia 76ers,82,48,34,0.585,3971.0,0.466,0.339,0.155,0.303,0.488,0.32,0.181,0.273,1,9,9,9,11,23,5,15,7,26,21,2,9,10,Philadelphia 76ers,2002-03
1610612756,Phoenix Suns,82,44,38,0.537,3961.0,0.473,0.285,0.155,0.297,0.47,0.29,0.168,0.297,1,13,13,13,20,15,21,14,10,11,10,7,23,10,Phoenix Suns,2002-03
1610612757,Portland Trail Blazers,82,50,32,0.61,3970.0,0.489,0.3,0.164,0.302,0.483,0.254,0.166,0.277,1,5,5,5,13,5,16,21,8,21,1,9,12,10,Portland Trail Blazers,2002-03
1610612758,Sacramento Kings,82,59,23,0.72,3966.0,0.499,0.262,0.147,0.256,0.446,0.275,0.156,0.294,1,3,3,3,14,2,26,6,26,1,6,16,21,10,Sacramento Kings,2002-03
1610612759,San Antonio Spurs,82,60,22,0.732,3966.0,0.497,0.348,0.17,0.288,0.453,0.259,0.161,0.287,1,1,1,1,14,4,2,24,13,2,2,12,17,10,San Antonio Spurs,2002-03
1610612760,Seattle SuperSonics,82,40,42,0.488,3971.0,0.472,0.27,0.144,0.281,0.484,0.283,0.161,0.282,1,18,18,18,11,16,24,3,17,22,8,10,14,10,Seattle SuperSonics,2002-03
1610612761,Toronto Raptors,82,24,58,0.293,3961.0,0.458,0.282,0.154,0.282,0.489,0.298,0.148,0.293,1,27,27,27,20,26,23,12,15,27,15,24,20,10,Toronto Raptors,2002-03
1610612762,Utah Jazz,82,47,35,0.573,3956.0,0.486,0.38,0.181,0.325,0.468,0.338,0.172,0.298,1,11,11,11,24,10,1,27,2,8,25,4,24,10,Utah Jazz,2002-03
1610612764,Washington Wizards,82,37,45,0.451,3966.0,0.46,0.325,0.146,0.273,0.477,0.275,0.156,0.284,1,20,20,20,14,25,8,5,20,16,7,15,16,10,Washington Wizards,2002-03
1610612737,Atlanta Hawks,82,28,54,0.341,3981.0,0.465,0.303,0.174,0.286,0.476,0.307,0.148,0.295,1,25,25,25,4,18,15,26,12,18,18,23,18,10,Atlanta Hawks,2003-04
1610612738,Boston Celtics,82,36,46,0.439,3941.0,0.486,0.327,0.17,0.252,0.479,0.325,0.178,0.305,1,20,20,20,28,5,7,23,28,19,24,2,24,10,Boston Celtics,2003-04
1610612741,Chicago Bulls,82,23,59,0.28,3966.0,0.446,0.271,0.169,0.281,0.469,0.339,0.16,0.286,1,28,28,28,14,29,23,21,17,13,27,16,15,10,Chicago Bulls,2003-04
1610612739,Cleveland Cavaliers,82,35,47,0.427,3971.0,0.451,0.3,0.157,0.311,0.469,0.294,0.138,0.27,1,21,21,21,7,28,16,9,5,14,14,29,7,10,Cleveland Cavaliers,2003-04
1610612742,Dallas Mavericks,82,52,30,0.634,3961.0,0.495,0.256,0.127,0.314,0.498,0.287,0.157,0.284,1,7,7,7,15,3,29,1,3,28,7,18,14,10,Dallas Mavericks,2003-04
1610612743,Denver Nuggets,82,43,39,0.524,3946.0,0.467,0.319,0.162,0.305,0.481,0.303,0.177,0.307,1,11,11,11,26,17,11,17,8,20,16,3,26,10,Denver Nuggets,2003-04
1610612765,Detroit Pistons,82,54,28,0.659,3956.0,0.461,0.328,0.166,0.301,0.441,0.271,0.175,0.282,1,6,6,6,19,20,6,20,9,2,3,5,13,10,Detroit Pistons,2003-04
1610612744,Golden State Warriors,82,37,45,0.451,3971.0,0.475,0.311,0.159,0.284,0.476,0.283,0.15,0.279,1,18,18,18,7,12,13,12,14,16,5,21,11,10,Golden State Warriors,2003-04
1610612745,Houston Rockets,82,45,37,0.549,3986.0,0.484,0.286,0.183,0.265,0.447,0.316,0.147,0.255,1,10,10,10,3,6,21,27,25,4,22,25,2,10,Houston Rockets,2003-04
1610612754,Indiana Pacers,82,61,21,0.744,3961.0,0.471,0.319,0.159,0.285,0.459,0.291,0.176,0.261,1,1,1,1,15,16,12,13,13,6,12,4,4,10,Indiana Pacers,2003-04
1610612746,Los Angeles Clippers,82,28,54,0.341,3961.0,0.453,0.35,0.173,0.328,0.494,0.312,0.146,0.3,1,25,25,25,15,27,3,24,2,27,20,27,20,10,Los Angeles Clippers,2003-04
1610612747,Los Angeles Lakers,82,56,26,0.683,3971.0,0.481,0.352,0.144,0.281,0.471,0.296,0.16,0.267,1,4,4,4,7,7,2,4,16,15,15,15,6,10,Los Angeles Lakers,2003-04
1610612763,Memphis Grizzlies,82,50,32,0.61,3976.0,0.479,0.322,0.158,0.295,0.465,0.328,0.179,0.316,1,8,8,8,5,8,8,11,11,10,25,1,29,10,Memphis Grizzlies,2003-04
1610612748,Miami Heat,82,42,40,0.512,3951.0,0.463,0.298,0.152,0.274,0.463,0.338,0.162,0.266,1,12,12,12,23,19,17,7,21,9,26,13,5,10,Miami Heat,2003-04
1610612749,Milwaukee Bucks,82,41,41,0.5,3956.0,0.477,0.33,0.143,0.276,0.485,0.287,0.15,0.282,1,14,14,14,19,10,5,3,20,24,8,22,12,10,Milwaukee Bucks,2003-04
1610612750,Minnesota Timberwolves,82,58,24,0.707,3951.0,0.486,0.265,0.139,0.267,0.444,0.286,0.146,0.275,1,2,2,2,23,4,27,2,23,3,6,26,9,10,Minnesota Timberwolves,2003-04
1610612751,New Jersey Nets,82,47,35,0.573,3941.0,0.471,0.291,0.16,0.259,0.46,0.29,0.175,0.261,1,9,9,9,28,15,20,16,27,7,11,6,3,10,New Jersey Nets,2003-04
1610612740,New Orleans Hornets,82,41,41,0.5,3966.0,0.46,0.293,0.162,0.306,0.476,0.291,0.169,0.287,1,14,14,14,11,22,19,18,7,17,13,8,16,10,New Orleans Hornets,2003-04
1610612752,New York Knicks,82,39,43,0.476,3976.0,0.474,0.266,0.169,0.28,0.461,0.339,0.148,0.272,1,17,17,17,5,13,26,22,19,8,28,24,8,10,New York Knicks,2003-04
1610612753,Orlando Magic,82,21,61,0.256,3966.0,0.461,0.296,0.145,0.281,0.502,0.289,0.144,0.313,1,29,29,29,13,21,18,5,18,29,9,28,27,10,Orlando Magic,2003-04
1610612755,Philadelphia 76ers,82,33,49,0.402,3971.0,0.456,0.321,0.174,0.282,0.467,0.311,0.166,0.293,1,22,22,22,7,24,10,25,15,11,19,10,17,10,Philadelphia 76ers,2003-04
1610612756,Phoenix Suns,82,29,53,0.354,3946.0,0.475,0.28,0.16,0.266,0.482,0.314,0.166,0.301,1,24,24,24,26,11,22,14,24,22,21,12,22,10,Phoenix Suns,2003-04
1610612757,Portland Trail Blazers,82,41,41,0.5,3996.0,0.478,0.267,0.164,0.312,0.482,0.246,0.152,0.3,1,14,14,14,1,9,25,19,4,21,1,20,21,10,Portland Trail Blazers,2003-04
1610612758,Sacramento Kings,82,55,27,0.671,3956.0,0.507,0.305,0.145,0.26,0.483,0.257,0.156,0.302,1,5,5,5,22,1,14,6,26,23,2,19,23,10,Sacramento Kings,2003-04
1610612759,San Antonio Spurs,82,57,25,0.695,3951.0,0.473,0.322,0.16,0.295,0.433,0.289,0.166,0.254,1,3,3,3,25,14,9,15,10,1,10,11,1,10,San Antonio Spurs,2003-04
1610612760,Seattle SuperSonics,82,37,45,0.451,3961.0,0.501,0.27,0.155,0.272,0.487,0.306,0.158,0.315,1,18,18,18,15,2,24,8,22,26,17,17,28,10,Seattle SuperSonics,2003-04
1610612761,Toronto Raptors,82,33,49,0.402,3996.0,0.454,0.26,0.157,0.238,0.449,0.323,0.161,0.299,1,22,22,22,2,25,28,10,29,5,23,14,19,10,Toronto Raptors,2003-04
1610612762,Utah Jazz,82,42,40,0.512,3956.0,0.456,0.356,0.184,0.341,0.468,0.414,0.172,0.276,1,12,12,12,19,23,1,29,1,12,29,7,10,10,Utah Jazz,2003-04
1610612764,Washington Wizards,82,25,57,0.305,3966.0,0.454,0.337,0.183,0.307,0.486,0.278,0.169,0.305,1,27,27,27,11,26,4,28,6,25,4,9,25,10,Washington Wizards,2003-04
1610612737,Atlanta Hawks,82,13,69,0.159,3971.0,0.464,0.299,0.17,0.307,0.513,0.375,0.156,0.279,1,30,30,30,12,27,25,27,6,30,29,15,9,10,Atlanta Hawks,2004-05
1610612738,Boston Celtics,82,45,37,0.549,3976.0,0.501,0.357,0.164,0.272,0.481,0.364,0.16,0.299,1,11,11,11,10,3,6,24,23,14,27,10,24,10,Boston Celtics,2004-05
1610612766,Charlotte Bobcats,82,18,64,0.22,3976.0,0.455,0.306,0.151,0.295,0.497,0.35,0.165,0.291,1,28,28,28,8,29,23,14,11,24,22,5,21,10,Charlotte Bobcats,2004-05
1610612741,Chicago Bulls,82,47,35,0.573,3966.0,0.471,0.311,0.174,0.284,0.454,0.352,0.162,0.274,1,10,10,10,16,24,21,30,18,2,26,9,7,10,Chicago Bulls,2004-05
1610612739,Cleveland Cavaliers,82,42,40,0.512,3971.0,0.47,0.325,0.149,0.325,0.485,0.331,0.158,0.285,1,17,17,17,11,25,15,11,1,17,16,12,12,10,Cleveland Cavaliers,2004-05
1610612742,Dallas Mavericks,82,58,24,0.707,3946.0,0.492,0.346,0.141,0.286,0.472,0.316,0.163,0.298,1,4,4,4,27,8,9,5,17,8,12,8,23,10,Dallas Mavericks,2004-05
1610612743,Denver Nuggets,82,49,33,0.598,3951.0,0.483,0.35,0.155,0.284,0.482,0.331,0.169,0.283,1,9,9,9,25,15,7,18,19,15,17,3,11,10,Denver Nuggets,2004-05
1610612765,Detroit Pistons,82,54,28,0.659,3991.0,0.472,0.335,0.152,0.312,0.461,0.276,0.152,0.27,1,5,5,5,3,23,11,15,4,5,3,19,5,10,Detroit Pistons,2004-05
1610612744,Golden State Warriors,82,34,48,0.415,3981.0,0.475,0.278,0.14,0.278,0.491,0.305,0.158,0.303,1,21,21,21,5,21,29,4,21,19,9,13,27,10,Golden State Warriors,2004-05
1610612745,Houston Rockets,82,51,31,0.622,3971.0,0.486,0.309,0.15,0.263,0.459,0.329,0.144,0.255,1,7,7,7,13,11,22,13,27,3,15,25,1,10,Houston Rockets,2004-05
1610612754,Indiana Pacers,82,44,38,0.537,3981.0,0.476,0.358,0.158,0.264,0.472,0.35,0.154,0.287,1,14,14,14,7,18,4,20,26,7,23,17,15,10,Indiana Pacers,2004-05
1610612746,Los Angeles Clippers,82,37,45,0.451,4006.0,0.477,0.357,0.168,0.303,0.48,0.308,0.147,0.287,1,19,19,19,1,17,5,26,7,13,11,22,14,10,Los Angeles Clippers,2004-05
1610612747,Los Angeles Lakers,82,34,48,0.415,3956.0,0.485,0.322,0.152,0.295,0.493,0.279,0.125,0.289,1,21,21,21,19,12,17,16,10,22,5,30,20,10,Los Angeles Lakers,2004-05
1610612763,Memphis Grizzlies,82,45,37,0.549,3941.0,0.489,0.323,0.16,0.271,0.466,0.351,0.174,0.301,1,11,11,11,29,9,16,22,24,6,24,1,26,10,Memphis Grizzlies,2004-05
1610612748,Miami Heat,82,59,23,0.72,3996.0,0.524,0.387,0.146,0.27,0.46,0.318,0.139,0.259,1,2,2,2,2,2,1,7,25,4,13,26,2,10,Miami Heat,2004-05
1610612749,Milwaukee Bucks,82,30,52,0.366,3956.0,0.475,0.339,0.147,0.29,0.499,0.303,0.139,0.28,1,25,25,25,19,19,10,8,14,27,8,27,10,10,Milwaukee Bucks,2004-05
1610612750,Minnesota Timberwolves,82,44,38,0.537,3951.0,0.489,0.275,0.143,0.286,0.472,0.277,0.128,0.286,1,14,14,14,24,10,30,6,16,9,4,29,13,10,Minnesota Timberwolves,2004-05
1610612751,New Jersey Nets,82,42,40,0.512,3981.0,0.463,0.318,0.153,0.255,0.479,0.374,0.169,0.268,1,17,17,17,5,28,18,17,28,11,28,4,4,10,New Jersey Nets,2004-05
1610612740,New Orleans Hornets,82,18,64,0.22,3986.0,0.446,0.279,0.161,0.291,0.491,0.337,0.157,0.293,1,28,28,28,4,30,28,23,13,20,19,14,22,10,New Orleans Hornets,2004-05
1610612752,New York Knicks,82,33,49,0.402,3976.0,0.485,0.312,0.155,0.283,0.501,0.351,0.156,0.288,1,23,23,23,8,13,20,19,20,29,25,16,18,10,New York Knicks,2004-05
1610612753,Orlando Magic,82,36,46,0.439,3941.0,0.478,0.35,0.165,0.299,0.484,0.338,0.149,0.287,1,20,20,20,29,16,8,25,8,16,20,21,17,10,Orlando Magic,2004-05
1610612755,Philadelphia 76ers,82,43,39,0.524,3971.0,0.475,0.326,0.158,0.254,0.485,0.347,0.173,0.273,1,16,16,16,15,20,14,21,29,18,21,2,6,10,Philadelphia 76ers,2004-05
1610612756,Phoenix Suns,82,62,20,0.756,3956.0,0.534,0.296,0.139,0.275,0.478,0.237,0.139,0.317,1,1,1,1,19,1,26,3,22,10,1,28,29,10,Phoenix Suns,2004-05
1610612757,Portland Trail Blazers,82,27,55,0.329,3946.0,0.484,0.303,0.172,0.296,0.479,0.271,0.145,0.323,1,26,26,26,27,14,24,29,9,12,2,24,30,10,Portland Trail Blazers,2004-05
1610612758,Sacramento Kings,82,50,32,0.61,3971.0,0.496,0.287,0.136,0.288,0.493,0.29,0.152,0.31,1,8,8,8,14,4,27,1,15,21,6,18,28,10,Sacramento Kings,2004-05
1610612759,San Antonio Spurs,82,59,23,0.72,3961.0,0.492,0.329,0.15,0.291,0.452,0.307,0.164,0.264,1,2,2,2,18,6,12,12,12,1,10,7,3,10,San Antonio Spurs,2004-05
1610612760,Seattle SuperSonics,82,52,30,0.634,3951.0,0.495,0.328,0.148,0.324,0.496,0.333,0.145,0.287,1,6,6,6,25,5,13,10,2,23,18,23,16,10,Seattle SuperSonics,2004-05
1610612761,Toronto Raptors,82,33,49,0.402,3961.0,0.492,0.316,0.139,0.237,0.499,0.323,0.151,0.289,1,23,23,23,17,7,19,2,30,28,14,20,19,10,Toronto Raptors,2004-05
1610612762,Utah Jazz,82,26,56,0.317,3956.0,0.469,0.361,0.171,0.319,0.499,0.445,0.159,0.277,1,27,27,27,23,26,3,28,3,26,30,11,8,10,Utah Jazz,2004-05
1610612764,Washington Wizards,82,45,37,0.549,3956.0,0.474,0.364,0.148,0.311,0.498,0.301,0.165,0.3,1,11,11,11,19,22,2,9,5,25,7,6,25,10,Washington Wizards,2004-05
1610612737,Atlanta Hawks,82,26,56,0.317,3976.0,0.486,0.34,0.167,0.314,0.513,0.369,0.159,0.305,1,27,27,27,9,20,13,27,3,27,26,8,28,10,Atlanta Hawks,2005-06
1610612738,Boston Celtics,82,33,49,0.402,3976.0,0.504,0.349,0.173,0.255,0.49,0.38,0.154,0.272,1,24,24,24,12,4,9,29,23,16,28,13,14,10,Boston Celtics,2005-06
1610612766,Charlotte Bobcats,82,26,56,0.317,3981.0,0.464,0.319,0.146,0.271,0.514,0.356,0.184,0.293,1,27,27,27,5,29,21,7,13,28,23,1,27,10,Charlotte Bobcats,2005-06
1610612741,Chicago Bulls,82,41,41,0.5,3981.0,0.487,0.292,0.155,0.263,0.464,0.379,0.154,0.253,1,14,14,14,8,16,29,21,19,3,27,12,5,10,Chicago Bulls,2005-06
1610612739,Cleveland Cavaliers,82,50,32,0.61,3966.0,0.492,0.362,0.149,0.284,0.49,0.304,0.142,0.243,1,6,6,6,17,13,7,12,10,18,5,28,4,10,Cleveland Cavaliers,2005-06
1610612742,Dallas Mavericks,82,60,22,0.732,3976.0,0.495,0.364,0.149,0.318,0.475,0.342,0.154,0.278,1,3,3,3,9,10,5,11,2,8,19,14,17,10,Dallas Mavericks,2005-06
1610612743,Denver Nuggets,82,44,38,0.537,3986.0,0.488,0.347,0.152,0.268,0.493,0.309,0.165,0.28,1,11,11,11,3,15,10,14,16,20,7,4,20,10,Denver Nuggets,2005-06
1610612765,Detroit Pistons,82,64,18,0.78,3966.0,0.497,0.297,0.126,0.289,0.477,0.26,0.155,0.288,1,1,1,1,17,7,28,1,7,11,1,10,25,10,Detroit Pistons,2005-06
1610612744,Golden State Warriors,82,34,48,0.415,3966.0,0.479,0.323,0.146,0.269,0.492,0.328,0.159,0.284,1,22,22,22,17,24,19,6,14,19,15,7,22,10,Golden State Warriors,2005-06
1610612745,Houston Rockets,82,34,48,0.415,3966.0,0.471,0.317,0.16,0.255,0.472,0.338,0.146,0.254,1,22,22,22,17,27,22,23,24,6,16,25,7,10,Houston Rockets,2005-06
1610612754,Indiana Pacers,82,41,41,0.5,3946.0,0.487,0.344,0.165,0.271,0.464,0.317,0.147,0.274,1,14,14,14,30,19,12,26,12,2,10,24,15,10,Indiana Pacers,2005-06
1610612746,Los Angeles Clippers,82,47,35,0.573,3961.0,0.487,0.332,0.153,0.254,0.471,0.328,0.135,0.241,1,9,9,9,26,18,17,15,25,5,14,30,3,10,Los Angeles Clippers,2005-06
1610612747,Los Angeles Lakers,82,45,37,0.549,3971.0,0.495,0.329,0.148,0.288,0.486,0.324,0.149,0.264,1,10,10,10,13,11,18,10,8,12,13,21,9,10,Los Angeles Lakers,2005-06
1610612763,Memphis Grizzlies,82,49,33,0.598,3971.0,0.496,0.339,0.155,0.258,0.469,0.315,0.166,0.28,1,7,7,7,13,8,14,20,21,4,8,3,21,10,Memphis Grizzlies,2005-06
1610612748,Miami Heat,82,52,30,0.634,3951.0,0.517,0.363,0.154,0.267,0.477,0.34,0.137,0.236,1,5,5,5,28,2,6,17,17,10,17,29,1,10,Miami Heat,2005-06
1610612749,Milwaukee Bucks,82,40,42,0.488,3971.0,0.492,0.322,0.154,0.273,0.504,0.35,0.153,0.254,1,17,17,17,13,14,20,18,11,23,21,17,6,10,Milwaukee Bucks,2005-06
1610612750,Minnesota Timberwolves,82,33,49,0.402,3971.0,0.48,0.299,0.157,0.252,0.475,0.32,0.151,0.287,1,24,24,24,13,23,26,22,28,7,11,19,24,10,Minnesota Timberwolves,2005-06
1610612751,New Jersey Nets,82,49,33,0.598,3956.0,0.478,0.346,0.148,0.24,0.476,0.359,0.155,0.237,1,7,7,7,27,25,11,9,29,9,24,11,2,10,New Jersey Nets,2005-06
1610612740,New Orleans Hornets,82,38,44,0.463,3961.0,0.464,0.339,0.145,0.269,0.502,0.32,0.159,0.266,1,18,18,18,24,30,15,4,15,22,12,6,10,10,New Orleans Hornets,2005-06
1610612752,New York Knicks,82,23,59,0.28,3986.0,0.481,0.417,0.187,0.312,0.511,0.39,0.149,0.272,1,29,29,29,4,22,1,30,4,26,29,22,13,10,New York Knicks,2005-06
1610612753,Orlando Magic,82,36,46,0.439,3981.0,0.496,0.369,0.165,0.285,0.49,0.361,0.146,0.275,1,20,20,20,5,9,4,25,9,15,25,26,16,10,Orlando Magic,2005-06
1610612755,Philadelphia 76ers,82,38,44,0.463,3981.0,0.487,0.356,0.148,0.256,0.5,0.315,0.16,0.287,1,18,18,18,5,17,8,8,22,21,9,5,23,10,Philadelphia 76ers,2005-06
1610612756,Phoenix Suns,82,54,28,0.659,3991.0,0.537,0.206,0.134,0.221,0.49,0.274,0.149,0.279,1,4,4,4,1,1,30,2,30,17,2,23,19,10,Phoenix Suns,2005-06
1610612757,Portland Trail Blazers,82,21,61,0.256,3946.0,0.474,0.31,0.162,0.266,0.507,0.305,0.144,0.318,1,30,30,30,29,26,25,24,18,25,6,27,30,10,Portland Trail Blazers,2005-06
1610612758,Sacramento Kings,82,44,38,0.537,3966.0,0.492,0.334,0.154,0.254,0.488,0.281,0.154,0.278,1,11,11,11,17,12,16,16,26,13,3,15,18,10,Sacramento Kings,2005-06
1610612759,San Antonio Spurs,82,63,19,0.768,3961.0,0.513,0.298,0.151,0.26,0.457,0.298,0.151,0.258,1,2,2,2,24,3,27,13,20,1,4,18,8,10,San Antonio Spurs,2005-06
1610612760,Seattle SuperSonics,82,35,47,0.427,3966.0,0.504,0.314,0.154,0.304,0.527,0.342,0.153,0.31,1,21,21,21,22,5,24,19,5,29,18,16,29,10,Seattle SuperSonics,2005-06
1610612761,Toronto Raptors,82,27,55,0.329,3991.0,0.5,0.315,0.138,0.254,0.53,0.352,0.15,0.267,1,26,26,26,1,6,23,3,27,30,22,20,11,10,Toronto Raptors,2005-06
1610612762,Utah Jazz,82,41,41,0.5,3976.0,0.467,0.397,0.172,0.324,0.49,0.406,0.156,0.268,1,14,14,14,9,28,2,28,1,14,30,9,12,10,Utah Jazz,2005-06
1610612764,Washington Wizards,82,42,40,0.512,3966.0,0.484,0.375,0.145,0.295,0.504,0.343,0.17,0.291,1,13,13,13,23,21,3,5,6,24,20,2,26,10,Washington Wizards,2005-06
1610612737,Atlanta Hawks,82,30,52,0.366,3976.0,0.471,0.346,0.17,0.292,0.503,0.365,0.163,0.291,1,27,27,27,12,30,9,26,5,21,26,8,26,10,Atlanta Hawks,2006-07
1610612738,Boston Celtics,82,24,58,0.293,3971.0,0.479,0.337,0.172,0.27,0.502,0.375,0.161,0.262,1,29,29,29,14,27,11,28,18,20,28,14,12,10,Boston Celtics,2006-07
1610612766,Charlotte Bobcats,82,33,49,0.402,4001.0,0.48,0.322,0.155,0.264,0.5,0.373,0.165,0.284,1,21,21,21,2,25,15,11,19,18,27,6,22,10,Charlotte Bobcats,2006-07
1610612741,Chicago Bulls,82,49,33,0.598,3956.0,0.493,0.313,0.166,0.286,0.473,0.346,0.18,0.257,1,8,8,8,22,17,21,24,9,3,21,2,10,10,Chicago Bulls,2006-07
1610612739,Cleveland Cavaliers,82,50,32,0.61,3976.0,0.484,0.32,0.152,0.297,0.48,0.331,0.163,0.242,1,7,7,7,8,22,17,9,3,7,17,9,2,10,Cleveland Cavaliers,2006-07
1610612742,Dallas Mavericks,82,67,15,0.817,3951.0,0.509,0.317,0.151,0.287,0.477,0.355,0.157,0.25,1,1,1,1,27,5,18,7,8,4,24,18,5,10,Dallas Mavericks,2006-07
1610612743,Denver Nuggets,82,45,37,0.549,3956.0,0.501,0.36,0.164,0.289,0.499,0.274,0.162,0.282,1,10,10,10,22,12,6,23,7,15,3,11,21,10,Denver Nuggets,2006-07
1610612765,Detroit Pistons,82,53,29,0.646,3976.0,0.488,0.307,0.135,0.283,0.477,0.317,0.162,0.291,1,4,4,4,8,21,22,1,11,5,12,13,25,10,Detroit Pistons,2006-07
1610612744,Golden State Warriors,82,42,40,0.512,3951.0,0.512,0.3,0.157,0.256,0.506,0.352,0.182,0.304,1,12,12,12,29,3,24,12,23,24,23,1,29,10,Golden State Warriors,2006-07
1610612745,Houston Rockets,82,52,30,0.634,3971.0,0.499,0.292,0.152,0.257,0.466,0.308,0.15,0.23,1,5,5,5,14,15,25,8,22,1,8,25,1,10,Houston Rockets,2006-07
1610612754,Indiana Pacers,82,35,47,0.427,3956.0,0.474,0.324,0.17,0.284,0.491,0.36,0.165,0.273,1,19,19,19,24,29,14,27,10,11,25,5,16,10,Indiana Pacers,2006-07
1610612746,Los Angeles Clippers,82,40,42,0.488,3946.0,0.481,0.355,0.162,0.272,0.488,0.333,0.148,0.253,1,16,16,16,30,24,8,17,17,9,18,28,6,10,Los Angeles Clippers,2006-07
1610612747,Los Angeles Lakers,82,42,40,0.512,4006.0,0.511,0.333,0.159,0.261,0.5,0.345,0.151,0.277,1,12,12,12,1,4,12,15,20,17,20,24,18,10,Los Angeles Lakers,2006-07
1610612763,Memphis Grizzlies,82,22,60,0.268,3996.0,0.504,0.374,0.168,0.259,0.529,0.313,0.157,0.289,1,30,30,30,5,9,5,25,21,30,9,19,23,10,Memphis Grizzlies,2006-07
1610612748,Miami Heat,82,44,38,0.537,3971.0,0.506,0.321,0.159,0.249,0.485,0.313,0.154,0.267,1,11,11,11,14,6,16,16,25,8,10,21,14,10,Miami Heat,2006-07
1610612749,Milwaukee Bucks,82,28,54,0.341,3971.0,0.504,0.286,0.158,0.276,0.522,0.316,0.164,0.319,1,28,28,28,14,8,29,14,15,29,11,7,30,10,Milwaukee Bucks,2006-07
1610612750,Minnesota Timberwolves,82,32,50,0.39,4001.0,0.49,0.291,0.164,0.252,0.498,0.297,0.15,0.279,1,24,24,24,3,20,26,22,24,14,7,27,19,10,Minnesota Timberwolves,2006-07
1610612751,New Jersey Nets,82,41,41,0.5,3976.0,0.504,0.338,0.157,0.246,0.49,0.349,0.152,0.256,1,14,14,14,8,7,10,13,26,10,22,22,9,10,New Jersey Nets,2006-07
1610612740,New Orleans Hornets,82,39,43,0.476,3976.0,0.479,0.291,0.154,0.291,0.499,0.28,0.146,0.253,1,18,18,18,13,28,27,10,6,16,4,29,7,10,New Orleans Hornets,2006-07
1610612752,New York Knicks,82,33,49,0.402,4001.0,0.494,0.377,0.181,0.31,0.504,0.325,0.145,0.26,1,21,21,21,4,16,4,29,2,23,16,30,11,10,New York Knicks,2006-07
1610612753,Orlando Magic,82,40,42,0.488,3956.0,0.5,0.393,0.183,0.293,0.48,0.376,0.162,0.263,1,16,16,16,25,13,1,30,4,6,29,10,13,10,Orlando Magic,2006-07
1610612755,Philadelphia 76ers,82,35,47,0.427,3976.0,0.48,0.333,0.163,0.272,0.501,0.293,0.166,0.292,1,19,19,19,8,26,13,20,16,19,6,4,28,10,Philadelphia 76ers,2006-07
1610612756,Phoenix Suns,82,61,21,0.744,3981.0,0.551,0.267,0.147,0.227,0.492,0.268,0.152,0.281,1,2,2,2,7,1,30,4,29,12,1,23,20,10,Phoenix Suns,2006-07
1610612757,Portland Trail Blazers,82,32,50,0.39,3991.0,0.483,0.314,0.163,0.282,0.508,0.343,0.15,0.27,1,24,24,24,6,23,19,19,12,25,19,26,15,10,Portland Trail Blazers,2006-07
1610612758,Sacramento Kings,82,33,49,0.402,3961.0,0.491,0.379,0.149,0.231,0.513,0.317,0.166,0.275,1,21,21,21,20,19,3,5,28,26,13,3,17,10,Sacramento Kings,2006-07
1610612759,San Antonio Spurs,82,58,24,0.707,3956.0,0.521,0.313,0.15,0.242,0.471,0.272,0.155,0.243,1,3,3,3,26,2,20,6,27,2,2,20,3,10,San Antonio Spurs,2006-07
1610612760,Seattle SuperSonics,82,31,51,0.378,3966.0,0.499,0.288,0.162,0.278,0.515,0.323,0.158,0.291,1,26,26,26,18,14,28,18,14,27,15,17,27,10,Seattle SuperSonics,2006-07
1610612761,Toronto Raptors,82,47,35,0.573,3951.0,0.504,0.303,0.142,0.222,0.503,0.29,0.159,0.255,1,9,9,9,27,10,23,3,30,22,5,16,8,10,Toronto Raptors,2006-07
1610612762,Utah Jazz,82,51,31,0.622,3961.0,0.502,0.38,0.164,0.317,0.496,0.409,0.159,0.249,1,6,6,6,20,11,2,21,1,13,30,15,4,10,Utah Jazz,2006-07
1610612764,Washington Wizards,82,41,41,0.5,3966.0,0.491,0.356,0.141,0.281,0.517,0.32,0.162,0.29,1,14,14,14,19,18,7,2,13,28,14,12,24,10,Washington Wizards,2006-07
1610612737,Atlanta Hawks,82,37,45,0.451,3971.0,0.483,0.34,0.158,0.297,0.501,0.289,0.145,0.283,1,19,19,19,5,21,7,26,4,15,13,15,26,10,Atlanta Hawks,2007-08
1610612738,Boston Celtics,82,66,16,0.805,3951.0,0.522,0.346,0.163,0.266,0.457,0.341,0.17,0.256,1,1,1,1,22,5,6,29,18,1,26,1,8,10,Boston Celtics,2007-08
1610612766,Charlotte Bobcats,82,32,50,0.39,3976.0,0.492,0.323,0.154,0.256,0.505,0.314,0.151,0.29,1,23,23,23,3,16,10,22,20,21,17,10,28,10,Charlotte Bobcats,2007-08
1610612741,Chicago Bulls,82,33,49,0.402,3961.0,0.47,0.296,0.152,0.289,0.496,0.337,0.159,0.269,1,22,22,22,16,28,19,17,8,11,23,5,18,10,Chicago Bulls,2007-08
1610612739,Cleveland Cavaliers,82,45,37,0.549,3971.0,0.48,0.308,0.15,0.304,0.494,0.32,0.143,0.241,1,13,13,13,7,26,15,14,2,10,18,21,2,10,Cleveland Cavaliers,2007-08
1610612742,Dallas Mavericks,82,51,31,0.622,3946.0,0.502,0.318,0.137,0.267,0.474,0.331,0.131,0.25,1,10,10,10,25,12,12,5,16,4,22,30,5,10,Dallas Mavericks,2007-08
1610612743,Denver Nuggets,82,50,32,0.61,3971.0,0.51,0.358,0.143,0.255,0.499,0.278,0.158,0.279,1,11,11,11,8,9,1,9,21,14,8,6,22,10,Denver Nuggets,2007-08
1610612765,Detroit Pistons,82,59,23,0.72,3946.0,0.495,0.3,0.129,0.294,0.47,0.328,0.15,0.263,1,2,2,2,25,15,17,3,6,3,21,13,12,10,Detroit Pistons,2007-08
1610612744,Golden State Warriors,82,48,34,0.585,3956.0,0.511,0.276,0.13,0.272,0.509,0.34,0.165,0.297,1,12,12,12,18,7,25,4,12,23,25,4,30,10,Golden State Warriors,2007-08
1610612745,Houston Rockets,82,55,27,0.671,3946.0,0.492,0.276,0.147,0.291,0.465,0.29,0.143,0.252,1,6,6,6,29,17,26,12,7,2,14,18,7,10,Houston Rockets,2007-08
1610612754,Indiana Pacers,82,36,46,0.439,3951.0,0.498,0.292,0.15,0.244,0.498,0.358,0.157,0.261,1,20,20,20,24,14,21,15,23,13,29,7,10,10,Indiana Pacers,2007-08
1610612746,Los Angeles Clippers,82,23,59,0.28,3961.0,0.465,0.338,0.152,0.231,0.503,0.314,0.143,0.269,1,25,25,25,14,30,8,18,28,19,16,20,17,10,Los Angeles Clippers,2007-08
1610612747,Los Angeles Lakers,82,57,25,0.695,3956.0,0.525,0.333,0.143,0.263,0.485,0.284,0.145,0.266,1,3,3,3,18,4,9,10,19,7,9,17,15,10,Los Angeles Lakers,2007-08
1610612763,Memphis Grizzlies,82,22,60,0.268,3961.0,0.5,0.311,0.155,0.238,0.521,0.253,0.137,0.266,1,27,27,27,14,13,13,23,24,29,2,26,16,10,Memphis Grizzlies,2007-08
1610612748,Miami Heat,82,15,67,0.183,3966.0,0.482,0.3,0.157,0.221,0.51,0.325,0.152,0.281,1,30,30,30,9,24,16,25,30,24,19,9,24,10,Miami Heat,2007-08
1610612749,Milwaukee Bucks,82,26,56,0.317,3971.0,0.482,0.294,0.156,0.3,0.524,0.326,0.145,0.27,1,24,24,24,5,23,20,24,3,30,20,16,19,10,Milwaukee Bucks,2007-08
1610612750,Minnesota Timberwolves,82,22,60,0.268,3946.0,0.484,0.248,0.153,0.275,0.513,0.35,0.143,0.264,1,27,27,27,25,20,29,20,11,26,27,19,14,10,Minnesota Timberwolves,2007-08
1610612751,New Jersey Nets,82,34,48,0.415,3966.0,0.481,0.347,0.159,0.266,0.497,0.353,0.141,0.262,1,21,21,21,9,25,4,27,17,12,28,23,11,10,New Jersey Nets,2007-08
1610612740,New Orleans Hornets,82,56,26,0.683,3961.0,0.512,0.251,0.128,0.27,0.501,0.239,0.149,0.246,1,4,4,4,17,6,28,2,13,17,1,14,3,10,New Orleans Hornets,2007-08
1610612752,New York Knicks,82,23,59,0.28,3976.0,0.475,0.31,0.151,0.286,0.518,0.31,0.135,0.273,1,25,25,25,4,27,14,16,10,28,15,27,21,10,New York Knicks,2007-08
1610612753,Orlando Magic,82,52,30,0.634,3956.0,0.537,0.355,0.149,0.234,0.484,0.288,0.137,0.252,1,9,9,9,18,2,2,13,27,6,12,25,6,10,Orlando Magic,2007-08
1610612755,Philadelphia 76ers,82,40,42,0.488,3951.0,0.482,0.321,0.152,0.318,0.504,0.265,0.169,0.28,1,17,17,17,22,22,11,19,1,20,5,2,23,10,Philadelphia 76ers,2007-08
1610612756,Phoenix Suns,82,55,27,0.671,3956.0,0.551,0.292,0.146,0.224,0.488,0.254,0.134,0.291,1,6,6,6,18,1,22,11,29,8,3,28,29,10,Phoenix Suns,2007-08
1610612757,Portland Trail Blazers,82,41,41,0.5,3981.0,0.489,0.281,0.141,0.268,0.491,0.276,0.137,0.282,1,15,15,15,2,18,23,7,15,9,7,24,25,10,Portland Trail Blazers,2007-08
1610612758,Sacramento Kings,82,38,44,0.463,3966.0,0.503,0.346,0.164,0.252,0.51,0.34,0.156,0.283,1,18,18,18,12,11,5,30,22,25,24,8,27,10,Sacramento Kings,2007-08
1610612759,San Antonio Spurs,82,56,26,0.683,3946.0,0.504,0.276,0.139,0.234,0.477,0.266,0.142,0.229,1,4,4,4,25,10,24,6,26,5,6,22,1,10,San Antonio Spurs,2007-08
1610612760,Seattle SuperSonics,82,20,62,0.244,3966.0,0.467,0.265,0.16,0.268,0.503,0.287,0.133,0.263,1,29,29,29,13,29,27,28,14,18,10,29,13,10,Seattle SuperSonics,2007-08
1610612761,Toronto Raptors,82,41,41,0.5,3966.0,0.511,0.247,0.126,0.234,0.505,0.264,0.15,0.25,1,15,15,15,9,8,30,1,25,22,4,12,4,10,Toronto Raptors,2007-08
1610612762,Utah Jazz,82,54,28,0.659,3941.0,0.528,0.349,0.153,0.295,0.501,0.393,0.167,0.259,1,8,8,8,30,3,3,21,5,16,30,3,9,10,Utah Jazz,2007-08
1610612764,Washington Wizards,82,43,39,0.524,3981.0,0.489,0.297,0.142,0.289,0.513,0.288,0.151,0.272,1,14,14,14,1,19,18,8,9,27,11,11,20,10,Washington Wizards,2007-08
1610612737,Atlanta Hawks,82,47,35,0.573,3941.0,0.504,0.323,0.139,0.26,0.494,0.272,0.148,0.284,1,12,12,12,29,9,9,6,19,11,4,13,24,10,Atlanta Hawks,2008-09
1610612738,Boston Celtics,82,62,20,0.756,3976.0,0.528,0.328,0.167,0.279,0.47,0.329,0.155,0.244,1,3,3,3,10,2,8,29,8,3,24,9,3,10,Boston Celtics,2008-09
1610612766,Charlotte Bobcats,82,35,47,0.427,3986.0,0.494,0.312,0.169,0.277,0.498,0.304,0.16,0.27,1,19,19,19,3,19,11,30,12,13,18,5,17,10,Charlotte Bobcats,2008-09
1610612741,Chicago Bulls,82,41,41,0.5,3986.0,0.493,0.3,0.15,0.28,0.493,0.303,0.148,0.291,1,15,15,15,2,21,17,19,6,9,17,12,28,10,Chicago Bulls,2008-09
1610612739,Cleveland Cavaliers,82,66,16,0.805,3956.0,0.519,0.312,0.139,0.277,0.468,0.294,0.151,0.254,1,1,1,1,23,4,12,8,12,2,12,10,9,10,Cleveland Cavaliers,2008-09
1610612742,Dallas Mavericks,82,50,32,0.61,3961.0,0.504,0.274,0.135,0.266,0.493,0.282,0.137,0.254,1,9,9,9,19,10,27,4,16,10,7,26,8,10,Dallas Mavericks,2008-09
1610612743,Denver Nuggets,82,54,28,0.659,3946.0,0.512,0.382,0.158,0.275,0.485,0.331,0.158,0.283,1,5,5,5,27,7,1,25,15,5,25,7,23,10,Denver Nuggets,2008-09
1610612765,Detroit Pistons,82,39,43,0.476,3981.0,0.483,0.282,0.132,0.279,0.485,0.32,0.131,0.26,1,17,17,17,4,26,23,2,7,6,19,29,12,10,Detroit Pistons,2008-09
1610612744,Golden State Warriors,82,29,53,0.354,3976.0,0.497,0.339,0.144,0.261,0.508,0.323,0.147,0.319,1,24,24,24,8,18,5,13,18,20,21,15,30,10,Golden State Warriors,2008-09
1610612745,Houston Rockets,82,53,29,0.646,3961.0,0.501,0.292,0.151,0.264,0.479,0.257,0.133,0.247,1,8,8,8,14,13,20,20,17,4,2,28,4,10,Houston Rockets,2008-09
1610612754,Indiana Pacers,82,36,46,0.439,3966.0,0.501,0.267,0.145,0.254,0.499,0.354,0.141,0.255,1,18,18,18,11,15,29,14,21,15,27,22,10,10,Indiana Pacers,2008-09
1610612746,Los Angeles Clippers,82,19,63,0.232,3976.0,0.481,0.275,0.156,0.251,0.512,0.299,0.14,0.288,1,28,28,28,9,28,26,23,23,24,15,24,27,10,Los Angeles Clippers,2008-09
1610612747,Los Angeles Lakers,82,65,17,0.793,3956.0,0.513,0.299,0.138,0.294,0.49,0.283,0.16,0.27,1,2,2,2,22,6,18,5,3,8,9,6,18,10,Los Angeles Lakers,2008-09
1610612763,Memphis Grizzlies,82,24,58,0.293,3961.0,0.486,0.329,0.164,0.258,0.515,0.32,0.157,0.265,1,25,25,25,14,23,7,27,20,27,20,8,15,10,Memphis Grizzlies,2008-09
1610612748,Miami Heat,82,43,39,0.524,3991.0,0.5,0.282,0.134,0.246,0.501,0.325,0.162,0.271,1,14,14,14,1,16,24,3,24,16,22,4,19,10,Miami Heat,2008-09
1610612749,Milwaukee Bucks,82,34,48,0.415,3956.0,0.483,0.306,0.147,0.278,0.503,0.398,0.172,0.26,1,20,20,20,21,25,15,15,9,17,30,1,11,10,Milwaukee Bucks,2008-09
1610612750,Minnesota Timberwolves,82,24,58,0.293,3961.0,0.481,0.289,0.149,0.277,0.515,0.327,0.133,0.25,1,25,25,25,19,27,21,18,10,26,23,27,5,10,Minnesota Timberwolves,2008-09
1610612751,New Jersey Nets,82,34,48,0.415,3966.0,0.497,0.303,0.141,0.252,0.509,0.357,0.145,0.265,1,20,20,20,11,17,16,9,22,21,29,19,16,10,New Jersey Nets,2008-09
1610612740,New Orleans Hornets,82,49,33,0.598,3951.0,0.501,0.288,0.139,0.246,0.496,0.297,0.147,0.251,1,10,10,10,26,14,22,7,25,12,13,16,7,10,New Orleans Hornets,2008-09
1610612752,New York Knicks,82,32,50,0.39,3961.0,0.503,0.268,0.143,0.244,0.52,0.284,0.146,0.273,1,23,23,23,14,12,28,12,27,28,10,18,21,10,New York Knicks,2008-09
1610612760,Oklahoma City Thunder,82,23,59,0.28,3961.0,0.471,0.308,0.167,0.286,0.514,0.284,0.144,0.261,1,27,27,27,14,30,13,28,4,25,11,20,13,10,Oklahoma City Thunder,2008-09
1610612753,Orlando Magic,82,59,23,0.72,3946.0,0.52,0.351,0.148,0.24,0.465,0.277,0.137,0.241,1,4,4,4,28,3,3,16,28,1,6,25,2,10,Orlando Magic,2008-09
1610612755,Philadelphia 76ers,82,41,41,0.5,3951.0,0.485,0.339,0.152,0.313,0.507,0.276,0.168,0.286,1,15,15,15,24,24,4,21,2,19,5,2,25,10,Philadelphia 76ers,2008-09
1610612756,Phoenix Suns,82,46,36,0.561,3951.0,0.545,0.336,0.16,0.277,0.511,0.3,0.143,0.283,1,13,13,13,24,1,6,26,14,23,16,21,22,10,Phoenix Suns,2008-09
1610612757,Portland Trail Blazers,82,54,28,0.659,3966.0,0.511,0.306,0.143,0.326,0.499,0.282,0.147,0.25,1,5,5,5,11,8,14,11,1,14,8,17,6,10,Portland Trail Blazers,2008-09
1610612758,Sacramento Kings,82,17,65,0.207,3981.0,0.491,0.315,0.158,0.245,0.526,0.355,0.147,0.301,1,30,30,30,6,22,10,24,26,29,28,14,29,10,Sacramento Kings,2008-09
1610612759,San Antonio Spurs,82,54,28,0.659,3981.0,0.513,0.251,0.129,0.221,0.487,0.249,0.128,0.22,1,5,5,5,4,5,30,1,30,7,1,30,1,10,San Antonio Spurs,2008-09
1610612761,Toronto Raptors,82,33,49,0.402,3961.0,0.494,0.279,0.141,0.24,0.511,0.258,0.14,0.263,1,22,22,22,14,20,25,10,29,22,3,23,14,10,Toronto Raptors,2008-09
1610612762,Utah Jazz,82,48,34,0.585,3976.0,0.504,0.355,0.153,0.282,0.505,0.343,0.167,0.273,1,11,11,11,7,11,2,22,5,18,26,3,20,10,Utah Jazz,2008-09
1610612764,Washington Wizards,82,19,63,0.232,3941.0,0.48,0.293,0.149,0.277,0.533,0.298,0.149,0.286,1,28,28,28,30,29,19,17,11,30,14,11,26,10,Washington Wizards,2008-09
1610612737,Atlanta Hawks,82,53,29,0.646,3971.0,0.506,0.281,0.128,0.282,0.496,0.28,0.148,0.273,1,6,6,6,11,11,24,1,5,16,8,17,24,10,Atlanta Hawks,2009-10
1610612738,Boston Celtics,82,50,32,0.61,3956.0,0.522,0.332,0.158,0.228,0.487,0.337,0.166,0.262,1,9,9,9,17,5,7,27,28,9,25,2,13,10,Boston Celtics,2009-10
1610612766,Charlotte Bobcats,82,44,38,0.537,3976.0,0.49,0.346,0.168,0.265,0.491,0.262,0.164,0.258,1,15,15,15,5,24,2,30,17,12,2,3,10,10,Charlotte Bobcats,2009-10
1610612741,Chicago Bulls,82,41,41,0.5,3981.0,0.477,0.287,0.148,0.266,0.484,0.284,0.138,0.252,1,17,17,17,4,28,20,16,16,7,12,24,8,10,Chicago Bulls,2009-10
1610612739,Cleveland Cavaliers,82,61,21,0.744,3956.0,0.532,0.341,0.148,0.251,0.482,0.288,0.135,0.228,1,1,1,1,24,3,3,14,22,3,14,26,2,10,Cleveland Cavaliers,2009-10
1610612742,Dallas Mavericks,82,55,27,0.671,3976.0,0.506,0.277,0.136,0.243,0.495,0.272,0.151,0.263,1,4,4,4,5,13,26,2,26,15,5,11,15,10,Dallas Mavericks,2009-10
1610612743,Denver Nuggets,82,53,29,0.646,3956.0,0.509,0.376,0.141,0.261,0.495,0.326,0.154,0.276,1,6,6,6,17,10,1,8,19,14,23,9,26,10,Denver Nuggets,2009-10
1610612765,Detroit Pistons,82,27,55,0.329,3956.0,0.474,0.303,0.146,0.303,0.526,0.344,0.157,0.266,1,24,24,24,17,29,13,13,2,30,28,5,19,10,Detroit Pistons,2009-10
1610612744,Golden State Warriors,82,26,56,0.317,3946.0,0.514,0.294,0.142,0.209,0.525,0.34,0.171,0.315,1,26,26,26,27,8,17,9,30,28,26,1,30,10,Golden State Warriors,2009-10
1610612745,Houston Rockets,82,42,40,0.512,3981.0,0.494,0.292,0.148,0.269,0.511,0.281,0.151,0.262,1,16,16,16,2,20,18,15,12,21,10,12,12,10,Houston Rockets,2009-10
1610612754,Indiana Pacers,82,32,50,0.39,3941.0,0.491,0.296,0.151,0.216,0.49,0.341,0.15,0.27,1,21,21,21,29,23,15,19,29,10,27,13,22,10,Indiana Pacers,2009-10
1610612746,Los Angeles Clippers,82,29,53,0.354,3941.0,0.491,0.283,0.165,0.271,0.509,0.281,0.136,0.26,1,22,22,22,29,21,22,29,11,20,9,25,11,10,Los Angeles Clippers,2009-10
1610612747,Los Angeles Lakers,82,57,25,0.695,3966.0,0.496,0.289,0.139,0.276,0.484,0.26,0.147,0.256,1,3,3,3,12,15,19,5,7,6,1,19,9,10,Los Angeles Lakers,2009-10
1610612763,Memphis Grizzlies,82,40,42,0.488,3981.0,0.494,0.32,0.156,0.313,0.52,0.271,0.147,0.267,1,18,18,18,2,18,8,23,1,25,3,20,20,10,Memphis Grizzlies,2009-10
1610612748,Miami Heat,82,47,35,0.573,3976.0,0.496,0.296,0.143,0.261,0.48,0.326,0.155,0.251,1,13,13,13,5,16,14,10,20,2,24,8,6,10,Miami Heat,2009-10
1610612749,Milwaukee Bucks,82,46,36,0.561,3996.0,0.482,0.239,0.138,0.262,0.486,0.348,0.161,0.236,1,14,14,14,1,25,30,4,18,8,29,4,3,10,Milwaukee Bucks,2009-10
1610612750,Minnesota Timberwolves,82,15,67,0.183,3956.0,0.478,0.278,0.164,0.267,0.525,0.285,0.145,0.264,1,29,29,29,17,27,25,28,15,27,13,21,16,10,Minnesota Timberwolves,2009-10
1610612751,New Jersey Nets,82,12,70,0.146,3956.0,0.458,0.307,0.153,0.251,0.517,0.307,0.149,0.282,1,30,30,30,17,30,12,20,21,23,19,15,28,10,New Jersey Nets,2009-10
1610612740,New Orleans Hornets,82,37,45,0.451,3966.0,0.506,0.243,0.141,0.248,0.523,0.274,0.15,0.262,1,20,20,20,12,12,29,7,23,26,6,14,14,10,New Orleans Hornets,2009-10
1610612752,New York Knicks,82,29,53,0.354,3976.0,0.509,0.256,0.144,0.235,0.526,0.275,0.149,0.279,1,22,22,22,5,9,28,12,27,29,7,16,27,10,New York Knicks,2009-10
1610612760,Oklahoma City Thunder,82,50,32,0.61,3961.0,0.494,0.333,0.156,0.286,0.483,0.3,0.157,0.264,1,9,9,9,15,19,6,24,3,5,17,7,17,10,Oklahoma City Thunder,2009-10
1610612753,Orlando Magic,82,59,23,0.72,3946.0,0.536,0.34,0.15,0.246,0.477,0.272,0.135,0.226,1,2,2,2,28,2,4,17,25,1,4,27,1,10,Orlando Magic,2009-10
1610612755,Philadelphia 76ers,82,27,55,0.329,3961.0,0.496,0.27,0.154,0.276,0.518,0.302,0.153,0.268,1,24,24,24,16,17,27,22,9,24,18,10,21,10,Philadelphia 76ers,2009-10
1610612756,Phoenix Suns,82,54,28,0.659,3946.0,0.546,0.312,0.151,0.276,0.491,0.295,0.132,0.292,1,5,5,5,26,1,11,18,10,11,16,30,29,10,Phoenix Suns,2009-10
1610612757,Portland Trail Blazers,82,50,32,0.61,3971.0,0.499,0.315,0.136,0.282,0.502,0.294,0.148,0.252,1,9,9,9,10,14,10,3,4,17,15,18,7,10,Portland Trail Blazers,2009-10
1610612758,Sacramento Kings,82,25,57,0.305,3976.0,0.491,0.286,0.153,0.278,0.505,0.315,0.14,0.265,1,28,28,28,5,22,21,21,6,19,22,23,18,10,Sacramento Kings,2009-10
1610612759,San Antonio Spurs,82,50,32,0.61,3956.0,0.515,0.296,0.144,0.268,0.483,0.283,0.133,0.237,1,9,9,9,17,7,16,11,14,4,11,28,4,10,San Antonio Spurs,2009-10
1610612761,Toronto Raptors,82,40,42,0.488,3956.0,0.521,0.319,0.14,0.247,0.513,0.314,0.132,0.271,1,18,18,18,17,6,9,6,24,22,21,29,23,10,Toronto Raptors,2009-10
1610612762,Utah Jazz,82,53,29,0.646,3951.0,0.524,0.34,0.157,0.268,0.492,0.353,0.157,0.244,1,6,6,6,25,4,5,26,13,13,30,6,5,10,Utah Jazz,2009-10
1610612764,Washington Wizards,82,26,56,0.317,3966.0,0.481,0.283,0.157,0.276,0.502,0.313,0.144,0.276,1,26,26,26,12,26,23,25,8,18,20,22,25,10,Washington Wizards,2009-10
1610612737,Atlanta Hawks,82,44,38,0.537,3946.0,0.501,0.269,0.148,0.234,0.495,0.273,0.137,0.254,1,13,13,13,28,12,29,15,29,12,3,29,11,10,Atlanta Hawks,2010-11
1610612738,Boston Celtics,82,56,26,0.683,3956.0,0.519,0.305,0.157,0.211,0.469,0.31,0.165,0.253,1,6,6,6,20,7,10,24,30,2,21,3,9,10,Boston Celtics,2010-11
1610612766,Charlotte Bobcats,82,34,48,0.415,3961.0,0.482,0.314,0.157,0.257,0.5,0.294,0.142,0.248,1,22,22,22,18,25,6,25,18,14,10,23,6,10,Charlotte Bobcats,2010-11
1610612741,Chicago Bulls,82,62,20,0.756,3966.0,0.501,0.305,0.151,0.294,0.463,0.291,0.151,0.238,1,1,1,1,12,14,9,21,4,1,9,11,3,10,Chicago Bulls,2010-11
1610612739,Cleveland Cavaliers,82,19,63,0.232,3951.0,0.472,0.312,0.148,0.242,0.524,0.278,0.141,0.267,1,29,29,29,27,28,8,14,25,29,5,24,18,10,Cleveland Cavaliers,2010-11
1610612742,Dallas Mavericks,82,57,25,0.695,3941.0,0.525,0.286,0.15,0.241,0.488,0.275,0.145,0.252,1,4,4,4,29,3,21,19,26,9,4,18,7,10,Dallas Mavericks,2010-11
1610612743,Denver Nuggets,82,50,32,0.61,3941.0,0.526,0.367,0.144,0.239,0.5,0.296,0.14,0.246,1,9,9,9,29,2,1,9,27,16,12,27,5,10,Denver Nuggets,2010-11
1610612765,Detroit Pistons,82,30,52,0.366,3976.0,0.495,0.279,0.14,0.274,0.526,0.306,0.153,0.279,1,24,24,24,6,17,26,5,12,30,18,10,23,10,Detroit Pistons,2010-11
1610612744,Golden State Warriors,82,36,46,0.439,3966.0,0.51,0.241,0.149,0.267,0.509,0.333,0.164,0.307,1,20,20,20,12,9,30,16,14,21,29,4,30,10,Golden State Warriors,2010-11
1610612745,Houston Rockets,82,43,39,0.524,3976.0,0.503,0.299,0.138,0.274,0.5,0.28,0.14,0.273,1,14,14,14,6,10,14,2,11,15,7,25,20,10,Houston Rockets,2010-11
1610612754,Indiana Pacers,82,37,45,0.451,3956.0,0.486,0.3,0.157,0.259,0.487,0.315,0.143,0.259,1,19,19,19,20,23,12,26,17,7,23,22,15,10,Indiana Pacers,2010-11
1610612746,Los Angeles Clippers,82,32,50,0.39,3971.0,0.496,0.332,0.169,0.284,0.499,0.324,0.143,0.268,1,23,23,23,10,16,4,29,7,13,26,21,19,10,Los Angeles Clippers,2010-11
1610612747,Los Angeles Lakers,82,57,25,0.695,3966.0,0.502,0.293,0.139,0.292,0.477,0.236,0.145,0.277,1,4,4,4,12,11,16,3,5,5,1,20,22,10,Los Angeles Lakers,2010-11
1610612763,Memphis Grizzlies,82,46,36,0.561,3976.0,0.493,0.291,0.146,0.289,0.502,0.3,0.175,0.275,1,11,11,11,6,20,18,12,6,18,15,1,21,10,Memphis Grizzlies,2010-11
1610612748,Miami Heat,82,58,24,0.707,3956.0,0.524,0.363,0.149,0.252,0.475,0.299,0.14,0.245,1,3,3,3,20,4,3,17,19,3,14,26,4,10,Miami Heat,2010-11
1610612749,Milwaukee Bucks,82,35,47,0.427,3966.0,0.467,0.287,0.145,0.247,0.481,0.307,0.164,0.252,1,21,21,21,12,30,20,10,22,6,20,5,8,10,Milwaukee Bucks,2010-11
1610612750,Minnesota Timberwolves,82,17,65,0.207,3956.0,0.483,0.282,0.171,0.296,0.514,0.323,0.145,0.263,1,30,30,30,20,24,25,30,2,27,25,17,16,10,Minnesota Timberwolves,2010-11
1610612751,New Jersey Nets,82,24,58,0.293,4001.0,0.474,0.283,0.149,0.261,0.503,0.32,0.131,0.258,1,25,25,25,1,27,23,18,15,19,24,30,14,10,New Jersey Nets,2010-11
1610612740,New Orleans Hornets,82,46,36,0.561,3966.0,0.493,0.296,0.143,0.251,0.501,0.286,0.158,0.238,1,11,11,11,12,19,15,7,20,17,8,7,2,10,New Orleans Hornets,2010-11
1610612752,New York Knicks,82,42,40,0.512,3956.0,0.513,0.304,0.139,0.242,0.511,0.315,0.154,0.281,1,15,15,15,20,8,11,4,24,23,22,9,26,10,New York Knicks,2010-11
1610612760,Oklahoma City Thunder,82,55,27,0.671,4001.0,0.501,0.363,0.146,0.274,0.493,0.307,0.145,0.264,1,7,7,7,1,13,2,13,10,11,19,19,17,10,Oklahoma City Thunder,2010-11
1610612753,Orlando Magic,82,52,30,0.634,3966.0,0.521,0.328,0.159,0.261,0.475,0.295,0.147,0.231,1,8,8,8,12,6,5,27,16,4,11,15,1,10,Orlando Magic,2010-11
1610612755,Philadelphia 76ers,82,41,41,0.5,3986.0,0.494,0.273,0.136,0.246,0.487,0.299,0.15,0.255,1,16,16,16,4,18,28,1,23,8,13,12,12,10,Philadelphia 76ers,2010-11
1610612756,Phoenix Suns,82,40,42,0.488,4001.0,0.522,0.283,0.145,0.237,0.513,0.28,0.147,0.284,1,17,17,17,1,5,24,11,28,26,6,14,28,10,Phoenix Suns,2010-11
1610612757,Portland Trail Blazers,82,48,34,0.585,3961.0,0.486,0.278,0.143,0.295,0.51,0.301,0.172,0.28,1,10,10,10,18,22,27,8,3,22,16,2,24,10,Portland Trail Blazers,2010-11
1610612758,Sacramento Kings,82,24,58,0.293,3971.0,0.48,0.284,0.163,0.299,0.513,0.305,0.149,0.256,1,25,25,25,10,26,22,28,1,25,17,13,13,10,Sacramento Kings,2010-11
1610612759,San Antonio Spurs,82,61,21,0.744,3956.0,0.527,0.299,0.142,0.249,0.491,0.248,0.14,0.254,1,2,2,2,20,1,13,6,21,10,2,28,10,10,San Antonio Spurs,2010-11
1610612761,Toronto Raptors,82,22,60,0.268,3956.0,0.491,0.293,0.153,0.282,0.522,0.326,0.145,0.28,1,28,28,28,20,21,17,22,8,28,27,16,25,10,Toronto Raptors,2010-11
1610612762,Utah Jazz,82,39,43,0.476,3976.0,0.498,0.313,0.151,0.27,0.505,0.354,0.155,0.283,1,18,18,18,6,15,7,20,13,20,30,8,27,10,Utah Jazz,2010-11
1610612764,Washington Wizards,82,23,59,0.28,3986.0,0.471,0.29,0.157,0.28,0.512,0.327,0.161,0.295,1,27,27,27,4,29,19,23,9,24,28,6,29,10,Washington Wizards,2010-11
1610612737,Atlanta Hawks,66,40,26,0.606,3233.0,0.5,0.259,0.148,0.239,0.48,0.247,0.16,0.256,1,8,8,8,1,8,21,8,26,10,6,7,7,10,Atlanta Hawks,2011-12
1610612738,Boston Celtics,66,39,27,0.591,3188.0,0.496,0.257,0.16,0.197,0.452,0.285,0.168,0.276,1,10,10,10,16,10,22,20,30,2,20,4,20,10,Boston Celtics,2011-12
1610612766,Charlotte Bobcats,66,7,59,0.106,3178.0,0.439,0.276,0.154,0.236,0.512,0.275,0.144,0.291,1,30,30,30,26,30,14,16,27,28,16,24,27,10,Charlotte Bobcats,2011-12
1610612741,Chicago Bulls,66,50,16,0.758,3188.0,0.49,0.255,0.152,0.326,0.45,0.236,0.143,0.257,1,1,1,1,16,14,24,14,1,1,3,25,8,10,Chicago Bulls,2011-12
1610612739,Cleveland Cavaliers,66,21,45,0.318,3193.0,0.463,0.307,0.162,0.289,0.508,0.27,0.147,0.278,1,27,27,27,10,29,4,25,8,27,12,22,22,10,Cleveland Cavaliers,2011-12
1610612742,Dallas Mavericks,66,36,30,0.545,3213.0,0.489,0.246,0.148,0.234,0.479,0.27,0.155,0.252,1,13,13,13,3,15,27,9,28,9,14,15,5,10,Dallas Mavericks,2011-12
1610612743,Denver Nuggets,66,38,28,0.576,3208.0,0.516,0.326,0.157,0.277,0.508,0.243,0.159,0.257,1,11,11,11,6,2,2,18,13,26,4,8,9,10,Denver Nuggets,2011-12
1610612765,Detroit Pistons,66,25,41,0.379,3193.0,0.468,0.279,0.168,0.281,0.5,0.295,0.158,0.272,1,22,22,22,10,28,12,28,9,24,22,11,17,10,Detroit Pistons,2011-12
1610612744,Golden State Warriors,66,23,43,0.348,3183.0,0.505,0.227,0.146,0.229,0.496,0.318,0.155,0.309,1,23,23,23,23,5,29,5,29,23,27,14,30,10,Golden State Warriors,2011-12
1610612745,Houston Rockets,66,34,32,0.515,3213.0,0.492,0.235,0.152,0.275,0.49,0.275,0.154,0.266,1,17,17,17,3,11,28,13,15,17,15,17,13,10,Houston Rockets,2011-12
1610612754,Indiana Pacers,66,42,24,0.636,3198.0,0.474,0.321,0.148,0.292,0.476,0.305,0.159,0.277,1,5,5,5,8,23,3,11,5,7,26,9,21,10,Indiana Pacers,2011-12
1610612746,Los Angeles Clippers,66,40,26,0.606,3193.0,0.502,0.287,0.144,0.295,0.492,0.329,0.159,0.268,1,8,8,8,10,7,11,3,4,20,29,10,14,10,Los Angeles Clippers,2011-12
1610612747,Los Angeles Lakers,66,41,25,0.621,3213.0,0.491,0.299,0.16,0.291,0.476,0.213,0.12,0.252,1,6,6,6,3,13,9,21,6,6,1,30,6,10,Los Angeles Lakers,2011-12
1610612763,Memphis Grizzlies,66,41,25,0.621,3188.0,0.473,0.277,0.154,0.298,0.485,0.297,0.182,0.273,1,6,6,6,16,25,13,15,3,11,23,1,19,10,Memphis Grizzlies,2011-12
1610612748,Miami Heat,66,46,20,0.697,3208.0,0.505,0.307,0.161,0.266,0.479,0.277,0.176,0.261,1,4,4,4,6,6,5,22,19,8,17,3,10,10,Miami Heat,2011-12
1610612749,Milwaukee Bucks,66,31,35,0.47,3173.0,0.481,0.25,0.146,0.277,0.489,0.281,0.165,0.291,1,19,19,19,28,17,26,4,12,16,18,5,25,10,Milwaukee Bucks,2011-12
1610612750,Minnesota Timberwolves,66,26,40,0.394,3188.0,0.477,0.306,0.157,0.275,0.491,0.248,0.137,0.27,1,21,21,21,16,20,7,17,14,18,7,29,16,10,Minnesota Timberwolves,2011-12
1610612751,New Jersey Nets,66,22,44,0.333,3178.0,0.473,0.269,0.161,0.278,0.513,0.282,0.154,0.293,1,25,25,25,26,24,17,23,10,29,19,16,28,10,New Jersey Nets,2011-12
1610612740,New Orleans Hornets,66,21,45,0.318,3188.0,0.476,0.274,0.17,0.275,0.485,0.287,0.152,0.269,1,27,27,27,16,21,15,30,16,13,21,19,15,10,New Orleans Hornets,2011-12
1610612752,New York Knicks,66,36,30,0.545,3188.0,0.492,0.306,0.166,0.266,0.485,0.304,0.177,0.263,1,13,13,13,16,12,6,27,18,12,25,2,12,10,New York Knicks,2011-12
1610612760,Oklahoma City Thunder,66,47,19,0.712,3198.0,0.516,0.334,0.17,0.278,0.465,0.27,0.146,0.279,1,3,3,3,8,3,1,29,11,4,13,23,23,10,Oklahoma City Thunder,2011-12
1610612753,Orlando Magic,66,37,29,0.561,3193.0,0.506,0.292,0.162,0.265,0.488,0.246,0.143,0.245,1,12,12,12,10,4,10,24,20,14,5,27,2,10,Orlando Magic,2011-12
1610612755,Philadelphia 76ers,66,35,31,0.53,3183.0,0.48,0.217,0.121,0.244,0.46,0.255,0.15,0.248,1,16,16,16,23,19,30,1,25,3,8,20,4,10,Philadelphia 76ers,2011-12
1610612756,Phoenix Suns,66,33,33,0.5,3168.0,0.499,0.257,0.148,0.258,0.491,0.262,0.148,0.283,1,18,18,18,30,9,23,10,23,19,10,21,24,10,Phoenix Suns,2011-12
1610612757,Portland Trail Blazers,66,28,38,0.424,3193.0,0.488,0.263,0.15,0.263,0.504,0.266,0.158,0.272,1,20,20,20,10,16,19,12,21,25,11,12,18,10,Portland Trail Blazers,2011-12
1610612758,Sacramento Kings,66,22,44,0.333,3183.0,0.472,0.268,0.147,0.291,0.515,0.262,0.157,0.295,1,25,25,25,23,27,18,6,7,30,9,13,29,10,Sacramento Kings,2011-12
1610612759,San Antonio Spurs,66,50,16,0.758,3188.0,0.528,0.261,0.142,0.251,0.489,0.222,0.143,0.24,1,1,1,1,16,1,20,2,24,15,2,26,1,10,San Antonio Spurs,2011-12
1610612761,Toronto Raptors,66,23,43,0.348,3193.0,0.475,0.274,0.165,0.259,0.475,0.35,0.142,0.246,1,23,23,23,10,22,16,26,22,5,30,28,3,10,Toronto Raptors,2011-12
1610612762,Utah Jazz,66,36,30,0.545,3233.0,0.481,0.302,0.148,0.302,0.493,0.325,0.153,0.262,1,13,13,13,1,18,8,7,2,22,28,18,11,10,Utah Jazz,2011-12
1610612764,Washington Wizards,66,20,46,0.303,3173.0,0.472,0.253,0.16,0.273,0.492,0.302,0.16,0.291,1,29,29,29,28,26,25,19,17,21,24,6,26,10,Washington Wizards,2011-12
1610612737,Atlanta Hawks,82,44,38,0.537,3971.0,0.517,0.244,0.156,0.222,0.496,0.237,0.159,0.264,1,14,14,14,7,6,25,21,27,16,3,10,13,10,Atlanta Hawks,2012-13
1610612738,Boston Celtics,81,41,40,0.506,3968.0,0.503,0.263,0.153,0.201,0.482,0.292,0.159,0.267,29,16,16,16,11,12,16,13,30,6,25,11,20,10,Boston Celtics,2012-13
1610612751,Brooklyn Nets,82,49,33,0.598,3971.0,0.498,0.299,0.159,0.309,0.503,0.238,0.146,0.263,1,8,9,9,10,14,7,26,3,20,4,24,12,10,Brooklyn Nets,2012-13
1610612766,Charlotte Bobcats,82,21,61,0.256,3961.0,0.46,0.31,0.148,0.257,0.524,0.264,0.149,0.289,1,29,29,29,16,30,3,7,18,30,12,20,29,10,Charlotte Bobcats,2012-13
1610612741,Chicago Bulls,82,45,37,0.549,3966.0,0.47,0.259,0.154,0.294,0.477,0.278,0.148,0.264,1,11,11,11,12,29,19,14,5,4,19,22,14,10,Chicago Bulls,2012-13
1610612739,Cleveland Cavaliers,82,24,58,0.293,3946.0,0.473,0.265,0.146,0.281,0.523,0.304,0.161,0.274,1,28,28,28,29,26,15,6,10,29,28,7,25,10,Cleveland Cavaliers,2012-13
1610612742,Dallas Mavericks,82,41,41,0.5,3996.0,0.506,0.242,0.143,0.218,0.492,0.302,0.15,0.269,1,16,17,17,1,11,26,3,28,10,27,19,22,10,Dallas Mavericks,2012-13
1610612743,Denver Nuggets,82,57,25,0.695,3981.0,0.515,0.308,0.155,0.314,0.493,0.264,0.161,0.282,1,4,4,4,3,7,5,17,1,13,13,8,27,10,Denver Nuggets,2012-13
1610612765,Detroit Pistons,82,29,53,0.354,3961.0,0.487,0.282,0.161,0.283,0.505,0.274,0.147,0.27,1,23,23,23,16,19,11,28,9,21,16,23,23,10,Detroit Pistons,2012-13
1610612744,Golden State Warriors,82,47,35,0.573,3961.0,0.506,0.255,0.155,0.254,0.486,0.282,0.138,0.245,1,10,10,10,16,10,22,19,21,8,22,28,1,10,Golden State Warriors,2012-13
1610612745,Houston Rockets,82,45,37,0.549,3956.0,0.525,0.308,0.166,0.264,0.502,0.253,0.149,0.248,1,11,11,11,21,5,4,30,17,19,7,21,2,10,Houston Rockets,2012-13
1610612754,Indiana Pacers,81,49,32,0.605,3918.0,0.479,0.293,0.162,0.303,0.453,0.26,0.144,0.254,29,8,8,8,30,22,9,29,4,1,9,26,6,10,Indiana Pacers,2012-13
1610612746,Los Angeles Clippers,82,56,26,0.683,3946.0,0.526,0.286,0.156,0.288,0.492,0.306,0.172,0.265,1,5,5,5,26,4,10,20,7,12,29,1,15,10,Los Angeles Clippers,2012-13
1610612747,Los Angeles Lakers,82,45,37,0.549,3951.0,0.512,0.345,0.155,0.27,0.496,0.222,0.133,0.257,1,11,11,11,24,9,1,18,13,15,1,29,10,10,Los Angeles Lakers,2012-13
1610612763,Memphis Grizzlies,82,56,26,0.683,3961.0,0.472,0.261,0.152,0.31,0.475,0.279,0.169,0.257,1,5,5,5,16,28,17,11,2,3,21,2,9,10,Memphis Grizzlies,2012-13
1610612748,Miami Heat,82,66,16,0.805,3976.0,0.552,0.297,0.15,0.222,0.487,0.262,0.165,0.27,1,1,1,1,6,1,8,8,26,9,10,4,24,10,Miami Heat,2012-13
1610612749,Milwaukee Bucks,82,38,44,0.463,3966.0,0.476,0.236,0.144,0.279,0.492,0.265,0.163,0.287,1,18,18,18,15,24,27,4,11,11,15,6,28,10,Milwaukee Bucks,2012-13
1610612750,Minnesota Timberwolves,82,31,51,0.378,3946.0,0.473,0.305,0.155,0.274,0.511,0.248,0.167,0.26,1,22,22,22,26,27,6,16,12,24,5,3,11,10,Minnesota Timberwolves,2012-13
1610612740,New Orleans Hornets,82,27,55,0.329,3956.0,0.489,0.248,0.159,0.292,0.52,0.274,0.146,0.256,1,26,26,26,21,17,24,24,6,28,18,25,8,10,New Orleans Hornets,2012-13
1610612752,New York Knicks,82,54,28,0.659,3946.0,0.515,0.258,0.131,0.256,0.508,0.286,0.164,0.253,1,7,7,7,26,8,20,1,19,23,23,5,4,10,New York Knicks,2012-13
1610612760,Oklahoma City Thunder,82,60,22,0.732,3966.0,0.527,0.338,0.159,0.267,0.469,0.254,0.152,0.266,1,2,2,2,12,3,2,25,15,2,8,17,17,10,Oklahoma City Thunder,2012-13
1610612753,Orlando Magic,82,20,62,0.244,3956.0,0.485,0.197,0.153,0.254,0.508,0.265,0.131,0.254,1,30,30,30,21,20,30,12,22,22,14,30,5,10,Orlando Magic,2012-13
1610612755,Philadelphia 76ers,82,34,48,0.415,3951.0,0.481,0.2,0.139,0.249,0.495,0.264,0.153,0.266,1,19,19,19,24,21,29,2,24,14,11,13,18,10,Philadelphia 76ers,2012-13
1610612756,Phoenix Suns,82,25,57,0.305,3961.0,0.477,0.234,0.161,0.27,0.512,0.274,0.159,0.281,1,27,27,27,16,23,28,27,14,25,17,9,26,10,Phoenix Suns,2012-13
1610612757,Portland Trail Blazers,82,33,49,0.402,3971.0,0.498,0.25,0.155,0.253,0.512,0.248,0.139,0.267,1,21,21,21,9,13,23,15,23,26,6,27,19,10,Portland Trail Blazers,2012-13
1610612758,Sacramento Kings,82,28,54,0.341,3966.0,0.491,0.271,0.15,0.266,0.517,0.29,0.152,0.29,1,25,25,25,12,16,14,9,16,27,24,16,30,10,Sacramento Kings,2012-13
1610612759,San Antonio Spurs,82,58,24,0.707,3976.0,0.531,0.258,0.151,0.205,0.48,0.235,0.153,0.251,1,3,3,3,4,2,21,10,29,5,2,14,3,10,San Antonio Spurs,2012-13
1610612761,Toronto Raptors,82,34,48,0.415,3996.0,0.488,0.274,0.145,0.255,0.5,0.331,0.151,0.266,1,19,19,19,1,18,13,5,20,17,30,18,16,10,Toronto Raptors,2012-13
1610612762,Utah Jazz,82,43,39,0.524,3976.0,0.492,0.281,0.156,0.288,0.501,0.298,0.156,0.268,1,15,15,15,4,15,12,22,8,18,26,12,21,10,Utah Jazz,2012-13
1610612764,Washington Wizards,82,29,53,0.354,3971.0,0.475,0.261,0.158,0.246,0.483,0.279,0.153,0.254,1,23,23,23,7,25,18,23,25,7,20,15,7,10,Washington Wizards,2012-13
1610612737,Atlanta Hawks,82,38,44,0.463,3966.0,0.515,0.266,0.156,0.21,0.51,0.262,0.156,0.256,1,18,18,18,15,9,21,22,28,19,9,7,17,10,Atlanta Hawks,2013-14
1610612738,Boston Celtics,82,25,57,0.305,3946.0,0.477,0.248,0.159,0.274,0.505,0.299,0.149,0.258,1,26,26,26,29,28,25,28,6,16,19,18,19,10,Boston Celtics,2013-14
1610612751,Brooklyn Nets,82,44,38,0.537,3976.0,0.514,0.313,0.154,0.217,0.509,0.311,0.167,0.277,1,14,14,14,7,10,5,17,27,18,25,2,28,10,Brooklyn Nets,2013-14
1610612766,Charlotte Bobcats,82,43,39,0.524,3981.0,0.481,0.297,0.129,0.219,0.491,0.241,0.139,0.224,1,16,16,16,6,25,10,1,26,9,2,28,1,10,Charlotte Bobcats,2013-14
1610612741,Chicago Bulls,82,48,34,0.585,3986.0,0.471,0.29,0.159,0.272,0.471,0.25,0.153,0.246,1,11,11,11,4,30,14,27,9,2,4,14,11,10,Chicago Bulls,2013-14
1610612739,Cleveland Cavaliers,82,33,49,0.402,3986.0,0.479,0.268,0.146,0.272,0.508,0.263,0.144,0.242,1,22,22,22,4,27,20,8,10,17,10,20,6,10,Cleveland Cavaliers,2013-14
1610612742,Dallas Mavericks,82,49,33,0.598,3966.0,0.526,0.253,0.141,0.246,0.515,0.303,0.165,0.273,1,10,10,10,15,4,23,6,23,24,21,4,25,10,Dallas Mavericks,2013-14
1610612743,Denver Nuggets,82,36,46,0.439,3951.0,0.497,0.306,0.157,0.275,0.5,0.306,0.142,0.255,1,20,20,20,28,16,7,23,5,13,23,24,15,10,Denver Nuggets,2013-14
1610612765,Detroit Pistons,82,29,53,0.354,3956.0,0.482,0.296,0.148,0.314,0.52,0.288,0.154,0.266,1,23,23,23,22,24,11,12,1,29,15,13,23,10,Detroit Pistons,2013-14
1610612744,Golden State Warriors,82,51,31,0.622,3966.0,0.517,0.247,0.154,0.251,0.477,0.292,0.151,0.237,1,8,8,8,15,8,29,16,18,3,16,17,5,10,Golden State Warriors,2013-14
1610612745,Houston Rockets,82,54,28,0.659,3966.0,0.531,0.386,0.163,0.274,0.489,0.255,0.14,0.259,1,5,5,5,15,3,1,29,7,8,6,26,20,10,Houston Rockets,2013-14
1610612754,Indiana Pacers,82,56,26,0.683,3956.0,0.49,0.29,0.158,0.249,0.46,0.261,0.143,0.232,1,4,4,4,22,19,13,25,21,1,8,22,2,10,Indiana Pacers,2013-14
1610612746,Los Angeles Clippers,82,57,25,0.695,3951.0,0.526,0.353,0.14,0.25,0.484,0.294,0.155,0.275,1,3,3,3,25,5,2,5,20,5,18,10,26,10,Los Angeles Clippers,2013-14
1610612747,Los Angeles Lakers,82,27,55,0.329,3941.0,0.505,0.263,0.15,0.202,0.513,0.264,0.14,0.29,1,25,25,25,30,13,22,13,30,22,11,25,30,10,Los Angeles Lakers,2013-14
1610612763,Memphis Grizzlies,82,50,32,0.61,3961.0,0.494,0.248,0.147,0.283,0.497,0.259,0.153,0.243,1,9,9,9,20,18,28,9,2,12,7,15,7,10,Memphis Grizzlies,2013-14
1610612748,Miami Heat,82,54,28,0.659,3976.0,0.554,0.3,0.158,0.206,0.511,0.283,0.176,0.27,1,5,5,5,7,1,9,24,29,20,13,1,24,10,Miami Heat,2013-14
1610612749,Milwaukee Bucks,82,15,67,0.183,3976.0,0.479,0.274,0.158,0.271,0.52,0.299,0.148,0.286,1,30,30,30,7,26,16,26,12,28,20,19,29,10,Milwaukee Bucks,2013-14
1610612750,Minnesota Timberwolves,82,40,42,0.488,3971.0,0.486,0.321,0.138,0.274,0.518,0.233,0.164,0.256,1,17,17,17,10,21,4,2,8,27,1,6,16,10,Minnesota Timberwolves,2013-14
1610612740,New Orleans Pelicans,82,34,48,0.415,3971.0,0.495,0.286,0.145,0.269,0.515,0.331,0.151,0.262,1,21,21,21,10,17,15,7,13,25,30,16,21,10,New Orleans Pelicans,2013-14
1610612752,New York Knicks,82,37,45,0.451,3971.0,0.505,0.248,0.139,0.251,0.514,0.32,0.156,0.257,1,19,19,19,10,12,27,3,19,23,28,8,18,10,New York Knicks,2013-14
1610612760,Oklahoma City Thunder,82,59,23,0.72,3961.0,0.52,0.303,0.156,0.265,0.488,0.304,0.154,0.244,1,2,2,2,20,6,8,20,14,6,22,12,9,10,Oklahoma City Thunder,2013-14
1610612753,Orlando Magic,82,23,59,0.28,3991.0,0.487,0.253,0.153,0.224,0.504,0.274,0.144,0.245,1,28,28,28,2,20,24,15,25,14,12,21,10,10,Orlando Magic,2013-14
1610612755,Philadelphia 76ers,82,19,63,0.232,3971.0,0.475,0.268,0.164,0.248,0.524,0.324,0.166,0.276,1,29,29,29,14,29,19,30,22,30,29,3,27,10,Philadelphia 76ers,2013-14
1610612756,Phoenix Suns,82,48,34,0.585,3951.0,0.519,0.293,0.156,0.264,0.496,0.309,0.155,0.263,1,11,11,11,25,7,12,21,15,11,24,11,22,10,Phoenix Suns,2013-14
1610612757,Portland Trail Blazers,82,54,28,0.659,3971.0,0.504,0.27,0.139,0.28,0.488,0.253,0.122,0.253,1,5,5,5,10,14,18,4,3,7,5,30,13,10,Portland Trail Blazers,2013-14
1610612758,Sacramento Kings,82,28,54,0.341,3966.0,0.484,0.331,0.156,0.278,0.512,0.318,0.14,0.234,1,24,24,24,15,23,3,19,4,21,27,27,3,10,Sacramento Kings,2013-14
1610612759,San Antonio Spurs,82,62,20,0.756,3951.0,0.537,0.24,0.148,0.227,0.482,0.242,0.142,0.236,1,1,1,1,25,2,30,11,24,4,3,23,4,10,San Antonio Spurs,2013-14
1610612761,Toronto Raptors,82,48,34,0.585,3991.0,0.498,0.306,0.148,0.272,0.493,0.315,0.156,0.251,1,11,11,11,2,15,6,10,11,10,26,9,12,10,Toronto Raptors,2013-14
1610612762,Utah Jazz,82,25,57,0.305,3956.0,0.484,0.271,0.155,0.255,0.518,0.293,0.135,0.255,1,26,26,26,22,22,17,18,16,26,17,29,14,10,Utah Jazz,2013-14
1610612764,Washington Wizards,82,44,38,0.537,4011.0,0.506,0.248,0.151,0.252,0.504,0.288,0.165,0.243,1,14,14,14,1,11,26,14,17,15,14,5,8,10,Washington Wizards,2013-14
1610612737,Atlanta Hawks,82,60,22,0.732,3946.0,0.527,0.259,0.147,0.214,0.492,0.242,0.166,0.266,1,2,2,2,26,3,21,17,30,13,3,3,22,10,Atlanta Hawks,2014-15
1610612738,Boston Celtics,82,40,42,0.488,3976.0,0.489,0.233,0.139,0.247,0.494,0.275,0.152,0.25,1,16,16,16,8,22,28,6,16,15,15,11,14,10,Boston Celtics,2014-15
1610612751,Brooklyn Nets,82,38,44,0.463,3986.0,0.491,0.267,0.144,0.239,0.506,0.253,0.144,0.263,1,18,18,18,3,18,16,12,23,25,9,19,20,10,Brooklyn Nets,2014-15
1610612766,Charlotte Hornets,82,33,49,0.402,3981.0,0.456,0.269,0.123,0.221,0.487,0.244,0.131,0.207,1,22,22,22,6,30,15,1,29,9,5,27,1,10,Charlotte Hornets,2014-15
1610612741,Chicago Bulls,82,50,32,0.61,3976.0,0.489,0.304,0.145,0.27,0.473,0.242,0.127,0.256,1,9,9,9,8,21,5,16,5,2,4,29,19,10,Chicago Bulls,2014-15
1610612739,Cleveland Cavaliers,82,53,29,0.646,3956.0,0.52,0.287,0.149,0.268,0.502,0.238,0.14,0.253,1,7,7,7,23,4,10,19,6,19,1,22,16,10,Cleveland Cavaliers,2014-15
1610612742,Dallas Mavericks,82,50,32,0.61,3976.0,0.515,0.262,0.132,0.236,0.503,0.271,0.166,0.278,1,9,9,9,8,6,19,3,24,21,14,4,29,10,Dallas Mavericks,2014-15
1610612743,Denver Nuggets,82,30,52,0.366,3976.0,0.479,0.278,0.142,0.266,0.504,0.32,0.144,0.253,1,24,24,24,8,25,12,11,9,22,30,18,17,10,Denver Nuggets,2014-15
1610612765,Detroit Pistons,82,32,50,0.39,3966.0,0.482,0.261,0.139,0.277,0.502,0.249,0.146,0.25,1,23,23,23,18,24,20,7,3,20,8,16,15,10,Detroit Pistons,2014-15
1610612744,Golden State Warriors,82,67,15,0.817,3946.0,0.54,0.239,0.144,0.241,0.47,0.284,0.159,0.255,1,1,1,1,26,1,26,14,21,1,20,7,18,10,Golden State Warriors,2014-15
1610612745,Houston Rockets,82,56,26,0.683,3961.0,0.512,0.312,0.167,0.268,0.486,0.277,0.164,0.271,1,3,3,3,20,7,2,28,7,7,16,5,28,10,Houston Rockets,2014-15
1610612754,Indiana Pacers,82,38,44,0.463,3971.0,0.484,0.266,0.145,0.24,0.478,0.288,0.132,0.221,1,18,18,18,13,23,17,15,22,4,22,25,2,10,Indiana Pacers,2014-15
1610612746,Los Angeles Clippers,82,56,26,0.683,3946.0,0.533,0.303,0.127,0.228,0.493,0.312,0.147,0.243,1,3,3,3,26,2,6,2,28,14,29,15,9,10,Los Angeles Clippers,2014-15
1610612747,Los Angeles Lakers,82,21,61,0.256,3986.0,0.473,0.276,0.136,0.254,0.518,0.311,0.134,0.237,1,27,27,27,3,26,14,5,13,29,28,24,6,10,Los Angeles Lakers,2014-15
1610612763,Memphis Grizzlies,82,55,27,0.671,3981.0,0.489,0.276,0.14,0.247,0.492,0.247,0.161,0.247,1,5,5,5,6,20,13,8,17,12,7,6,11,10,Memphis Grizzlies,2014-15
1610612748,Miami Heat,82,37,45,0.451,3946.0,0.5,0.306,0.159,0.232,0.505,0.292,0.158,0.266,1,21,21,21,26,12,4,25,26,23,24,8,23,10,Miami Heat,2014-15
1610612749,Milwaukee Bucks,82,41,41,0.5,3986.0,0.499,0.258,0.172,0.254,0.487,0.298,0.177,0.267,1,15,15,15,3,13,23,29,14,8,26,1,24,10,Milwaukee Bucks,2014-15
1610612750,Minnesota Timberwolves,82,16,66,0.195,3961.0,0.468,0.309,0.153,0.266,0.537,0.246,0.156,0.284,1,30,30,30,20,28,3,21,8,30,6,9,30,10,Minnesota Timberwolves,2014-15
1610612740,New Orleans Pelicans,82,45,37,0.549,3956.0,0.501,0.263,0.141,0.271,0.496,0.257,0.13,0.249,1,13,13,13,23,11,18,10,4,16,11,28,13,10,New Orleans Pelicans,2014-15
1610612752,New York Knicks,82,17,65,0.207,3971.0,0.47,0.234,0.155,0.245,0.512,0.308,0.149,0.269,1,29,29,29,13,27,27,24,18,27,27,14,26,10,New York Knicks,2014-15
1610612760,Oklahoma City Thunder,82,45,37,0.549,3966.0,0.492,0.284,0.148,0.289,0.489,0.286,0.138,0.244,1,13,13,13,18,17,11,18,2,10,21,23,10,10,Oklahoma City Thunder,2014-15
1610612753,Orlando Magic,82,25,57,0.305,3951.0,0.494,0.23,0.155,0.231,0.514,0.279,0.15,0.24,1,26,26,26,25,16,29,22,27,28,17,12,8,10,Orlando Magic,2014-15
1610612755,Philadelphia 76ers,82,18,64,0.22,3961.0,0.459,0.288,0.179,0.255,0.497,0.298,0.169,0.27,1,28,28,28,20,29,9,30,12,18,25,2,27,10,Philadelphia 76ers,2014-15
1610612756,Phoenix Suns,82,39,43,0.476,3976.0,0.501,0.251,0.152,0.245,0.497,0.291,0.156,0.265,1,17,17,17,8,10,25,20,19,17,23,10,21,10,Phoenix Suns,2014-15
1610612757,Portland Trail Blazers,82,51,31,0.622,3971.0,0.508,0.225,0.14,0.242,0.476,0.24,0.125,0.238,1,8,8,8,13,9,30,9,20,3,2,30,7,10,Portland Trail Blazers,2014-15
1610612758,Sacramento Kings,82,29,53,0.354,3971.0,0.49,0.363,0.164,0.265,0.507,0.268,0.131,0.248,1,25,25,25,13,19,1,26,10,26,13,26,12,10,Sacramento Kings,2014-15
1610612759,San Antonio Spurs,82,55,27,0.671,3991.0,0.517,0.256,0.144,0.234,0.484,0.256,0.146,0.227,1,5,5,5,1,5,24,13,25,6,10,17,4,10,San Antonio Spurs,2014-15
1610612761,Toronto Raptors,82,49,33,0.598,3971.0,0.508,0.295,0.134,0.256,0.506,0.283,0.15,0.267,1,11,11,11,13,8,8,4,11,24,18,13,25,10,Toronto Raptors,2014-15
1610612762,Utah Jazz,82,38,44,0.463,3941.0,0.494,0.297,0.165,0.291,0.491,0.267,0.141,0.237,1,18,18,18,30,15,7,27,1,11,12,21,5,10,Utah Jazz,2014-15
1610612764,Washington Wizards,82,46,36,0.561,3991.0,0.499,0.259,0.155,0.249,0.481,0.284,0.143,0.227,1,12,12,12,1,14,22,23,15,5,19,20,3,10,Washington Wizards,2014-15
1610612737,Atlanta Hawks,82,48,34,0.585,3966.0,0.516,0.237,0.15,0.191,0.48,0.256,0.161,0.254,1,7,7,7,11,6,29,21,30,3,7,4,25,10,Atlanta Hawks,2015-16
1610612738,Boston Celtics,82,48,34,0.585,3956.0,0.488,0.264,0.135,0.251,0.487,0.306,0.162,0.254,1,7,7,7,23,24,20,5,10,8,27,3,26,10,Boston Celtics,2015-16
1610612751,Brooklyn Nets,82,21,61,0.256,3951.0,0.492,0.246,0.151,0.241,0.534,0.23,0.145,0.243,1,28,28,28,26,21,27,22,15,30,1,16,19,10,Brooklyn Nets,2015-16
1610612766,Charlotte Hornets,82,48,34,0.585,3971.0,0.502,0.28,0.127,0.2,0.496,0.249,0.136,0.202,1,7,7,7,9,14,13,1,29,13,4,24,1,10,Charlotte Hornets,2015-16
1610612741,Chicago Bulls,82,42,40,0.512,3981.0,0.487,0.24,0.14,0.245,0.485,0.247,0.12,0.251,1,14,14,14,3,26,28,12,13,6,3,29,21,10,Chicago Bulls,2015-16
1610612739,Cleveland Cavaliers,82,57,25,0.695,3971.0,0.524,0.259,0.141,0.251,0.496,0.275,0.139,0.215,1,3,3,3,9,3,23,13,9,12,16,21,5,10,Cleveland Cavaliers,2015-16
1610612742,Dallas Mavericks,82,42,40,0.512,4001.0,0.502,0.265,0.131,0.206,0.504,0.269,0.142,0.238,1,14,14,14,1,13,19,2,25,17,10,17,14,10,Dallas Mavericks,2015-16
1610612743,Denver Nuggets,82,33,49,0.402,3966.0,0.489,0.282,0.148,0.258,0.515,0.284,0.139,0.227,1,21,21,21,11,23,12,18,5,22,20,20,10,10,Denver Nuggets,2015-16
1610612765,Detroit Pistons,82,44,38,0.537,3976.0,0.491,0.296,0.137,0.27,0.504,0.25,0.137,0.207,1,12,12,12,5,22,5,8,2,16,5,23,2,10,Detroit Pistons,2015-16
1610612744,Golden State Warriors,82,73,9,0.89,3976.0,0.563,0.25,0.149,0.235,0.479,0.275,0.14,0.24,1,1,1,1,5,1,25,19,19,2,15,18,15,10,Golden State Warriors,2015-16
1610612745,Houston Rockets,82,41,41,0.5,3966.0,0.516,0.352,0.158,0.257,0.516,0.289,0.165,0.272,1,17,17,17,11,7,1,27,6,23,24,2,30,10,Houston Rockets,2015-16
1610612754,Indiana Pacers,82,45,37,0.549,3976.0,0.497,0.268,0.149,0.234,0.489,0.273,0.158,0.24,1,11,11,11,5,20,18,20,20,10,14,7,16,10,Indiana Pacers,2015-16
1610612746,LA Clippers,82,53,29,0.646,3966.0,0.524,0.318,0.132,0.201,0.48,0.296,0.155,0.262,1,6,6,6,11,5,4,3,28,4,25,9,28,10,LA Clippers,2015-16
1610612747,Los Angeles Lakers,82,17,65,0.207,3946.0,0.46,0.292,0.139,0.231,0.523,0.277,0.129,0.253,1,29,29,29,28,30,9,10,21,27,17,28,24,10,Los Angeles Lakers,2015-16
1610612763,Memphis Grizzlies,82,42,40,0.512,3966.0,0.477,0.295,0.138,0.253,0.518,0.326,0.168,0.249,1,14,14,14,11,29,6,9,8,24,30,1,20,10,Memphis Grizzlies,2015-16
1610612748,Miami Heat,82,48,34,0.585,3966.0,0.508,0.282,0.147,0.238,0.485,0.255,0.133,0.222,1,7,7,7,11,11,11,16,17,7,6,26,6,10,Miami Heat,2015-16
1610612749,Milwaukee Bucks,82,33,49,0.402,3966.0,0.499,0.276,0.157,0.249,0.51,0.288,0.158,0.269,1,21,21,21,11,17,14,25,11,19,22,6,29,10,Milwaukee Bucks,2015-16
1610612750,Minnesota Timberwolves,82,29,53,0.354,3976.0,0.498,0.332,0.153,0.243,0.524,0.265,0.15,0.253,1,26,26,26,5,18,2,23,14,29,9,12,23,10,Minnesota Timberwolves,2015-16
1610612740,New Orleans Pelicans,82,30,52,0.366,3956.0,0.498,0.259,0.135,0.212,0.523,0.287,0.138,0.212,1,25,25,25,23,19,22,4,24,26,21,22,4,10,New Orleans Pelicans,2015-16
1610612752,New York Knicks,82,32,50,0.39,3961.0,0.483,0.255,0.139,0.237,0.487,0.271,0.117,0.242,1,24,24,24,19,28,24,11,18,9,12,30,18,10,New York Knicks,2015-16
1610612760,Oklahoma City Thunder,82,55,27,0.671,3966.0,0.524,0.292,0.159,0.311,0.484,0.271,0.13,0.24,1,5,5,5,11,4,8,28,1,5,13,27,17,10,Oklahoma City Thunder,2015-16
1610612753,Orlando Magic,82,35,47,0.427,3981.0,0.5,0.232,0.142,0.231,0.513,0.288,0.153,0.235,1,20,20,20,3,16,30,14,22,20,23,11,12,10,Orlando Magic,2015-16
1610612755,Philadelphia 76ers,82,10,72,0.122,3961.0,0.487,0.269,0.162,0.206,0.51,0.306,0.15,0.26,1,30,30,30,19,27,16,29,26,18,26,13,27,10,Philadelphia 76ers,2015-16
1610612756,Phoenix Suns,82,23,59,0.28,3941.0,0.487,0.271,0.169,0.254,0.523,0.317,0.149,0.229,1,27,27,27,29,25,15,30,7,28,29,14,11,10,Phoenix Suns,2015-16
1610612757,Portland Trail Blazers,82,44,38,0.537,3961.0,0.511,0.268,0.148,0.259,0.503,0.307,0.134,0.238,1,12,12,12,19,8,17,17,3,15,28,25,13,10,Portland Trail Blazers,2015-16
1610612758,Sacramento Kings,82,33,49,0.402,3961.0,0.51,0.295,0.157,0.239,0.521,0.264,0.155,0.251,1,21,21,21,19,10,7,24,16,25,8,8,22,10,Sacramento Kings,2015-16
1610612759,San Antonio Spurs,82,67,15,0.817,3941.0,0.526,0.246,0.137,0.23,0.477,0.24,0.154,0.209,1,2,2,2,29,2,26,7,23,1,2,10,3,10,San Antonio Spurs,2015-16
1610612761,Toronto Raptors,82,56,26,0.683,3956.0,0.504,0.328,0.136,0.246,0.498,0.269,0.14,0.223,1,4,4,4,23,12,3,6,12,14,11,19,8,10,Toronto Raptors,2015-16
1610612762,Utah Jazz,82,40,42,0.488,3991.0,0.501,0.286,0.158,0.259,0.495,0.281,0.148,0.223,1,19,19,19,2,15,10,26,4,11,18,15,7,10,Utah Jazz,2015-16
1610612764,Washington Wizards,82,41,41,0.5,3951.0,0.511,0.263,0.143,0.206,0.515,0.283,0.16,0.223,1,17,17,17,26,9,21,15,27,21,19,5,9,10,Washington Wizards,2015-16
1610612737,Atlanta Hawks,82,43,39,0.524,3976.0,0.504,0.295,0.157,0.236,0.507,0.232,0.153,0.239,1,11,11,11,4,19,5,28,15,8,4,2,19,10,Atlanta Hawks,2016-17
1610612738,Boston Celtics,82,53,29,0.646,3951.0,0.525,0.273,0.133,0.212,0.503,0.29,0.139,0.247,1,4,4,4,25,9,17,8,25,5,25,17,27,10,Boston Celtics,2016-17
1610612751,Brooklyn Nets,82,20,62,0.244,3951.0,0.507,0.289,0.159,0.196,0.513,0.275,0.128,0.239,1,30,30,30,25,17,7,29,28,17,14,27,18,10,Brooklyn Nets,2016-17
1610612766,Charlotte Hornets,82,36,46,0.439,3966.0,0.501,0.279,0.117,0.199,0.523,0.211,0.132,0.204,1,20,20,20,10,23,12,1,27,23,1,22,2,10,Charlotte Hornets,2016-17
1610612741,Chicago Bulls,82,41,41,0.5,3956.0,0.487,0.259,0.138,0.27,0.507,0.219,0.137,0.232,1,15,15,15,18,30,21,13,4,10,2,19,11,10,Chicago Bulls,2016-17
1610612739,Cleveland Cavaliers,82,51,31,0.622,3976.0,0.547,0.275,0.137,0.219,0.516,0.226,0.127,0.242,1,5,5,5,4,2,15,12,20,18,3,29,22,10,Cleveland Cavaliers,2016-17
1610612742,Dallas Mavericks,82,33,49,0.402,3956.0,0.505,0.225,0.126,0.181,0.529,0.282,0.157,0.224,1,22,22,22,18,18,29,3,30,27,20,1,7,10,Dallas Mavericks,2016-17
1610612743,Denver Nuggets,82,40,42,0.488,3951.0,0.53,0.276,0.147,0.273,0.532,0.248,0.119,0.213,1,18,18,18,25,5,13,23,2,28,6,30,5,10,Denver Nuggets,2016-17
1610612765,Detroit Pistons,82,37,45,0.451,3961.0,0.492,0.218,0.121,0.241,0.516,0.253,0.131,0.188,1,19,19,19,13,27,30,2,12,19,9,23,1,10,Detroit Pistons,2016-17
1610612744,Golden State Warriors,82,67,15,0.817,3956.0,0.563,0.259,0.144,0.228,0.486,0.261,0.15,0.251,1,1,1,1,18,1,20,20,18,1,11,6,29,10,Golden State Warriors,2016-17
1610612745,Houston Rockets,82,55,27,0.671,3956.0,0.545,0.304,0.147,0.246,0.519,0.25,0.146,0.242,1,3,3,3,18,3,2,22,10,21,8,11,21,10,Houston Rockets,2016-17
1610612754,Indiana Pacers,82,42,40,0.512,3971.0,0.516,0.261,0.139,0.212,0.512,0.286,0.151,0.245,1,13,13,13,7,13,19,15,24,15,23,4,25,10,Indiana Pacers,2016-17
1610612746,LA Clippers,82,51,31,0.622,3951.0,0.537,0.312,0.131,0.215,0.506,0.274,0.134,0.231,1,5,5,5,25,4,1,6,23,6,13,21,10,10,LA Clippers,2016-17
1610612747,Los Angeles Lakers,82,26,56,0.317,3941.0,0.501,0.259,0.15,0.25,0.542,0.279,0.144,0.242,1,28,28,28,30,22,22,27,7,30,17,13,23,10,Los Angeles Lakers,2016-17
1610612763,Memphis Grizzlies,82,43,39,0.524,3981.0,0.491,0.28,0.135,0.248,0.506,0.341,0.149,0.225,1,11,11,11,2,28,11,9,9,7,30,8,8,10,Memphis Grizzlies,2016-17
1610612748,Miami Heat,82,41,41,0.5,3956.0,0.512,0.251,0.137,0.242,0.496,0.281,0.139,0.236,1,15,15,15,18,15,26,10,11,4,19,16,14,10,Miami Heat,2016-17
1610612749,Milwaukee Bucks,82,42,40,0.512,3956.0,0.527,0.274,0.144,0.215,0.518,0.279,0.151,0.246,1,13,13,13,18,7,16,19,22,20,18,5,26,10,Milwaukee Bucks,2016-17
1610612750,Minnesota Timberwolves,82,31,51,0.378,3961.0,0.511,0.287,0.144,0.272,0.535,0.275,0.146,0.241,1,24,24,24,13,16,9,18,3,29,15,12,20,10,Minnesota Timberwolves,2016-17
1610612740,New Orleans Pelicans,82,34,48,0.415,3981.0,0.504,0.256,0.127,0.185,0.509,0.232,0.138,0.232,1,21,21,21,2,20,24,4,29,12,5,18,13,10,New Orleans Pelicans,2016-17
1610612752,New York Knicks,82,31,51,0.378,3971.0,0.496,0.239,0.139,0.266,0.511,0.278,0.13,0.259,1,24,24,24,7,25,28,16,5,14,16,25,30,10,New York Knicks,2016-17
1610612760,Oklahoma City Thunder,82,47,35,0.573,3961.0,0.5,0.295,0.148,0.279,0.511,0.285,0.137,0.21,1,10,10,10,13,24,4,24,1,13,22,20,3,10,Oklahoma City Thunder,2016-17
1610612753,Orlando Magic,82,29,53,0.354,3961.0,0.489,0.246,0.133,0.216,0.523,0.263,0.131,0.226,1,26,26,26,13,29,27,7,21,22,12,24,9,10,Orlando Magic,2016-17
1610612755,Philadelphia 76ers,82,28,54,0.341,3966.0,0.501,0.258,0.164,0.224,0.512,0.303,0.149,0.247,1,27,27,27,10,21,23,30,19,16,27,9,28,10,Philadelphia 76ers,2016-17
1610612756,Phoenix Suns,82,24,58,0.293,3966.0,0.493,0.297,0.149,0.26,0.525,0.338,0.144,0.236,1,29,29,29,10,26,3,25,6,25,29,14,15,10,Phoenix Suns,2016-17
1610612757,Portland Trail Blazers,82,41,41,0.5,3986.0,0.52,0.275,0.137,0.23,0.508,0.307,0.128,0.232,1,15,15,15,1,11,14,11,17,11,28,28,12,10,Portland Trail Blazers,2016-17
1610612758,Sacramento Kings,82,32,50,0.39,3976.0,0.516,0.284,0.149,0.21,0.528,0.291,0.143,0.237,1,23,23,23,4,14,10,26,26,26,26,15,17,10,Sacramento Kings,2016-17
1610612759,San Antonio Spurs,82,61,21,0.744,3961.0,0.524,0.263,0.139,0.24,0.492,0.249,0.148,0.224,1,2,2,2,13,10,18,14,14,2,7,10,6,10,San Antonio Spurs,2016-17
1610612761,Toronto Raptors,82,51,31,0.622,3956.0,0.517,0.293,0.13,0.25,0.507,0.286,0.149,0.237,1,5,5,5,18,12,6,5,8,9,24,7,16,10,Toronto Raptors,2016-17
1610612762,Utah Jazz,82,51,31,0.622,3951.0,0.526,0.288,0.145,0.232,0.493,0.253,0.129,0.211,1,5,5,5,25,8,8,21,16,3,10,26,4,10,Utah Jazz,2016-17
1610612764,Washington Wizards,82,49,33,0.598,3971.0,0.528,0.254,0.141,0.241,0.524,0.284,0.153,0.245,1,9,9,9,7,6,25,17,13,24,21,3,24,10,Washington Wizards,2016-17
