TEAM_ID,TEAM_NAME,GP,W,L,W_PCT,MIN,DEF_RATING,DREB,DREB_PCT,STL,BLK,OPP_PTS_OFF_TOV,OPP_PTS_2ND_CHANCE,OPP_PTS_FB,OPP_PTS_PAINT,GP_RANK,W_RANK,L_RANK,W_PCT_RANK,MIN_RANK,DEF_RATING_RANK,DREB_RANK,DREB_PCT_RANK,STL_RANK,BLK_RANK,OPP_PTS_OFF_TOV_RANK,OPP_PTS_2ND_CHANCE_RANK,OPP_PTS_FB_RANK,OPP_PTS_PAINT_RANK,CFID,CFPARAMS,Season
1610612737,Atlanta Hawks,82,56,26,0.683,49.7,98.9,28.7,0.692,8.5,5.2,16.1,14.4,11.3,36.7,1,7,7,7,25,3,14,14,9,11,5,16,9,7,10,Atlanta Hawks,1996-97
1610612738,Boston Celtics,82,15,67,0.183,50.1,108.8,26.7,0.685,9.9,3.8,19.0,14.6,15.9,52.7,1,28,28,28,9,27,26,18,2,27,26,18,25,29,10,Boston Celtics,1996-97
1610612766,Charlotte Hornets,82,54,28,0.659,49.8,105.6,28.0,0.681,7.3,4.3,16.3,16.1,11.1,42.6,1,9,9,9,22,19,17,22,26,22,9,28,8,18,10,Charlotte Hornets,1996-97
1610612741,Chicago Bulls,82,69,13,0.841,49.6,99.2,30.0,0.693,8.7,4.0,14.2,14.5,10.5,38.5,1,1,1,1,29,4,4,12,7,25,2,17,6,9,10,Chicago Bulls,1996-97
1610612739,Cleveland Cavaliers,82,42,40,0.512,50.2,99.4,26.3,0.719,8.0,3.8,15.7,11.3,8.8,33.2,1,14,14,14,7,5,27,3,16,27,3,1,2,2,10,Cleveland Cavaliers,1996-97
1610612742,Dallas Mavericks,82,24,58,0.293,49.9,105.7,27.6,0.673,8.0,4.3,17.5,13.7,14.6,39.1,1,24,24,24,17,21,20,25,17,21,14,10,23,11,10,Dallas Mavericks,1996-97
1610612743,Denver Nuggets,82,21,61,0.256,50.2,108.2,29.9,0.693,6.1,5.9,19.3,15.6,13.4,45.5,1,26,26,26,6,24,5,13,29,4,27,25,19,26,10,Denver Nuggets,1996-97
1610612765,Detroit Pistons,82,54,28,0.659,49.9,101.3,27.9,0.704,7.7,3.5,14.0,13.2,9.5,32.2,1,9,9,9,16,9,18,8,22,29,1,6,5,1,10,Detroit Pistons,1996-97
1610612744,Golden State Warriors,82,30,52,0.366,50.1,108.9,27.5,0.675,7.5,4.4,20.7,15.1,12.2,43.5,1,21,21,21,10,29,22,24,25,20,29,24,11,23,10,Golden State Warriors,1996-97
1610612745,Houston Rockets,82,57,25,0.695,49.9,101.4,31.3,0.714,8.4,4.2,18.2,14.2,12.7,39.7,1,4,4,4,19,10,1,5,11,24,20,13,14,12,10,Houston Rockets,1996-97
1610612754,Indiana Pacers,82,39,43,0.476,50.4,101.8,29.1,0.704,7.1,4.8,18.3,13.4,13.2,35.0,1,17,17,17,1,12,10,7,28,14,21,7,18,6,10,Indiana Pacers,1996-97
1610612746,Los Angeles Clippers,82,36,46,0.439,50.3,104.9,27.3,0.681,8.9,5.4,18.2,14.0,12.7,44.4,1,18,18,18,3,16,24,23,5,7,18,12,15,24,10,Los Angeles Clippers,1996-97
1610612747,Los Angeles Lakers,82,56,26,0.683,50.3,100.8,29.4,0.685,9.0,7.0,16.1,14.9,13.6,40.5,1,7,7,7,5,8,7,19,4,1,4,22,20,14,10,Los Angeles Lakers,1996-97
1610612748,Miami Heat,82,61,21,0.744,50.0,97.9,29.3,0.706,7.9,5.4,17.1,12.8,9.4,37.7,1,3,3,3,11,2,9,6,18,8,11,4,4,8,10,Miami Heat,1996-97
1610612749,Milwaukee Bucks,82,33,49,0.402,49.7,105.6,27.6,0.699,7.7,4.2,18.5,13.4,17.0,44.4,1,20,20,20,24,20,20,10,21,23,23,7,28,25,10,Milwaukee Bucks,1996-97
1610612750,Minnesota Timberwolves,82,40,42,0.488,49.8,103.7,28.1,0.683,7.5,6.8,16.9,14.6,13.0,42.2,1,15,15,15,21,15,16,21,24,2,10,18,17,17,10,Minnesota Timberwolves,1996-97
1610612751,New Jersey Nets,82,26,56,0.317,49.7,106.5,29.0,0.69,8.3,5.9,17.7,14.3,14.9,43.3,1,23,23,23,23,23,11,16,13,5,15,14,24,20,10,New Jersey Nets,1996-97
1610612752,New York Knicks,82,57,25,0.695,50.3,97.6,30.7,0.734,7.7,4.6,18.4,12.5,8.9,33.8,1,4,4,4,2,1,2,1,23,17,22,2,3,3,10,New York Knicks,1996-97
1610612753,Orlando Magic,82,45,37,0.549,49.9,103.3,27.1,0.673,8.5,4.4,17.7,14.3,16.4,43.4,1,12,12,12,20,14,25,26,10,18,16,15,26,22,10,Orlando Magic,1996-97
1610612755,Philadelphia 76ers,82,22,60,0.268,49.7,108.4,28.7,0.665,8.3,4.8,20.6,16.5,16.5,48.1,1,25,25,25,28,25,13,28,12,14,28,29,27,28,10,Philadelphia 76ers,1996-97
1610612756,Phoenix Suns,82,40,42,0.488,49.9,105.5,29.0,0.694,8.1,3.9,16.2,15.6,11.6,43.4,1,15,15,15,18,18,11,11,14,26,6,26,10,21,10,Phoenix Suns,1996-97
1610612757,Portland Trail Blazers,82,49,33,0.598,50.1,100.5,30.4,0.724,7.8,5.3,18.2,12.7,12.4,39.0,1,11,11,11,8,7,3,2,20,9,19,3,12,10,10,Portland Trail Blazers,1996-97
1610612758,Sacramento Kings,82,34,48,0.415,50.0,105.7,28.1,0.685,7.2,4.4,18.7,13.9,13.7,41.6,1,19,19,19,12,22,15,20,27,18,24,11,21,16,10,Sacramento Kings,1996-97
1610612759,San Antonio Spurs,82,20,62,0.244,49.7,108.8,26.0,0.67,7.9,5.3,17.3,15.0,12.9,40.8,1,27,27,27,27,26,29,27,19,10,13,23,16,15,10,San Antonio Spurs,1996-97
1610612760,Seattle SuperSonics,82,57,25,0.695,49.9,99.5,27.7,0.691,11.0,4.7,16.3,14.6,10.8,34.4,1,4,4,4,14,6,19,15,1,16,8,20,7,4,10,Seattle SuperSonics,1996-97
1610612761,Toronto Raptors,82,30,52,0.366,49.9,105.1,27.5,0.686,8.8,6.3,18.8,14.8,17.7,43.2,1,21,21,21,15,17,23,17,6,3,25,21,29,19,10,Toronto Raptors,1996-97
1610612762,Utah Jazz,82,64,18,0.78,50.3,101.6,29.4,0.716,9.1,5.1,16.3,13.0,8.0,34.7,1,2,2,2,4,11,8,4,3,12,7,5,1,5,10,Utah Jazz,1996-97
1610612763,Vancouver Grizzlies,82,14,68,0.171,49.7,108.9,26.3,0.641,8.0,5.7,18.1,16.0,14.4,46.2,1,29,29,29,26,28,28,29,15,6,17,27,22,27,10,Vancouver Grizzlies,1996-97
1610612764,Washington Bullets,82,44,38,0.537,50.0,102.0,29.5,0.703,8.7,4.9,17.2,13.5,12.6,39.9,1,13,13,13,13,13,6,9,8,13,12,9,13,13,10,Washington Bullets,1996-97
1610612737,Atlanta Hawks,82,50,32,0.61,48.5,100.8,29.5,0.691,7.9,6.0,16.4,14.0,13.3,38.2,1,10,10,10,7,12,10,13,18,4,10,9,13,11,10,Atlanta Hawks,1997-98
1610612738,Boston Celtics,82,36,46,0.439,48.1,102.6,24.9,0.668,12.0,4.5,17.7,14.4,15.2,46.8,1,20,20,20,27,17,29,22,1,21,21,13,24,27,10,Boston Celtics,1997-98
1610612766,Charlotte Hornets,82,51,31,0.622,48.2,102.7,28.5,0.708,8.4,3.8,17.1,13.8,13.0,40.9,1,9,9,9,21,18,14,6,11,27,16,8,11,16,10,Charlotte Hornets,1997-98
1610612741,Chicago Bulls,82,62,20,0.756,48.4,96.7,29.7,0.706,8.5,4.3,15.0,13.7,12.3,37.4,1,1,1,1,9,3,6,7,10,23,2,7,8,9,10,Chicago Bulls,1997-98
1610612739,Cleveland Cavaliers,82,47,35,0.573,48.4,96.0,28.4,0.711,9.9,5.1,18.6,12.8,13.2,36.4,1,11,11,11,19,1,17,4,2,15,24,3,12,6,10,Cleveland Cavaliers,1997-98
1610612742,Dallas Mavericks,82,20,62,0.244,48.6,104.4,27.8,0.651,7.9,5.7,16.7,16.4,15.9,44.0,1,24,24,24,6,24,21,28,20,6,13,27,26,24,10,Dallas Mavericks,1997-98
1610612743,Denver Nuggets,82,11,71,0.134,48.1,109.1,26.3,0.663,8.1,4.8,18.9,15.1,12.8,40.8,1,29,29,29,29,28,26,25,16,17,26,19,9,15,10,Denver Nuggets,1997-98
1610612765,Detroit Pistons,82,37,45,0.451,48.7,100.4,28.5,0.702,8.3,4.2,15.6,14.3,11.0,34.3,1,19,19,19,2,9,16,8,14,25,6,10,5,3,10,Detroit Pistons,1997-98
1610612744,Golden State Warriors,82,19,63,0.232,48.4,102.8,30.2,0.686,7.6,5.5,18.5,15.2,13.8,41.0,1,25,25,25,12,20,3,16,25,9,23,21,18,18,10,Golden State Warriors,1997-98
1610612745,Houston Rockets,82,41,41,0.5,48.4,105.6,28.7,0.693,8.4,3.6,17.6,15.6,13.9,41.6,1,17,17,17,11,25,12,12,13,28,20,24,19,19,10,Houston Rockets,1997-98
1610612754,Indiana Pacers,82,58,24,0.707,48.4,98.4,28.6,0.678,7.9,4.5,14.5,14.3,12.2,37.2,1,5,5,5,12,5,13,18,21,20,1,12,7,8,10,Indiana Pacers,1997-98
1610612746,Los Angeles Clippers,82,17,65,0.207,48.2,108.3,27.8,0.661,7.6,5.6,18.7,16.4,14.7,48.0,1,27,27,27,21,27,22,27,24,8,25,28,22,28,10,Los Angeles Clippers,1997-98
1610612747,Los Angeles Lakers,82,61,21,0.744,48.4,100.7,30.1,0.688,9.0,6.8,17.5,15.6,13.3,40.4,1,3,3,3,18,11,4,15,7,3,19,25,14,14,10,Los Angeles Lakers,1997-98
1610612748,Miami Heat,82,55,27,0.671,48.2,98.7,29.5,0.696,8.1,5.2,16.4,14.5,10.8,36.8,1,8,8,8,25,6,9,10,15,11,10,14,4,7,10,Miami Heat,1997-98
1610612749,Milwaukee Bucks,82,36,46,0.439,48.6,102.4,27.3,0.691,8.9,4.4,18.9,13.6,16.8,43.2,1,20,20,20,4,16,23,14,8,22,26,5,27,23,10,Milwaukee Bucks,1997-98
1610612750,Minnesota Timberwolves,82,45,37,0.549,48.7,103.6,29.6,0.685,7.8,5.2,16.4,16.3,14.0,42.2,1,13,13,13,3,22,8,17,22,13,9,26,20,20,10,Minnesota Timberwolves,1997-98
1610612751,New Jersey Nets,82,43,39,0.524,48.5,103.3,26.1,0.664,9.5,3.8,16.0,15.2,13.6,44.8,1,14,14,14,7,21,28,24,4,26,7,20,16,26,10,New Jersey Nets,1997-98
1610612752,New York Knicks,82,43,39,0.524,48.4,97.1,29.7,0.74,7.7,3.4,15.3,12.1,9.3,32.5,1,14,14,14,12,4,7,1,23,29,3,1,1,1,10,New York Knicks,1997-98
1610612753,Orlando Magic,82,41,41,0.5,48.4,100.9,26.9,0.669,7.9,5.4,16.8,14.5,14.8,41.0,1,17,17,17,10,13,25,20,17,10,14,16,23,17,10,Orlando Magic,1997-98
1610612755,Philadelphia 76ers,82,31,51,0.378,48.2,102.7,28.0,0.673,8.9,6.0,18.5,14.7,14.6,38.0,1,22,22,22,26,19,20,19,9,5,22,17,21,10,10,Philadelphia 76ers,1997-98
1610612756,Phoenix Suns,82,56,26,0.683,48.7,98.8,29.9,0.7,9.2,5.2,16.3,14.5,11.8,39.8,1,6,6,6,1,7,5,9,6,11,8,15,6,13,10,Phoenix Suns,1997-98
1610612757,Portland Trail Blazers,82,46,36,0.561,48.4,99.5,30.8,0.714,7.1,5.7,17.5,12.3,13.4,36.2,1,12,12,12,12,8,2,3,28,7,18,2,15,5,10,Portland Trail Blazers,1997-98
1610612758,Sacramento Kings,82,27,55,0.329,48.1,103.8,28.1,0.666,7.3,5.1,17.5,15.1,15.7,44.4,1,23,23,23,27,23,19,23,27,14,17,18,25,25,10,Sacramento Kings,1997-98
1610612759,San Antonio Spurs,82,56,26,0.683,48.4,96.2,32.2,0.722,6.3,6.9,16.6,13.5,10.6,33.7,1,6,6,6,12,2,1,2,29,2,12,4,3,2,10,San Antonio Spurs,1997-98
1610612760,Seattle SuperSonics,82,61,21,0.744,48.2,100.4,27.1,0.661,9.8,4.6,15.5,15.4,13.0,38.9,1,3,3,3,24,10,24,26,3,19,5,23,10,12,10,Seattle SuperSonics,1997-98
1610612761,Toronto Raptors,82,16,66,0.195,48.6,107.7,26.2,0.629,9.4,8.1,19.3,18.0,22.5,48.4,1,28,28,28,4,26,27,29,5,1,28,29,29,29,10,Toronto Raptors,1997-98
1610612762,Utah Jazz,82,62,20,0.756,48.2,102.3,29.3,0.71,7.9,5.0,17.0,13.6,10.1,35.3,1,1,1,1,23,15,11,5,18,16,15,5,2,4,10,Utah Jazz,1997-98
1610612763,Vancouver Grizzlies,82,19,63,0.232,48.4,109.3,28.2,0.669,7.5,4.3,19.6,15.3,17.9,43.0,1,25,25,25,12,29,18,21,26,24,29,22,28,22,10,Vancouver Grizzlies,1997-98
1610612764,Washington Wizards,82,42,40,0.512,48.3,101.6,28.5,0.695,8.4,4.6,15.4,14.3,13.7,42.8,1,16,16,16,20,14,14,11,12,18,4,11,17,21,10,Washington Wizards,1997-98
1610612737,Atlanta Hawks,50,31,19,0.62,48.3,93.9,30.0,0.721,6.9,5.2,15.0,11.7,10.6,31.7,1,7,7,7,17,2,9,1,27,13,4,1,7,3,10,Atlanta Hawks,1998-99
1610612738,Boston Celtics,50,19,31,0.38,48.6,99.7,29.2,0.694,9.1,5.1,18.2,14.8,14.5,42.4,1,22,22,22,7,15,13,21,4,15,27,25,26,24,10,Boston Celtics,1998-99
1610612766,Charlotte Hornets,50,26,24,0.52,48.6,99.2,29.9,0.695,8.9,4.9,18.3,13.8,13.8,37.7,1,16,16,16,5,13,10,18,9,16,28,20,24,16,10,Charlotte Hornets,1998-99
1610612741,Chicago Bulls,50,13,37,0.26,48.3,100.1,27.9,0.717,8.7,3.4,17.7,11.9,12.6,38.6,1,27,27,27,18,19,23,4,12,29,24,2,15,19,10,Chicago Bulls,1998-99
1610612739,Cleveland Cavaliers,50,22,28,0.44,48.2,98.5,26.3,0.69,9.0,4.1,17.0,13.8,11.4,35.7,1,20,20,20,19,11,28,24,5,23,20,19,8,12,10,Cleveland Cavaliers,1998-99
1610612742,Dallas Mavericks,50,19,31,0.38,48.3,102.2,29.6,0.691,7.0,5.8,15.7,13.5,13.2,39.3,1,22,22,22,16,25,12,23,26,4,7,16,21,22,10,Dallas Mavericks,1998-99
1610612743,Denver Nuggets,50,14,36,0.28,48.1,106.8,27.8,0.692,7.5,5.5,16.2,13.6,13.0,44.4,1,26,26,26,27,28,25,22,25,8,12,17,18,27,10,Denver Nuggets,1998-99
1610612765,Detroit Pistons,50,29,21,0.58,48.2,97.9,28.2,0.72,8.9,4.2,16.0,12.0,10.5,31.1,1,10,10,10,26,9,21,2,6,22,8,3,6,2,10,Detroit Pistons,1998-99
1610612744,Golden State Warriors,50,21,29,0.42,48.5,98.7,31.2,0.704,8.3,4.4,16.3,13.4,10.4,38.6,1,21,21,21,8,12,4,8,17,20,15,15,4,20,10,Golden State Warriors,1998-99
1610612745,Houston Rockets,50,31,19,0.62,48.3,100.1,30.8,0.699,7.7,5.2,17.3,13.8,12.4,37.6,1,7,7,7,13,18,5,14,24,13,22,18,13,15,10,Houston Rockets,1998-99
1610612754,Indiana Pacers,50,33,17,0.66,48.4,101.0,29.0,0.699,6.3,4.5,13.9,12.5,13.2,34.0,1,4,4,4,10,22,14,13,29,19,1,6,21,8,10,Indiana Pacers,1998-99
1610612746,Los Angeles Clippers,50,9,41,0.18,48.5,107.0,25.9,0.669,8.5,4.7,17.5,14.9,15.5,46.6,1,28,28,28,8,29,29,29,14,17,23,26,27,29,10,Los Angeles Clippers,1998-99
1610612747,Los Angeles Lakers,50,31,19,0.62,48.2,101.2,29.6,0.702,7.8,5.7,16.8,14.7,13.0,38.5,1,7,7,7,19,24,11,10,23,6,17,24,18,18,10,Los Angeles Lakers,1998-99
1610612748,Miami Heat,50,33,17,0.66,48.1,96.0,30.2,0.71,6.5,6.1,16.5,12.8,9.0,31.7,1,4,4,4,27,8,6,6,28,3,16,10,2,3,10,Miami Heat,1998-99
1610612749,Milwaukee Bucks,50,28,22,0.56,48.2,99.5,27.4,0.676,8.8,4.0,15.5,14.6,11.4,33.4,1,11,11,11,19,14,26,27,10,24,6,23,8,6,10,Milwaukee Bucks,1998-99
1610612750,Minnesota Timberwolves,50,25,25,0.5,48.1,98.2,27.8,0.702,8.5,5.4,14.1,13.0,12.8,36.1,1,17,17,17,27,10,24,12,13,10,2,12,16,13,10,Minnesota Timberwolves,1998-99
1610612751,New Jersey Nets,50,16,34,0.32,48.2,100.6,28.7,0.697,9.8,5.5,16.1,13.0,12.4,42.6,1,25,25,25,19,21,17,17,3,9,10,14,14,25,10,New Jersey Nets,1998-99
1610612752,New York Knicks,50,27,23,0.54,48.4,94.3,30.2,0.71,7.9,5.2,16.0,12.5,8.1,28.5,1,13,13,13,10,3,7,5,20,12,9,6,1,1,10,New York Knicks,1998-99
1610612753,Orlando Magic,50,33,17,0.66,48.2,95.3,28.9,0.708,9.9,4.3,17.3,12.3,13.9,39.2,1,4,4,4,19,6,16,7,2,21,21,5,25,21,10,Orlando Magic,1998-99
1610612755,Philadelphia 76ers,50,28,22,0.56,48.6,94.6,28.6,0.698,10.8,5.4,16.9,12.3,11.8,33.0,1,11,11,11,5,4,18,16,1,11,19,4,11,5,10,Philadelphia 76ers,1998-99
1610612756,Phoenix Suns,50,27,23,0.54,48.2,99.9,28.4,0.698,8.9,4.0,15.0,15.6,12.3,38.0,1,13,13,13,19,16,20,15,6,26,3,28,12,17,10,Phoenix Suns,1998-99
1610612757,Portland Trail Blazers,50,35,15,0.7,48.7,94.9,31.4,0.718,8.2,5.8,15.0,12.9,10.5,35.0,1,3,3,3,4,5,3,3,18,5,5,11,5,11,10,Portland Trail Blazers,1998-99
1610612758,Sacramento Kings,50,27,23,0.54,48.8,100.0,31.5,0.677,8.9,4.6,17.9,16.1,13.3,45.8,1,13,13,13,1,17,2,26,6,18,25,29,23,28,10,Sacramento Kings,1998-99
1610612759,San Antonio Spurs,50,37,13,0.74,48.3,92.1,31.7,0.695,8.4,7.0,16.2,14.0,11.5,34.6,1,1,1,1,13,1,1,19,15,1,14,21,10,9,10,San Antonio Spurs,1998-99
1610612760,Seattle SuperSonics,50,25,25,0.5,48.4,103.3,28.4,0.686,7.9,4.0,16.2,14.5,12.9,42.1,1,17,17,17,10,26,19,25,21,25,11,22,17,23,10,Seattle SuperSonics,1998-99
1610612761,Toronto Raptors,50,23,27,0.46,48.3,100.5,28.9,0.702,8.8,6.4,18.1,12.5,16.4,33.8,1,19,19,19,13,20,15,11,11,2,26,6,28,7,10,Toronto Raptors,1998-99
1610612762,Utah Jazz,50,37,13,0.74,48.7,95.5,30.2,0.704,8.0,5.5,16.9,13.0,9.8,34.8,1,1,1,1,2,7,8,9,19,7,18,13,3,10,10,Utah Jazz,1998-99
1610612763,Vancouver Grizzlies,50,8,42,0.16,48.7,105.1,27.2,0.669,8.4,4.0,19.4,15.1,17.6,43.6,1,29,29,29,2,27,27,28,16,27,29,27,29,26,10,Vancouver Grizzlies,1998-99
1610612764,Washington Wizards,50,18,32,0.36,48.2,101.0,28.1,0.695,7.9,3.9,16.2,12.6,13.2,36.9,1,24,24,24,19,23,22,20,21,28,12,9,20,14,10,Washington Wizards,1998-99
1610612737,Atlanta Hawks,82,28,54,0.341,48.4,104.8,31.3,0.71,6.1,5.6,17.7,13.8,17.0,42.1,1,25,25,25,7,25,9,17,29,9,20,14,27,21,10,Atlanta Hawks,1999-00
1610612738,Boston Celtics,82,35,47,0.427,48.1,103.0,29.5,0.738,9.7,3.5,16.8,12.5,13.8,39.1,1,19,19,19,26,19,24,1,1,28,17,3,14,13,10,Boston Celtics,1999-00
1610612766,Charlotte Hornets,82,49,33,0.598,48.2,98.9,32.1,0.732,8.9,5.9,15.9,13.4,14.0,39.8,1,10,10,10,19,9,3,3,6,7,13,11,15,17,10,Charlotte Hornets,1999-00
1610612741,Chicago Bulls,82,17,65,0.207,48.3,102.3,28.3,0.699,7.9,4.7,21.0,12.9,13.4,39.1,1,28,28,28,17,17,28,20,14,19,29,6,13,14,10,Chicago Bulls,1999-00
1610612739,Cleveland Cavaliers,82,32,50,0.39,48.4,100.9,30.5,0.712,8.7,4.4,19.5,14.5,13.2,37.7,1,22,22,22,2,14,14,16,9,23,28,24,10,11,10,Cleveland Cavaliers,1999-00
1610612742,Dallas Mavericks,82,40,42,0.488,48.1,104.5,29.8,0.661,7.2,5.1,15.5,16.8,15.2,42.9,1,18,18,18,26,24,20,29,23,15,9,29,21,25,10,Dallas Mavericks,1999-00
1610612743,Denver Nuggets,82,35,47,0.427,48.4,102.8,31.6,0.716,6.8,7.5,17.8,14.2,15.2,42.2,1,19,19,19,2,18,7,13,27,1,22,18,22,23,10,Denver Nuggets,1999-00
1610612765,Detroit Pistons,82,42,40,0.512,48.4,103.1,30.0,0.716,8.1,3.3,17.4,14.4,12.7,37.0,1,15,15,15,7,20,18,12,12,29,18,22,9,8,10,Detroit Pistons,1999-00
1610612744,Golden State Warriors,82,19,63,0.232,48.2,105.8,29.7,0.691,8.9,4.3,16.7,15.4,15.3,43.5,1,27,27,27,22,28,21,27,7,24,15,28,23,27,10,Golden State Warriors,1999-00
1610612745,Houston Rockets,82,34,48,0.415,48.4,103.1,31.5,0.716,7.5,5.3,19.0,14.3,14.5,42.4,1,21,21,21,7,21,8,14,19,12,26,20,17,24,10,Houston Rockets,1999-00
1610612754,Indiana Pacers,82,56,26,0.683,48.1,100.8,31.9,0.715,6.8,5.1,15.0,13.5,14.6,42.0,1,3,3,3,26,13,6,15,26,14,6,13,20,20,10,Indiana Pacers,1999-00
1610612746,Los Angeles Clippers,82,15,67,0.183,48.1,107.3,29.0,0.696,7.0,6.0,18.7,15.0,15.6,48.8,1,29,29,29,29,29,25,25,25,6,25,25,25,29,10,Los Angeles Clippers,1999-00
1610612747,Los Angeles Lakers,82,67,15,0.817,48.3,95.6,33.4,0.731,7.5,6.5,14.3,13.2,12.4,34.8,1,1,1,1,14,1,1,5,19,4,1,9,7,4,10,Los Angeles Lakers,1999-00
1610612748,Miami Heat,82,52,30,0.634,48.4,97.7,31.9,0.729,7.1,6.4,16.0,12.7,11.7,34.1,1,7,7,7,7,5,5,8,24,5,14,4,3,3,10,Miami Heat,1999-00
1610612749,Milwaukee Bucks,82,42,40,0.512,48.4,104.9,28.9,0.696,8.2,4.6,16.8,14.3,14.2,37.0,1,15,15,15,2,26,26,26,10,21,16,21,16,9,10,Milwaukee Bucks,1999-00
1610612750,Minnesota Timberwolves,82,50,32,0.61,48.5,100.2,30.1,0.73,7.6,5.4,14.8,13.2,13.3,38.5,1,8,8,8,1,12,16,7,17,11,4,7,12,12,10,Minnesota Timberwolves,1999-00
1610612751,New Jersey Nets,82,31,51,0.378,48.4,103.3,28.2,0.672,8.8,4.8,14.8,15.3,15.6,43.0,1,23,23,23,7,22,29,28,8,17,2,27,24,26,10,New Jersey Nets,1999-00
1610612752,New York Knicks,82,50,32,0.61,48.4,98.1,30.7,0.731,6.3,4.3,15.9,12.4,10.5,31.8,1,8,8,8,7,7,13,4,28,25,12,2,2,1,10,New York Knicks,1999-00
1610612753,Orlando Magic,82,41,41,0.5,48.2,98.9,31.0,0.699,9.1,5.7,18.3,14.5,14.6,39.8,1,17,17,17,22,8,12,21,5,8,24,23,19,16,10,Orlando Magic,1999-00
1610612755,Philadelphia 76ers,82,49,33,0.598,48.4,97.5,30.1,0.699,9.6,4.7,15.2,12.7,12.7,37.2,1,10,10,10,7,4,17,22,2,18,7,5,8,10,10,Philadelphia 76ers,1999-00
1610612756,Phoenix Suns,82,53,29,0.646,48.3,96.2,31.2,0.705,9.1,5.3,17.4,14.1,12.0,36.0,1,5,5,5,14,3,11,19,4,13,19,17,5,7,10,Phoenix Suns,1999-00
1610612757,Portland Trail Blazers,82,59,23,0.72,48.2,97.7,31.2,0.724,7.7,4.8,15.2,13.9,12.3,35.0,1,2,2,2,19,6,10,9,15,16,8,16,6,5,10,Portland Trail Blazers,1999-00
1610612758,Sacramento Kings,82,44,38,0.537,48.3,99.9,32.1,0.697,9.6,4.6,18.3,14.3,17.0,42.2,1,14,14,14,18,11,3,23,3,21,23,19,28,22,10,Sacramento Kings,1999-00
1610612759,San Antonio Spurs,82,53,29,0.646,48.4,95.7,32.5,0.73,7.5,6.7,15.5,13.3,11.8,35.3,1,5,5,5,2,2,2,6,18,2,10,10,4,6,10,San Antonio Spurs,1999-00
1610612760,Seattle SuperSonics,82,45,37,0.549,48.2,101.8,30.3,0.696,8.0,4.2,14.8,15.0,13.2,40.3,1,12,12,12,19,16,15,24,13,27,3,26,11,19,10,Seattle SuperSonics,1999-00
1610612761,Toronto Raptors,82,45,37,0.549,48.2,101.7,29.9,0.718,8.1,6.6,14.9,13.4,18.1,40.0,1,12,12,12,22,15,19,10,11,3,5,11,29,18,10,Toronto Raptors,1999-00
1610612762,Utah Jazz,82,55,27,0.671,48.2,99.8,29.6,0.732,7.7,5.4,15.7,12.3,10.3,32.6,1,4,4,4,22,10,23,2,16,10,11,1,1,2,10,Utah Jazz,1999-00
1610612763,Vancouver Grizzlies,82,22,60,0.268,48.4,105.3,28.3,0.706,7.4,4.2,19.0,13.9,16.5,43.7,1,26,26,26,2,27,27,18,21,26,27,15,26,28,10,Vancouver Grizzlies,1999-00
1610612764,Washington Wizards,82,29,53,0.354,48.3,104.1,29.7,0.717,7.2,4.7,17.7,13.2,14.5,39.6,1,24,24,24,14,23,21,11,22,19,21,8,17,15,10,Washington Wizards,1999-00
1610612737,Atlanta Hawks,82,25,57,0.305,48.1,101.9,30.4,0.708,7.7,4.7,18.6,13.0,13.1,36.9,1,25,25,25,27,21,16,21,16,21,28,9,14,14,10,Atlanta Hawks,2000-01
1610612738,Boston Celtics,82,36,46,0.439,48.4,100.9,28.9,0.727,9.4,4.1,17.0,13.0,13.4,35.9,1,20,20,20,13,16,27,7,3,28,23,10,18,8,10,Boston Celtics,2000-01
1610612766,Charlotte Hornets,82,46,36,0.561,48.5,96.3,31.8,0.745,8.1,5.5,15.6,12.9,10.5,35.4,1,14,14,14,9,6,4,1,11,11,10,8,3,6,10,Charlotte Hornets,2000-01
1610612741,Chicago Bulls,82,15,67,0.183,48.4,104.9,27.6,0.703,8.2,4.6,17.9,13.5,11.6,40.0,1,29,29,29,11,28,29,24,7,24,24,15,7,22,10,Chicago Bulls,2000-01
1610612739,Cleveland Cavaliers,82,30,52,0.366,48.4,102.0,29.8,0.711,7.8,5.3,18.5,13.8,14.6,36.6,1,23,23,23,13,22,20,19,15,13,27,21,26,12,10,Cleveland Cavaliers,2000-01
1610612742,Dallas Mavericks,82,53,29,0.646,48.3,100.1,31.4,0.707,7.5,6.0,15.4,14.3,13.3,40.9,1,5,5,5,18,13,9,23,19,5,6,26,16,23,10,Dallas Mavericks,2000-01
1610612743,Denver Nuggets,82,40,42,0.488,48.2,103.1,31.5,0.718,6.7,6.6,15.2,13.9,15.0,41.9,1,19,19,19,21,25,7,15,27,2,5,23,27,26,10,Denver Nuggets,2000-01
1610612765,Detroit Pistons,82,32,50,0.39,48.4,98.9,32.0,0.722,7.5,5.5,16.4,13.4,13.6,35.4,1,21,21,21,11,8,3,12,20,12,20,14,20,5,10,Detroit Pistons,2000-01
1610612744,Golden State Warriors,82,17,65,0.207,48.2,104.9,29.1,0.697,9.0,5.0,18.2,13.7,15.2,44.9,1,28,28,28,21,29,24,29,4,17,26,20,28,29,10,Golden State Warriors,2000-01
1610612745,Houston Rockets,82,45,37,0.549,48.4,101.7,30.8,0.719,7.2,4.4,16.1,14.1,11.7,38.2,1,15,15,15,13,18,13,13,22,26,17,25,8,18,10,Houston Rockets,2000-01
1610612754,Indiana Pacers,82,41,41,0.5,48.7,99.2,31.6,0.714,6.9,5.9,15.5,13.3,12.8,34.2,1,18,18,18,3,10,6,17,26,7,8,12,12,4,10,Indiana Pacers,2000-01
1610612746,Los Angeles Clippers,82,31,51,0.378,48.9,101.8,31.2,0.711,6.0,6.3,16.7,13.6,10.8,41.6,1,22,22,22,2,20,10,20,29,4,21,19,4,25,10,Los Angeles Clippers,2000-01
1610612747,Los Angeles Lakers,82,56,26,0.683,48.5,101.7,31.5,0.725,6.9,6.0,16.0,13.5,12.8,37.9,1,2,2,2,6,19,7,10,25,6,13,17,12,17,10,Los Angeles Lakers,2000-01
1610612748,Miami Heat,82,50,32,0.61,48.5,95.7,29.7,0.727,7.7,3.7,14.4,12.2,10.0,35.8,1,9,9,9,8,4,21,8,17,29,2,3,2,7,10,Miami Heat,2000-01
1610612749,Milwaukee Bucks,82,52,30,0.634,48.2,101.2,30.5,0.711,8.2,4.7,14.9,14.5,12.2,36.9,1,7,7,7,21,17,15,18,9,22,4,28,9,13,10,Milwaukee Bucks,2000-01
1610612750,Minnesota Timberwolves,82,47,35,0.573,48.4,100.7,30.1,0.719,8.3,5.6,15.5,13.3,12.6,41.0,1,12,12,12,13,15,18,14,6,10,9,12,11,24,10,Minnesota Timberwolves,2000-01
1610612751,New Jersey Nets,82,26,56,0.317,48.1,103.0,28.5,0.7,7.9,5.0,16.2,14.1,13.8,37.2,1,24,24,24,28,24,28,25,14,20,19,24,21,16,10,New Jersey Nets,2000-01
1610612752,New York Knicks,82,48,34,0.585,48.5,95.5,30.8,0.743,6.6,4.2,15.4,10.7,7.3,30.2,1,11,11,11,6,3,13,2,28,27,6,1,1,1,10,New York Knicks,2000-01
1610612753,Orlando Magic,82,43,39,0.524,48.7,99.2,29.9,0.698,8.2,5.9,16.1,14.5,13.3,37.0,1,17,17,17,4,11,19,28,8,8,14,27,16,15,10,Orlando Magic,2000-01
1610612755,Philadelphia 76ers,82,56,26,0.683,48.4,96.2,31.7,0.725,8.4,5.0,16.2,12.6,13.5,36.6,1,2,2,2,10,5,5,9,5,19,18,5,19,11,10,Philadelphia 76ers,2000-01
1610612756,Phoenix Suns,82,51,31,0.622,48.3,95.4,30.8,0.737,9.5,5.2,16.1,12.6,13.1,36.3,1,8,8,8,18,2,11,4,2,15,14,5,15,9,10,Phoenix Suns,2000-01
1610612757,Portland Trail Blazers,82,50,32,0.61,48.2,99.0,30.3,0.724,8.2,5.1,15.7,12.6,11.2,36.4,1,9,9,9,26,9,17,11,9,16,11,7,6,10,10,Portland Trail Blazers,2000-01
1610612758,Sacramento Kings,82,55,27,0.671,49.0,97.0,33.0,0.707,9.7,5.3,16.1,13.5,13.9,39.4,1,4,4,4,1,7,2,22,1,14,16,15,22,19,10,Sacramento Kings,2000-01
1610612759,San Antonio Spurs,82,58,24,0.707,48.4,94.9,33.1,0.737,6.9,7.0,14.8,12.0,12.3,34.0,1,1,1,1,13,1,1,3,24,1,3,2,10,3,10,San Antonio Spurs,2000-01
1610612760,Seattle SuperSonics,82,44,38,0.537,48.3,102.7,29.5,0.698,8.0,5.0,17.0,13.9,14.4,39.6,1,16,16,16,18,23,23,26,13,18,22,22,23,21,10,Seattle SuperSonics,2000-01
1610612761,Toronto Raptors,82,47,35,0.573,48.7,100.5,30.8,0.732,7.3,6.3,14.3,13.6,17.0,39.6,1,12,12,12,5,14,11,5,21,3,1,18,29,20,10,Toronto Raptors,2000-01
1610612762,Utah Jazz,82,53,29,0.646,48.2,100.0,29.1,0.732,8.1,5.6,15.9,12.5,10.8,32.1,1,5,5,5,25,12,25,6,12,9,12,4,5,2,10,Utah Jazz,2000-01
1610612763,Vancouver Grizzlies,82,23,59,0.28,48.2,103.2,29.6,0.698,7.1,4.4,18.0,14.6,14.4,42.4,1,26,26,26,21,26,22,27,23,25,25,29,24,28,10,Vancouver Grizzlies,2000-01
1610612764,Washington Wizards,82,19,63,0.232,48.0,104.8,28.9,0.718,7.7,4.7,19.8,13.3,14.5,42.0,1,27,27,27,29,27,26,16,18,23,29,11,25,27,10,Washington Wizards,2000-01
1610612737,Atlanta Hawks,82,33,49,0.402,48.2,103.7,29.8,0.709,8.1,4.3,17.8,13.8,16.7,40.8,1,22,22,22,23,21,17,17,10,27,27,13,29,21,10,Atlanta Hawks,2001-02
1610612738,Boston Celtics,82,49,33,0.598,48.4,98.0,31.3,0.729,9.7,3.6,14.9,13.6,12.6,30.9,1,8,8,8,8,5,3,4,1,28,7,12,15,1,10,Boston Celtics,2001-02
1610612766,Charlotte Hornets,82,44,38,0.537,48.2,100.0,30.5,0.722,8.0,5.6,14.7,14.4,12.3,36.4,1,11,11,11,24,9,12,6,13,12,6,18,12,9,10,Charlotte Hornets,2001-02
1610612741,Chicago Bulls,82,21,61,0.256,48.3,104.8,28.8,0.714,7.7,4.4,16.3,13.3,11.5,37.6,1,28,28,28,19,25,25,14,17,25,21,8,7,14,10,Chicago Bulls,2001-02
1610612739,Cleveland Cavaliers,82,29,53,0.354,48.4,105.0,30.3,0.728,7.0,5.7,16.6,13.4,13.0,39.7,1,24,24,24,6,27,14,5,23,9,23,9,19,20,10,Cleveland Cavaliers,2001-02
1610612742,Dallas Mavericks,82,57,25,0.695,48.5,104.8,31.3,0.707,7.1,4.8,14.2,15.1,13.6,43.5,1,4,4,4,5,24,4,19,22,18,2,28,22,27,10,Dallas Mavericks,2001-02
1610612743,Denver Nuggets,82,27,55,0.329,48.3,104.9,28.2,0.699,7.5,5.6,16.9,14.7,15.3,41.1,1,26,26,26,15,26,29,24,20,10,24,24,27,22,10,Denver Nuggets,2001-02
1610612765,Detroit Pistons,82,50,32,0.61,48.0,99.3,28.9,0.705,7.9,6.9,16.0,13.2,11.2,36.0,1,6,6,6,29,8,24,20,15,1,18,6,5,8,10,Detroit Pistons,2001-02
1610612744,Golden State Warriors,82,21,61,0.256,48.2,105.6,30.4,0.694,7.9,6.4,18.6,14.6,14.3,46.0,1,28,28,28,22,28,13,26,14,4,29,23,25,29,10,Golden State Warriors,2001-02
1610612745,Houston Rockets,82,28,54,0.341,48.7,105.9,29.4,0.698,6.5,5.4,16.1,14.4,12.7,41.5,1,25,25,25,1,29,22,25,27,14,20,19,17,23,10,Houston Rockets,2001-02
1610612754,Indiana Pacers,82,42,40,0.512,48.5,101.1,31.3,0.71,8.0,5.3,15.5,14.7,13.8,39.1,1,15,15,15,3,13,4,16,12,15,15,25,23,19,10,Indiana Pacers,2001-02
1610612746,Los Angeles Clippers,82,39,43,0.476,48.3,103.2,30.2,0.699,6.2,6.6,15.8,15.3,10.0,42.1,1,18,18,18,15,19,15,23,29,2,16,29,1,26,10,Los Angeles Clippers,2001-02
1610612747,Los Angeles Lakers,82,58,24,0.707,48.2,98.7,31.8,0.72,7.6,5.8,13.7,14.6,10.7,37.0,1,2,2,2,20,7,2,8,18,8,1,22,2,11,10,Los Angeles Lakers,2001-02
1610612763,Memphis Grizzlies,82,23,59,0.28,48.2,103.8,29.4,0.68,7.9,6.0,17.9,14.1,14.3,43.6,1,27,27,27,20,22,21,29,16,7,28,17,24,28,10,Memphis Grizzlies,2001-02
1610612748,Miami Heat,82,36,46,0.439,48.6,97.6,31.0,0.74,6.7,5.5,16.3,12.0,11.4,33.4,1,20,20,20,2,4,9,1,26,13,21,2,6,3,10,Miami Heat,2001-02
1610612749,Milwaukee Bucks,82,41,41,0.5,48.5,103.9,31.2,0.709,7.3,4.7,15.9,13.8,12.0,37.0,1,17,17,17,4,23,8,18,21,19,17,15,11,11,10,Milwaukee Bucks,2001-02
1610612750,Minnesota Timberwolves,82,50,32,0.61,48.3,102.2,31.2,0.737,6.4,5.2,15.4,13.8,11.7,38.0,1,6,6,6,15,15,7,2,28,16,14,13,8,15,10,Minnesota Timberwolves,2001-02
1610612751,New Jersey Nets,82,52,30,0.634,48.4,96.6,30.7,0.716,8.7,6.0,14.6,13.0,10.8,35.3,1,5,5,5,8,2,11,13,4,6,4,5,3,5,10,New Jersey Nets,2001-02
1610612752,New York Knicks,82,30,52,0.366,48.3,103.0,30.0,0.719,6.8,3.5,17.0,13.5,11.1,38.0,1,23,23,23,15,18,16,9,25,29,25,11,4,16,10,New York Knicks,2001-02
1610612753,Orlando Magic,82,44,38,0.537,48.4,102.5,29.7,0.692,8.1,4.7,14.6,14.9,14.7,42.0,1,11,11,11,8,17,19,27,11,20,5,27,26,25,10,Orlando Magic,2001-02
1610612755,Philadelphia 76ers,82,43,39,0.524,48.1,97.5,30.9,0.721,8.6,4.4,15.4,11.9,13.4,33.3,1,14,14,14,27,3,10,7,5,24,13,1,21,2,10,Philadelphia 76ers,2001-02
1610612756,Phoenix Suns,82,36,46,0.439,48.4,101.0,29.6,0.702,8.1,4.9,16.1,14.5,11.7,38.2,1,20,20,20,14,11,20,21,9,17,19,20,9,17,10,Phoenix Suns,2001-02
1610612757,Portland Trail Blazers,82,49,33,0.598,48.4,101.0,29.8,0.733,8.6,4.5,15.3,12.6,12.6,36.8,1,8,8,8,8,12,18,3,6,22,12,3,16,10,10,Portland Trail Blazers,2001-02
1610612758,Sacramento Kings,82,61,21,0.744,48.2,98.6,33.0,0.717,9.0,4.6,14.4,14.5,12.8,41.5,1,1,1,1,26,6,1,11,3,21,3,21,18,24,10,Sacramento Kings,2001-02
1610612759,San Antonio Spurs,82,58,24,0.707,48.4,96.5,31.3,0.719,7.6,6.5,15.1,13.9,12.5,37.3,1,2,2,2,6,1,6,10,18,3,9,16,13,13,10,San Antonio Spurs,2001-02
1610612760,Seattle SuperSonics,82,45,37,0.549,48.4,102.5,28.5,0.681,8.5,4.4,15.3,14.7,13.1,38.5,1,10,10,10,8,16,28,28,7,23,10,26,20,18,10,Seattle SuperSonics,2001-02
1610612761,Toronto Raptors,82,42,40,0.512,48.2,100.0,28.5,0.701,8.4,5.6,15.3,13.5,16.2,35.4,1,15,15,15,25,10,27,22,8,11,11,10,28,6,10,Toronto Raptors,2001-02
1610612762,Utah Jazz,82,44,38,0.537,48.4,101.6,28.6,0.717,9.1,6.4,17.2,12.8,11.9,35.0,1,11,11,11,8,14,26,12,2,4,26,4,10,4,10,Utah Jazz,2001-02
1610612764,Washington Wizards,82,37,45,0.451,48.1,103.2,29.2,0.714,7.0,4.3,15.1,13.3,12.6,36.0,1,19,19,19,27,20,23,15,24,26,8,7,14,7,10,Washington Wizards,2001-02
1610612737,Atlanta Hawks,82,35,47,0.427,48.6,102.8,31.2,0.704,7.5,5.8,19.0,14.7,13.2,39.1,1,22,22,22,5,21,5,22,20,6,27,24,22,20,10,Atlanta Hawks,2002-03
1610612738,Boston Celtics,82,44,38,0.537,48.4,98.5,30.1,0.725,8.8,3.7,15.0,13.5,11.2,31.9,1,13,13,13,14,7,14,10,4,25,5,13,8,1,10,Boston Celtics,2002-03
1610612741,Chicago Bulls,82,30,52,0.366,48.6,103.1,31.0,0.695,7.4,5.6,18.7,14.3,12.6,39.1,1,23,23,23,4,22,11,27,22,10,26,21,20,22,10,Chicago Bulls,2002-03
1610612739,Cleveland Cavaliers,82,17,65,0.207,48.4,103.6,31.0,0.732,7.8,6.4,20.3,13.1,16.3,39.5,1,28,28,28,14,24,10,4,16,2,29,8,28,23,10,Cleveland Cavaliers,2002-03
1610612742,Dallas Mavericks,82,60,22,0.732,48.2,99.4,31.0,0.709,8.1,5.5,12.4,14.3,12.3,38.5,1,1,1,1,24,9,9,19,11,13,1,22,16,17,10,Dallas Mavericks,2002-03
1610612743,Denver Nuggets,82,17,65,0.207,48.1,99.0,28.8,0.733,8.7,5.1,19.4,11.4,13.9,35.0,1,28,28,28,29,8,28,3,6,16,28,1,26,5,10,Denver Nuggets,2002-03
1610612765,Detroit Pistons,82,50,32,0.61,48.5,97.3,29.8,0.74,6.8,5.7,14.0,11.7,10.2,34.0,1,5,5,5,7,4,18,1,28,8,2,2,2,2,10,Detroit Pistons,2002-03
1610612744,Golden State Warriors,82,38,44,0.463,48.2,106.0,31.0,0.679,7.2,6.2,18.2,16.0,14.1,44.5,1,19,19,19,26,29,8,29,23,3,25,29,27,28,10,Golden State Warriors,2002-03
1610612745,Houston Rockets,82,43,39,0.524,48.6,99.9,31.3,0.724,7.2,6.0,16.5,13.2,10.7,34.8,1,15,15,15,1,14,4,11,23,5,19,11,6,4,10,Houston Rockets,2002-03
1610612754,Indiana Pacers,82,48,34,0.585,48.6,97.9,32.0,0.723,8.5,5.4,16.3,13.7,13.8,37.9,1,9,9,9,6,5,2,13,8,14,17,15,23,13,10,Indiana Pacers,2002-03
1610612746,Los Angeles Clippers,82,27,55,0.329,48.2,103.6,30.0,0.702,7.0,5.6,17.2,14.8,9.9,40.4,1,25,25,25,26,23,17,25,27,10,22,25,1,24,10,Los Angeles Clippers,2002-03
1610612747,Los Angeles Lakers,82,50,32,0.61,48.6,101.8,31.1,0.727,7.8,5.7,15.9,13.8,11.9,37.7,1,5,5,5,1,19,7,8,15,7,16,17,12,12,10,Los Angeles Lakers,2002-03
1610612763,Memphis Grizzlies,82,28,54,0.341,48.6,104.6,30.1,0.687,7.9,6.1,16.8,15.4,13.8,45.5,1,24,24,24,1,27,15,28,14,4,21,28,25,29,10,Memphis Grizzlies,2002-03
1610612748,Miami Heat,82,25,57,0.305,48.4,99.8,30.0,0.739,7.2,4.0,15.0,11.9,10.4,35.3,1,26,26,26,14,12,16,2,25,23,6,3,4,7,10,Miami Heat,2002-03
1610612749,Milwaukee Bucks,82,42,40,0.512,48.5,105.3,28.9,0.699,7.6,4.2,14.4,15.0,11.9,38.6,1,16,16,16,7,28,27,26,18,22,3,26,13,18,10,Milwaukee Bucks,2002-03
1610612750,Minnesota Timberwolves,82,51,31,0.622,48.3,100.6,31.9,0.729,6.7,5.3,15.0,13.8,11.7,38.2,1,4,4,4,20,16,3,7,29,15,4,16,9,15,10,Minnesota Timberwolves,2002-03
1610612751,New Jersey Nets,82,49,33,0.598,48.2,95.5,30.8,0.731,8.7,4.6,15.6,12.3,10.9,34.2,1,8,8,8,26,1,12,6,5,21,11,4,7,3,10,New Jersey Nets,2002-03
1610612740,New Orleans Hornets,82,47,35,0.573,48.5,98.4,30.2,0.731,8.0,4.8,15.9,13.2,12.0,38.6,1,11,11,11,7,6,13,5,13,18,14,10,14,19,10,New Orleans Hornets,2002-03
1610612752,New York Knicks,82,37,45,0.451,48.4,103.7,29.0,0.718,7.1,3.1,15.9,12.9,10.4,41.4,1,20,20,20,10,25,26,15,26,29,13,6,3,26,10,New York Knicks,2002-03
1610612753,Orlando Magic,82,42,40,0.512,48.3,101.9,29.2,0.711,8.5,3.7,15.4,14.0,12.5,40.5,1,16,16,16,20,20,22,18,8,26,10,18,18,25,10,Orlando Magic,2002-03
1610612755,Philadelphia 76ers,82,48,34,0.585,48.4,100.0,29.5,0.727,10.3,3.5,16.3,12.4,13.8,36.9,1,9,9,9,11,15,20,9,1,28,18,5,23,10,10,Philadelphia 76ers,2002-03
1610612756,Phoenix Suns,82,44,38,0.537,48.3,99.4,29.8,0.703,8.1,4.9,15.2,15.2,10.4,39.1,1,13,13,13,20,10,19,23,12,17,8,27,5,20,10,Phoenix Suns,2002-03
1610612757,Portland Trail Blazers,82,50,32,0.61,48.4,99.5,29.0,0.723,8.8,3.9,17.2,13.3,12.9,38.0,1,5,5,5,13,11,25,12,3,24,23,12,21,14,10,Portland Trail Blazers,2002-03
1610612758,Sacramento Kings,82,59,23,0.72,48.4,96.3,33.5,0.706,9.0,5.6,15.7,14.6,12.4,38.2,1,3,3,3,14,2,1,21,2,12,12,23,17,16,10,Sacramento Kings,2002-03
1610612759,San Antonio Spurs,82,60,22,0.732,48.4,96.6,31.2,0.713,7.7,6.5,16.7,14.0,12.2,37.5,1,1,1,1,14,3,6,17,17,1,20,18,15,11,10,San Antonio Spurs,2002-03
1610612760,Seattle SuperSonics,82,40,42,0.488,48.4,100.9,29.1,0.718,8.3,3.6,15.0,13.1,12.5,36.4,1,18,18,18,11,18,23,14,10,27,6,9,18,9,10,Seattle SuperSonics,2002-03
1610612761,Toronto Raptors,82,24,58,0.293,48.3,104.3,28.7,0.707,7.4,4.8,15.9,14.2,18.3,43.2,1,27,27,27,20,26,29,20,21,19,14,20,29,27,10,Toronto Raptors,2002-03
1610612762,Utah Jazz,82,47,35,0.573,48.2,99.8,29.0,0.702,8.6,5.7,17.6,12.9,11.7,35.3,1,11,11,11,24,13,24,24,7,9,24,7,11,6,10,Utah Jazz,2002-03
1610612764,Washington Wizards,82,37,45,0.451,48.4,100.9,29.2,0.716,7.6,4.8,15.2,13.7,11.7,35.7,1,20,20,20,14,17,21,16,19,20,9,14,9,8,10,Washington Wizards,2002-03
1610612737,Atlanta Hawks,82,28,54,0.341,48.5,103.1,30.6,0.705,7.6,5.0,18.9,14.0,13.7,40.0,1,25,25,25,4,25,10,18,17,12,28,21,25,20,10,Atlanta Hawks,2003-04
1610612738,Boston Celtics,82,36,46,0.439,48.1,100.2,29.8,0.695,9.4,4.0,17.6,14.7,12.1,35.5,1,20,20,20,28,14,17,24,2,25,26,25,17,8,10,Boston Celtics,2003-04
1610612741,Chicago Bulls,82,23,59,0.28,48.4,100.5,30.7,0.714,8.0,4.8,17.4,13.2,12.0,36.5,1,28,28,28,14,17,9,15,13,15,25,12,16,11,10,Chicago Bulls,2003-04
1610612739,Cleveland Cavaliers,82,35,47,0.427,48.4,101.3,31.9,0.73,7.1,6.5,15.7,13.4,13.1,38.1,1,21,21,21,7,19,4,7,23,3,14,17,21,16,10,Cleveland Cavaliers,2003-04
1610612742,Dallas Mavericks,82,52,30,0.634,48.3,104.3,31.0,0.716,8.0,5.3,13.9,13.2,14.4,44.0,1,7,7,7,15,26,6,14,15,10,2,13,28,28,10,Dallas Mavericks,2003-04
1610612743,Denver Nuggets,82,43,39,0.524,48.1,99.9,29.1,0.693,9.1,6.3,16.4,14.3,14.0,42.9,1,11,11,11,26,13,24,26,3,5,16,23,26,27,10,Denver Nuggets,2003-04
1610612765,Detroit Pistons,82,54,28,0.659,48.2,92.5,30.4,0.718,8.0,7.0,14.6,12.7,10.3,33.7,1,6,6,6,19,2,12,13,13,1,6,8,3,5,10,Detroit Pistons,2003-04
1610612744,Golden State Warriors,82,37,45,0.451,48.4,101.2,30.9,0.721,7.0,4.7,15.3,13.4,12.2,38.7,1,18,18,18,7,18,8,11,25,17,11,15,19,17,10,Golden State Warriors,2003-04
1610612745,Houston Rockets,82,45,37,0.549,48.6,96.4,32.3,0.745,6.8,5.4,17.1,12.4,10.3,30.3,1,10,10,10,3,5,2,2,27,8,23,6,2,1,10,Houston Rockets,2003-04
1610612754,Indiana Pacers,82,61,21,0.744,48.3,94.8,29.9,0.739,8.9,5.0,14.9,11.3,11.7,35.6,1,1,1,1,15,3,16,4,6,11,8,1,14,9,10,Indiana Pacers,2003-04
1610612746,Los Angeles Clippers,82,28,54,0.341,48.3,105.9,29.5,0.7,7.2,4.6,18.7,14.4,11.1,42.7,1,25,25,25,15,28,20,20,21,22,27,24,9,26,10,Los Angeles Clippers,2003-04
1610612747,Los Angeles Lakers,82,56,26,0.683,48.4,98.7,30.9,0.733,8.3,4.6,14.5,13.1,11.0,37.7,1,4,4,4,7,8,7,6,10,21,4,9,8,14,10,Los Angeles Lakers,2003-04
1610612763,Memphis Grizzlies,82,50,32,0.61,48.5,99.2,29.0,0.684,9.7,6.9,15.5,15.0,13.1,41.4,1,8,8,8,5,11,25,29,1,2,12,26,20,24,10,Memphis Grizzlies,2003-04
1610612748,Miami Heat,82,42,40,0.512,48.2,98.9,30.0,0.734,7.2,3.8,15.2,12.2,9.9,33.5,1,12,12,12,23,9,15,5,22,28,10,5,1,4,10,Miami Heat,2003-04
1610612749,Milwaukee Bucks,82,41,41,0.5,48.2,102.6,30.5,0.718,6.8,4.7,14.8,13.4,13.2,40.6,1,14,14,14,19,24,11,12,28,19,7,15,22,23,10,Milwaukee Bucks,2003-04
1610612750,Minnesota Timberwolves,82,58,24,0.707,48.2,96.6,32.3,0.725,6.8,5.6,13.1,13.1,11.0,35.3,1,2,2,2,23,6,3,9,26,7,1,10,6,7,10,Minnesota Timberwolves,2003-04
1610612751,New Jersey Nets,82,47,35,0.573,48.1,95.2,30.2,0.739,8.6,3.9,15.5,11.5,11.0,33.1,1,9,9,9,28,4,14,3,8,27,13,2,6,3,10,New Jersey Nets,2003-04
1610612740,New Orleans Hornets,82,41,41,0.5,48.4,99.5,29.5,0.713,8.6,4.2,16.1,13.1,11.5,37.4,1,14,14,14,11,12,19,16,9,24,15,11,12,13,10,New Orleans Hornets,2003-04
1610612752,New York Knicks,82,39,43,0.476,48.5,100.3,31.0,0.728,7.4,4.8,17.0,12.7,10.7,34.7,1,17,17,17,5,15,5,8,19,16,20,7,5,6,10,New York Knicks,2003-04
1610612753,Orlando Magic,82,21,61,0.256,48.4,107.5,28.7,0.687,6.7,3.8,16.7,15.4,14.1,44.8,1,29,29,29,13,29,27,27,29,29,18,29,27,29,10,Orlando Magic,2003-04
1610612755,Philadelphia 76ers,82,33,49,0.402,48.4,99.1,29.4,0.707,8.0,4.4,16.8,13.3,11.9,36.6,1,22,22,22,7,10,21,17,16,23,19,14,15,12,10,Philadelphia 76ers,2003-04
1610612756,Phoenix Suns,82,29,53,0.354,48.1,102.2,29.3,0.699,9.0,4.7,17.0,15.1,11.2,40.0,1,24,24,24,26,22,22,22,4,19,22,27,10,21,10,Phoenix Suns,2003-04
1610612757,Portland Trail Blazers,82,41,41,0.5,48.7,102.2,29.0,0.7,7.5,5.4,16.5,13.8,12.2,38.9,1,14,14,14,1,21,26,21,18,8,17,19,18,18,10,Portland Trail Blazers,2003-04
1610612758,Sacramento Kings,82,55,27,0.671,48.2,102.2,30.4,0.698,8.7,4.0,15.1,14.2,13.2,42.6,1,5,5,5,22,23,12,23,7,26,9,22,23,25,10,Sacramento Kings,2003-04
1610612759,San Antonio Spurs,82,57,25,0.695,48.2,91.6,32.5,0.746,8.1,6.5,14.5,11.9,10.6,36.4,1,3,3,3,25,1,1,1,11,3,3,4,4,10,10,San Antonio Spurs,2003-04
1610612760,Seattle SuperSonics,82,37,45,0.451,48.3,104.7,28.3,0.685,8.1,4.7,17.2,15.2,13.5,39.0,1,18,18,18,15,27,28,28,11,18,24,28,24,19,10,Seattle SuperSonics,2003-04
1610612761,Toronto Raptors,82,33,49,0.402,48.7,97.6,29.5,0.701,7.4,4.9,14.5,13.9,11.3,37.7,1,22,22,22,2,7,18,19,20,14,5,20,11,15,10,Toronto Raptors,2003-04
1610612762,Utah Jazz,82,42,40,0.512,48.2,100.4,27.7,0.724,7.1,6.0,17.0,11.7,11.5,32.2,1,12,12,12,19,16,29,10,24,6,20,3,13,2,10,Utah Jazz,2003-04
1610612764,Washington Wizards,82,25,57,0.305,48.4,101.9,29.2,0.695,8.9,5.0,20.1,13.7,15.9,40.0,1,27,27,27,11,20,23,25,5,13,29,18,29,22,10,Washington Wizards,2003-04
1610612737,Atlanta Hawks,82,13,69,0.159,48.4,108.4,28.5,0.721,7.7,4.2,18.5,13.6,13.1,41.4,1,30,30,30,12,30,25,9,13,21,30,14,24,24,10,Atlanta Hawks,2004-05
1610612738,Boston Celtics,82,45,37,0.549,48.5,103.3,29.7,0.701,8.1,5.2,17.7,15.0,12.4,39.5,1,11,11,11,10,13,16,24,8,13,27,28,16,16,10,Boston Celtics,2004-05
1610612766,Charlotte Bobcats,82,18,64,0.22,48.5,104.7,28.5,0.709,8.5,5.4,16.6,13.1,14.0,40.8,1,28,28,28,8,21,25,21,6,12,19,10,27,22,10,Charlotte Bobcats,2004-05
1610612741,Chicago Bulls,82,47,35,0.573,48.4,97.5,31.6,0.726,7.0,4.5,17.2,12.6,10.3,33.3,1,10,10,10,16,2,4,7,20,18,22,6,4,3,10,Chicago Bulls,2004-05
1610612739,Cleveland Cavaliers,82,42,40,0.512,48.4,102.5,28.7,0.715,8.0,5.6,15.3,13.2,12.6,37.9,1,17,17,17,11,12,24,12,9,7,11,11,19,12,10,Cleveland Cavaliers,2004-05
1610612742,Dallas Mavericks,82,58,24,0.707,48.1,101.0,30.9,0.702,8.6,5.6,15.0,14.5,13.7,39.8,1,4,4,4,27,9,8,23,4,7,6,23,26,17,10,Dallas Mavericks,2004-05
1610612743,Denver Nuggets,82,49,33,0.598,48.2,100.7,30.2,0.717,9.1,6.0,16.0,14.0,13.0,39.2,1,9,9,9,25,8,12,11,2,4,17,20,21,14,10,Denver Nuggets,2004-05
1610612765,Detroit Pistons,82,54,28,0.659,48.7,97.9,30.6,0.73,7.0,6.1,14.5,12.1,12.3,35.0,1,5,5,5,3,3,10,5,20,3,2,2,15,6,10,Detroit Pistons,2004-05
1610612744,Golden State Warriors,82,34,48,0.415,48.5,104.0,29.7,0.697,7.8,5.1,15.7,15.0,13.0,43.0,1,21,21,21,5,17,17,27,11,15,13,26,21,29,10,Golden State Warriors,2004-05
1610612745,Houston Rockets,82,51,31,0.622,48.4,98.9,31.7,0.745,6.9,4.6,15.1,11.5,10.1,30.9,1,7,7,7,13,4,3,1,23,16,7,1,2,1,10,Houston Rockets,2004-05
1610612754,Indiana Pacers,82,44,38,0.537,48.5,101.9,29.5,0.713,7.5,4.4,14.4,12.5,10.9,35.3,1,14,14,14,7,11,18,15,16,19,1,5,6,8,10,Indiana Pacers,2004-05
1610612746,Los Angeles Clippers,82,37,45,0.451,48.9,103.4,29.9,0.713,7.3,5.1,17.5,12.9,10.0,39.3,1,19,19,19,1,14,13,14,18,14,24,8,1,15,10,Los Angeles Clippers,2004-05
1610612747,Los Angeles Lakers,82,34,48,0.415,48.2,108.0,30.6,0.711,6.2,4.2,16.9,14.7,13.0,39.8,1,21,21,21,19,29,9,20,29,21,21,24,23,18,10,Los Angeles Lakers,2004-05
1610612763,Memphis Grizzlies,82,45,37,0.549,48.1,99.9,28.1,0.699,8.5,5.8,15.7,14.1,12.4,34.4,1,11,11,11,29,6,28,26,5,5,14,21,18,5,10,Memphis Grizzlies,2004-05
1610612748,Miami Heat,82,59,23,0.72,48.7,99.8,32.2,0.741,6.4,5.8,14.9,12.9,11.6,34.1,1,2,2,2,2,5,2,2,28,6,5,9,8,4,10,Miami Heat,2004-05
1610612749,Milwaukee Bucks,82,30,52,0.366,48.2,106.7,29.3,0.72,6.5,3.5,16.2,13.6,15.0,41.9,1,25,25,25,19,27,19,10,27,29,18,14,30,26,10,Milwaukee Bucks,2004-05
1610612750,Minnesota Timberwolves,82,44,38,0.537,48.2,103.7,31.5,0.714,5.6,5.5,15.2,13.7,11.6,38.6,1,14,14,14,24,15,5,13,30,10,8,18,9,13,10,Minnesota Timberwolves,2004-05
1610612751,New Jersey Nets,82,42,40,0.512,48.5,100.4,29.1,0.732,7.9,3.8,14.8,12.6,11.2,32.0,1,17,17,17,5,7,22,4,10,28,4,7,7,2,10,New Jersey Nets,2004-05
1610612740,New Orleans Hornets,82,18,64,0.22,48.6,105.1,27.8,0.707,6.7,3.8,17.5,13.6,11.7,36.7,1,28,28,28,4,23,29,22,25,27,25,17,11,10,10,New Orleans Hornets,2004-05
1610612752,New York Knicks,82,33,49,0.402,48.5,106.5,29.2,0.712,7.7,3.2,16.6,13.5,12.4,40.0,1,23,23,23,8,26,21,18,13,30,20,13,17,20,10,New York Knicks,2004-05
1610612753,Orlando Magic,82,36,46,0.439,48.1,104.2,31.0,0.713,7.7,5.4,17.9,14.2,14.7,40.9,1,20,20,20,29,18,6,17,12,11,29,22,29,23,10,Orlando Magic,2004-05
1610612755,Philadelphia 76ers,82,43,39,0.524,48.4,101.5,30.9,0.727,9.2,3.9,17.4,13.4,10.1,35.0,1,16,16,16,15,10,7,6,1,24,23,12,3,7,10,Philadelphia 76ers,2004-05
1610612756,Phoenix Suns,82,62,20,0.756,48.2,103.7,32.3,0.683,7.0,5.5,15.9,17.4,12.0,43.2,1,1,1,1,19,16,1,29,22,9,16,30,12,30,10,Phoenix Suns,2004-05
1610612757,Portland Trail Blazers,82,27,55,0.329,48.1,104.5,29.3,0.677,7.1,6.6,17.7,15.8,14.3,41.7,1,26,26,26,27,20,20,30,19,1,26,29,28,25,10,Portland Trail Blazers,2004-05
1610612758,Sacramento Kings,82,50,32,0.61,48.4,105.0,29.9,0.69,8.2,3.9,15.2,15.0,12.9,42.9,1,8,8,8,14,22,13,28,7,26,8,27,20,28,10,Sacramento Kings,2004-05
1610612759,San Antonio Spurs,82,59,23,0.72,48.3,95.8,30.4,0.736,7.5,6.6,14.6,12.3,10.9,37.2,1,2,2,2,18,1,11,3,17,2,3,4,5,11,10,San Antonio Spurs,2004-05
1610612760,Seattle SuperSonics,82,52,30,0.634,48.2,106.1,28.2,0.713,6.7,4.1,15.4,13.6,12.1,39.8,1,6,6,6,25,25,27,16,24,23,12,14,13,18,10,Seattle SuperSonics,2004-05
1610612761,Toronto Raptors,82,33,49,0.402,48.3,105.9,29.8,0.711,7.6,3.9,15.3,13.8,11.7,41.9,1,23,23,23,17,24,15,19,15,25,10,19,10,27,10,Toronto Raptors,2004-05
1610612762,Utah Jazz,82,26,56,0.317,48.2,107.0,27.4,0.723,6.6,4.6,17.8,12.1,13.4,35.6,1,27,27,27,23,28,30,8,26,17,28,3,25,9,10,Utah Jazz,2004-05
1610612764,Washington Wizards,82,45,37,0.549,48.2,104.2,29.0,0.7,8.7,4.2,15.8,14.8,12.2,40.7,1,11,11,11,19,19,23,25,3,20,15,25,14,21,10,Washington Wizards,2004-05
1610612737,Atlanta Hawks,82,26,56,0.317,48.5,108.3,27.2,0.695,7.2,4.8,18.1,15.2,12.0,44.4,1,27,27,27,9,26,29,28,15,15,28,29,16,30,10,Atlanta Hawks,2005-06
1610612738,Boston Celtics,82,33,49,0.402,48.5,104.0,29.7,0.728,7.0,5.1,18.9,13.2,10.9,39.7,1,24,24,24,12,18,15,14,17,11,29,20,7,19,10,Boston Celtics,2005-06
1610612766,Charlotte Bobcats,82,26,56,0.317,48.5,104.2,27.7,0.707,10.0,4.3,15.5,13.5,11.4,43.4,1,27,27,27,5,19,27,27,1,19,11,22,12,29,10,Charlotte Bobcats,2005-06
1610612741,Chicago Bulls,82,41,41,0.5,48.5,100.2,31.7,0.747,6.2,4.2,16.3,13.1,10.6,32.2,1,14,14,14,8,6,4,5,30,21,19,16,5,2,10,Chicago Bulls,2005-06
1610612739,Cleveland Cavaliers,82,50,32,0.61,48.4,102.6,30.6,0.757,6.9,4.8,15.6,11.9,10.8,37.2,1,6,6,6,17,14,9,4,18,16,13,4,6,11,10,Cleveland Cavaliers,2005-06
1610612742,Dallas Mavericks,82,60,22,0.732,48.5,101.9,29.6,0.722,7.2,6.0,14.0,12.8,12.3,35.9,1,3,3,3,9,11,16,17,13,4,3,12,21,6,10,Dallas Mavericks,2005-06
1610612743,Denver Nuggets,82,44,38,0.537,48.6,102.1,30.3,0.72,8.5,5.6,16.7,14.2,14.2,41.1,1,11,11,11,3,12,11,20,2,7,22,26,30,24,10,Denver Nuggets,2005-06
1610612765,Detroit Pistons,82,64,18,0.78,48.4,100.2,28.6,0.712,7.1,6.0,13.5,12.6,11.4,40.1,1,1,1,1,17,5,24,25,16,3,2,10,13,21,10,Detroit Pistons,2005-06
1610612744,Golden State Warriors,82,34,48,0.415,48.4,103.5,30.3,0.716,7.4,4.3,16.1,13.7,13.3,40.8,1,22,22,22,17,17,12,22,9,18,17,23,28,23,10,Golden State Warriors,2005-06
1610612745,Houston Rockets,82,34,48,0.415,48.4,100.6,31.3,0.746,7.2,3.9,15.2,11.6,10.2,30.1,1,22,22,22,17,7,5,7,14,23,10,2,4,1,10,Houston Rockets,2005-06
1610612754,Indiana Pacers,82,41,41,0.5,48.1,99.9,31.2,0.726,7.3,5.0,16.2,13.1,11.1,37.9,1,14,14,14,30,4,6,15,11,13,18,19,9,12,10,Indiana Pacers,2005-06
1610612746,Los Angeles Clippers,82,47,35,0.573,48.3,100.7,33.0,0.759,6.5,6.1,15.7,12.5,9.8,39.0,1,9,9,9,26,8,1,3,24,1,14,8,1,14,10,Los Angeles Clippers,2005-06
1610612747,Los Angeles Lakers,82,45,37,0.549,48.4,102.6,30.3,0.736,7.7,4.3,14.0,13.2,10.1,39.1,1,10,10,10,13,15,10,9,5,20,4,21,2,16,10,Los Angeles Lakers,2005-06
1610612763,Memphis Grizzlies,82,49,33,0.598,48.4,99.2,29.0,0.72,7.3,5.4,14.8,12.6,12.3,36.3,1,7,7,7,13,2,21,21,10,8,7,11,20,8,10,Memphis Grizzlies,2005-06
1610612748,Miami Heat,82,52,30,0.634,48.2,101.7,32.6,0.764,6.4,5.4,16.4,11.9,12.4,35.3,1,5,5,5,28,10,2,1,29,8,20,4,22,5,10,Miami Heat,2005-06
1610612749,Milwaukee Bucks,82,40,42,0.488,48.4,105.0,29.9,0.746,7.3,3.3,16.7,12.2,12.1,39.7,1,17,17,17,13,25,14,6,12,30,23,6,18,18,10,Milwaukee Bucks,2005-06
1610612750,Minnesota Timberwolves,82,33,49,0.402,48.4,101.7,29.5,0.713,6.8,5.7,15.5,14.5,10.2,39.6,1,24,24,24,13,9,18,24,19,5,12,27,3,17,10,Minnesota Timberwolves,2005-06
1610612751,New Jersey Nets,82,49,33,0.598,48.2,99.8,31.0,0.763,6.8,3.4,14.7,10.7,11.3,34.4,1,7,7,7,27,3,8,2,20,27,6,1,11,3,10,New Jersey Nets,2005-06
1610612740,New Orleans Hornets,82,38,44,0.463,48.3,104.4,29.0,0.734,7.5,3.8,14.3,12.4,12.0,36.3,1,18,18,18,24,20,21,10,7,24,5,7,15,7,10,New Orleans Hornets,2005-06
1610612752,New York Knicks,82,23,59,0.28,48.6,108.4,28.8,0.728,6.8,3.3,20.0,12.9,11.7,37.0,1,29,29,29,4,27,23,13,21,29,30,14,14,10,10,New York Knicks,2005-06
1610612753,Orlando Magic,82,36,46,0.439,48.5,104.7,29.3,0.725,6.5,4.4,17.1,13.1,12.3,36.8,1,20,20,20,5,22,19,16,25,17,24,18,19,9,10,Orlando Magic,2005-06
1610612755,Philadelphia 76ers,82,38,44,0.463,48.5,104.8,29.6,0.713,7.9,4.9,15.9,14.1,13.4,41.4,1,18,18,18,5,24,17,23,4,14,16,25,29,25,10,Philadelphia 76ers,2005-06
1610612756,Phoenix Suns,82,54,28,0.659,48.7,102.9,32.3,0.721,6.7,5.0,14.9,14.6,11.2,41.4,1,4,4,4,1,16,3,19,22,12,8,28,10,26,10,Phoenix Suns,2005-06
1610612757,Portland Trail Blazers,82,21,61,0.256,48.1,109.4,26.9,0.682,6.5,5.3,17.3,14.0,12.4,38.9,1,30,30,30,29,28,30,30,26,10,25,24,24,13,10,Portland Trail Blazers,2005-06
1610612758,Sacramento Kings,82,44,38,0.537,48.4,102.3,30.2,0.722,7.4,3.6,16.5,12.8,12.1,39.9,1,11,11,11,17,13,13,18,8,26,21,12,17,20,10,Sacramento Kings,2005-06
1610612759,San Antonio Spurs,82,63,19,0.768,48.3,96.9,31.1,0.742,6.6,5.7,13.1,11.8,11.0,39.1,1,2,2,2,24,1,7,8,23,6,1,3,8,15,10,San Antonio Spurs,2005-06
1610612760,Seattle SuperSonics,82,35,47,0.427,48.4,111.3,27.2,0.69,7.6,3.7,17.6,15.3,13.3,42.8,1,21,21,21,22,30,28,29,6,25,27,30,27,27,10,Seattle SuperSonics,2005-06
1610612761,Toronto Raptors,82,27,55,0.329,48.7,109.7,27.9,0.733,6.5,3.3,15.0,12.9,12.4,43.0,1,26,26,26,1,29,26,11,26,28,9,15,23,28,10,Toronto Raptors,2005-06
1610612762,Utah Jazz,82,41,41,0.5,48.5,104.5,29.0,0.732,6.4,6.0,17.6,12.5,12.6,34.6,1,14,14,14,9,21,20,12,28,2,26,9,26,4,10,Utah Jazz,2005-06
1610612764,Washington Wizards,82,42,40,0.512,48.4,104.7,28.6,0.709,8.0,4.1,15.9,13.1,12.5,40.4,1,13,13,13,23,23,25,26,3,22,15,16,25,22,10,Washington Wizards,2005-06
1610612737,Atlanta Hawks,82,30,52,0.366,48.5,105.5,28.2,0.709,7.4,5.4,18.1,13.7,13.3,43.0,1,27,27,27,12,23,28,26,9,5,22,20,25,24,10,Atlanta Hawks,2006-07
1610612738,Boston Celtics,82,24,58,0.293,48.4,104.5,29.2,0.738,7.2,4.7,18.2,12.0,12.4,41.7,1,29,29,29,14,18,21,12,14,16,23,5,16,20,10,Boston Celtics,2006-07
1610612766,Charlotte Bobcats,82,33,49,0.402,48.8,104.8,28.6,0.716,7.8,4.5,16.9,12.9,13.1,42.0,1,21,21,21,2,20,26,22,5,19,14,14,24,22,10,Charlotte Bobcats,2006-07
1610612741,Chicago Bulls,82,49,33,0.598,48.2,97.0,31.7,0.743,7.8,5.4,17.2,12.0,10.7,35.1,1,8,8,8,22,1,2,10,4,6,16,6,6,3,10,Chicago Bulls,2006-07
1610612739,Cleveland Cavaliers,82,50,32,0.61,48.5,98.9,30.8,0.758,7.6,4.3,14.7,12.3,10.7,38.1,1,7,7,7,8,4,6,2,8,20,2,8,5,9,10,Cleveland Cavaliers,2006-07
1610612742,Dallas Mavericks,82,67,15,0.817,48.2,100.6,30.7,0.75,6.8,5.0,15.2,11.4,12.7,36.9,1,1,1,1,27,5,10,5,24,12,5,2,20,6,10,Dallas Mavericks,2006-07
1610612743,Denver Nuggets,82,45,37,0.549,48.2,102.7,31.2,0.718,8.3,5.3,18.6,14.3,14.6,44.8,1,10,10,10,22,9,5,21,2,8,29,26,29,29,10,Denver Nuggets,2006-07
1610612765,Detroit Pistons,82,53,29,0.646,48.5,101.1,29.0,0.709,7.1,5.8,13.2,13.3,11.2,37.2,1,4,4,4,8,6,24,25,17,1,1,18,9,7,10,Detroit Pistons,2006-07
1610612744,Golden State Warriors,82,42,40,0.512,48.2,104.5,29.9,0.696,9.1,5.7,18.3,16.0,13.4,43.9,1,12,12,12,29,17,17,29,1,3,25,30,27,28,10,Golden State Warriors,2006-07
1610612745,Houston Rockets,82,52,30,0.634,48.4,97.5,32.6,0.77,7.1,4.1,14.8,11.6,9.6,33.0,1,5,5,5,14,3,1,1,17,23,3,3,2,1,10,Houston Rockets,2006-07
1610612754,Indiana Pacers,82,35,47,0.427,48.2,103.0,29.8,0.727,7.3,5.5,18.5,13.2,12.6,38.7,1,19,19,19,24,11,18,16,11,4,28,16,18,12,10,Indiana Pacers,2006-07
1610612746,Los Angeles Clippers,82,40,42,0.488,48.1,102.8,30.3,0.747,7.3,5.8,16.5,12.1,9.0,40.0,1,16,16,16,30,10,13,6,12,1,12,7,1,14,10,Los Angeles Clippers,2006-07
1610612747,Los Angeles Lakers,82,42,40,0.512,48.9,106.1,30.4,0.723,7.3,5.1,18.2,14.1,12.2,43.7,1,12,12,12,1,24,12,18,10,9,24,22,15,27,10,Los Angeles Lakers,2006-07
1610612763,Memphis Grizzlies,82,22,60,0.268,48.7,109.7,29.0,0.711,6.9,5.0,19.8,14.2,14.6,45.4,1,30,30,30,5,30,23,23,23,13,30,23,29,30,10,Memphis Grizzlies,2006-07
1610612748,Miami Heat,82,44,38,0.537,48.4,102.0,30.8,0.733,6.9,5.4,16.4,13.3,12.8,36.1,1,11,11,11,14,8,7,14,21,7,11,19,21,5,10,Miami Heat,2006-07
1610612749,Milwaukee Bucks,82,28,54,0.341,48.4,109.1,27.7,0.681,7.2,2.7,17.5,14.2,12.9,43.5,1,28,28,28,14,29,30,30,15,30,18,24,22,25,10,Milwaukee Bucks,2006-07
1610612750,Minnesota Timberwolves,82,32,50,0.39,48.8,105.3,30.2,0.721,6.5,4.0,17.5,13.9,11.8,40.4,1,24,24,24,3,22,15,19,28,24,17,21,11,16,10,Minnesota Timberwolves,2006-07
1610612751,New Jersey Nets,82,41,41,0.5,48.5,103.5,30.8,0.744,6.1,3.3,16.6,12.5,11.1,35.6,1,14,14,14,8,14,8,9,30,27,13,10,8,4,10,New Jersey Nets,2006-07
1610612740,New Orleans Hornets,82,39,43,0.476,48.5,104.0,30.6,0.747,6.4,4.2,16.2,13.0,11.9,37.8,1,18,18,18,13,16,11,7,29,21,9,15,12,8,10,New Orleans Hornets,2006-07
1610612752,New York Knicks,82,33,49,0.402,48.8,106.3,30.7,0.74,6.6,3.2,18.5,13.2,10.1,38.1,1,21,21,21,4,25,9,11,27,29,27,17,3,10,10,New York Knicks,2006-07
1610612753,Orlando Magic,82,40,42,0.488,48.2,101.7,29.5,0.737,6.9,5.1,18.0,11.6,13.0,34.0,1,16,16,16,25,7,19,13,22,11,21,4,23,2,10,Orlando Magic,2006-07
1610612755,Philadelphia 76ers,82,35,47,0.427,48.5,103.9,28.7,0.708,7.2,4.8,17.2,14.3,11.9,41.2,1,19,19,19,8,15,25,28,13,15,15,25,13,17,10,Philadelphia 76ers,2006-07
1610612756,Phoenix Suns,82,61,21,0.744,48.5,103.4,31.5,0.719,6.7,4.8,16.2,15.3,10.5,42.3,1,2,2,2,7,13,3,20,26,14,10,29,4,23,10,Phoenix Suns,2006-07
1610612757,Portland Trail Blazers,82,32,50,0.39,48.7,107.3,28.0,0.73,6.8,4.6,18.3,12.6,13.9,41.2,1,24,24,24,6,26,29,15,25,17,26,11,28,18,10,Portland Trail Blazers,2006-07
1610612758,Sacramento Kings,82,33,49,0.402,48.3,105.2,29.2,0.725,8.2,3.2,15.5,12.8,12.5,41.9,1,21,21,21,20,21,20,17,3,28,7,13,17,21,10,Sacramento Kings,2006-07
1610612759,San Antonio Spurs,82,58,24,0.707,48.2,97.4,31.4,0.757,7.2,5.1,15.3,12.4,10.8,38.9,1,3,3,3,26,2,4,3,15,10,6,9,7,13,10,San Antonio Spurs,2006-07
1610612760,Seattle SuperSonics,82,31,51,0.378,48.4,107.5,28.3,0.709,7.7,3.7,17.7,14.7,12.6,43.6,1,26,26,26,18,27,27,27,7,26,20,28,18,26,10,Seattle SuperSonics,2006-07
1610612761,Toronto Raptors,82,47,35,0.573,48.2,103.2,30.2,0.745,7.1,3.9,15.1,12.6,11.7,40.0,1,9,9,9,27,12,14,8,19,25,4,11,10,15,10,Toronto Raptors,2006-07
1610612762,Utah Jazz,82,51,31,0.622,48.3,104.7,30.0,0.751,7.0,4.1,17.5,11.1,12.2,38.2,1,6,6,6,20,19,16,4,20,22,19,1,14,11,10,Utah Jazz,2006-07
1610612764,Washington Wizards,82,41,41,0.5,48.4,108.0,29.0,0.71,7.7,4.6,16.1,14.4,13.3,41.6,1,14,14,14,19,28,22,24,6,18,8,27,26,19,10,Washington Wizards,2006-07
1610612737,Atlanta Hawks,82,37,45,0.451,48.4,105.9,29.9,0.717,7.3,5.5,17.2,14.2,13.3,43.5,1,19,19,19,5,18,21,26,14,4,24,25,21,24,10,Atlanta Hawks,2007-08
1610612738,Boston Celtics,82,66,16,0.805,48.2,96.2,31.9,0.744,8.5,4.6,16.2,12.5,9.1,34.1,1,1,1,1,22,1,9,8,5,18,17,6,1,1,10,Boston Celtics,2007-08
1610612766,Charlotte Bobcats,82,32,50,0.39,48.5,106.8,29.8,0.71,7.5,4.9,16.8,15.0,13.5,43.9,1,23,23,23,3,23,22,28,13,10,20,28,23,26,10,Charlotte Bobcats,2007-08
1610612741,Chicago Bulls,82,33,49,0.402,48.3,104.2,30.2,0.731,7.7,5.2,16.4,12.7,12.9,35.6,1,22,22,22,16,13,18,18,9,6,18,7,18,3,10,Chicago Bulls,2007-08
1610612739,Cleveland Cavaliers,82,45,37,0.549,48.4,103.7,31.3,0.759,7.1,5.2,15.8,11.3,12.4,37.5,1,13,13,13,7,11,12,2,18,7,12,2,11,9,10,Cleveland Cavaliers,2007-08
1610612742,Dallas Mavericks,82,51,31,0.622,48.1,103.1,32.2,0.75,6.0,4.9,13.9,12.9,12.8,39.2,1,10,10,10,25,8,7,5,29,10,4,11,16,15,10,Dallas Mavericks,2007-08
1610612743,Denver Nuggets,82,50,32,0.61,48.4,103.2,32.9,0.721,9.2,6.7,17.0,14.6,14.2,43.0,1,11,11,11,8,9,2,22,1,1,21,27,26,23,10,Denver Nuggets,2007-08
1610612765,Detroit Pistons,82,59,23,0.72,48.1,100.0,29.5,0.737,7.1,5.8,11.8,11.5,9.6,35.3,1,2,2,2,25,4,25,12,17,3,1,4,2,2,10,Detroit Pistons,2007-08
1610612744,Golden State Warriors,82,48,34,0.585,48.2,106.6,30.4,0.703,9.1,4.6,15.6,15.7,14.3,45.0,1,12,12,12,18,20,14,30,2,19,10,30,28,29,10,Golden State Warriors,2007-08
1610612745,Houston Rockets,82,55,27,0.671,48.1,98.8,32.4,0.748,7.3,5.1,14.4,12.7,12.9,35.8,1,6,6,6,29,2,6,7,15,8,6,7,17,5,10,Houston Rockets,2007-08
1610612754,Indiana Pacers,82,36,46,0.439,48.2,104.6,32.1,0.739,7.6,5.0,17.2,13.2,12.0,37.0,1,20,20,20,24,15,8,10,11,9,23,17,9,6,10,Indiana Pacers,2007-08
1610612746,Los Angeles Clippers,82,23,59,0.28,48.3,106.4,30.4,0.731,6.8,4.9,15.7,13.2,10.4,43.5,1,25,25,25,14,19,17,17,20,14,11,17,4,25,10,Los Angeles Clippers,2007-08
1610612747,Los Angeles Lakers,82,57,25,0.695,48.2,102.8,33.2,0.734,8.0,5.3,15.8,14.3,11.9,41.2,1,3,3,3,18,6,1,15,6,5,12,26,8,20,10,Los Angeles Lakers,2007-08
1610612763,Memphis Grizzlies,82,22,60,0.268,48.3,109.2,31.3,0.734,6.1,4.7,18.0,13.0,16.2,45.8,1,27,27,27,14,28,11,16,28,17,28,14,30,30,10,Memphis Grizzlies,2007-08
1610612748,Miami Heat,82,15,67,0.183,48.4,107.1,28.6,0.719,7.2,4.3,17.0,13.9,13.5,38.8,1,30,30,30,9,25,30,24,16,22,21,23,22,13,10,Miami Heat,2007-08
1610612749,Milwaukee Bucks,82,26,56,0.317,48.4,109.8,28.8,0.73,6.6,4.4,17.2,13.0,14.2,41.6,1,24,24,24,5,30,29,19,21,20,25,12,27,22,10,Milwaukee Bucks,2007-08
1610612750,Minnesota Timberwolves,82,22,60,0.268,48.1,108.9,29.6,0.736,7.5,3.7,17.8,13.0,14.5,38.9,1,27,27,27,25,27,24,14,12,29,27,13,29,14,10,Minnesota Timberwolves,2007-08
1610612751,New Jersey Nets,82,34,48,0.415,48.4,106.6,30.7,0.738,6.4,4.8,16.7,13.4,12.7,37.4,1,21,21,21,9,21,13,11,24,16,19,19,15,8,10,New Jersey Nets,2007-08
1610612740,New Orleans Hornets,82,56,26,0.683,48.3,102.9,30.4,0.754,7.8,3.9,12.5,11.3,11.3,38.2,1,4,4,4,17,7,16,3,8,28,2,3,6,12,10,New Orleans Hornets,2007-08
1610612752,New York Knicks,82,23,59,0.28,48.5,109.6,30.0,0.727,6.4,2.6,17.3,13.5,12.5,41.0,1,25,25,25,4,29,19,21,24,30,26,20,13,19,10,New York Knicks,2007-08
1610612753,Orlando Magic,82,52,30,0.634,48.2,102.7,32.6,0.748,6.3,4.1,16.1,12.7,12.5,37.4,1,9,9,9,18,5,5,6,27,27,14,9,12,7,10,Orlando Magic,2007-08
1610612755,Philadelphia 76ers,82,40,42,0.488,48.2,103.4,28.9,0.72,8.7,4.9,15.0,13.1,10.0,40.9,1,17,17,17,22,10,28,23,4,12,8,15,3,18,10,Philadelphia 76ers,2007-08
1610612756,Phoenix Suns,82,55,27,0.671,48.2,104.9,32.7,0.709,6.5,6.3,16.1,15.4,12.2,44.8,1,6,6,6,18,16,4,29,22,2,14,29,10,28,10,Phoenix Suns,2007-08
1610612757,Portland Trail Blazers,82,41,41,0.5,48.5,105.5,29.7,0.718,5.5,4.4,14.5,13.5,12.5,40.5,1,15,15,15,2,17,23,25,30,21,7,21,14,17,10,Portland Trail Blazers,2007-08
1610612758,Sacramento Kings,82,38,44,0.463,48.4,107.2,30.0,0.717,7.9,4.1,18.4,13.6,13.1,41.4,1,18,18,18,12,26,20,27,7,26,30,22,20,21,10,Sacramento Kings,2007-08
1610612759,San Antonio Spurs,82,56,26,0.683,48.1,99.5,31.9,0.771,6.4,4.1,14.0,10.5,11.5,35.6,1,4,4,4,25,3,10,1,24,24,5,1,7,4,10,San Antonio Spurs,2007-08
1610612760,Seattle SuperSonics,82,20,62,0.244,48.4,106.9,32.8,0.737,6.5,4.9,18.3,13.9,14.1,44.2,1,29,29,29,13,24,3,13,23,12,29,24,25,27,10,Seattle SuperSonics,2007-08
1610612761,Toronto Raptors,82,41,41,0.5,48.4,104.3,30.4,0.75,7.0,4.1,13.6,11.7,10.6,37.6,1,15,15,15,9,14,14,4,19,25,3,5,5,11,10,Toronto Raptors,2007-08
1610612762,Utah Jazz,82,54,28,0.659,48.1,104.0,29.4,0.741,8.7,4.3,16.2,12.8,13.6,39.7,1,8,8,8,30,12,26,9,3,22,16,10,24,16,10,Utah Jazz,2007-08
1610612764,Washington Wizards,82,43,39,0.524,48.5,106.8,29.3,0.728,7.7,4.8,15.0,13.1,12.9,37.6,1,14,14,14,1,22,27,20,10,15,9,16,18,10,10,Washington Wizards,2007-08
1610612737,Atlanta Hawks,82,47,35,0.573,48.1,104.6,29.4,0.716,7.4,4.6,14.0,13.3,12.5,40.8,1,12,12,12,29,11,21,24,14,20,4,19,17,21,10,Atlanta Hawks,2008-09
1610612738,Boston Celtics,82,62,20,0.756,48.5,99.4,31.5,0.756,7.6,4.7,17.5,11.0,10.6,36.1,1,3,3,3,10,2,7,3,7,17,26,2,3,3,10,Boston Celtics,2008-09
1610612766,Charlotte Bobcats,82,35,47,0.427,48.6,103.4,28.9,0.73,7.1,4.8,16.6,13.4,10.6,37.6,1,19,19,19,3,7,25,17,19,14,19,21,4,7,10,Charlotte Bobcats,2008-09
1610612741,Chicago Bulls,82,41,41,0.5,48.6,105.8,30.3,0.709,7.5,5.5,16.9,15.4,12.7,43.3,1,15,15,15,2,18,15,28,9,4,23,29,20,25,10,Chicago Bulls,2008-09
1610612739,Cleveland Cavaliers,82,66,16,0.805,48.2,99.4,31.4,0.746,7.2,5.3,14.7,12.0,12.6,37.1,1,1,1,1,23,3,8,9,15,7,6,6,19,6,10,Cleveland Cavaliers,2008-09
1610612742,Dallas Mavericks,82,50,32,0.61,48.3,105.3,31.6,0.746,7.2,5.2,14.8,13.0,13.3,38.9,1,9,9,9,19,17,5,8,17,9,8,14,25,13,10,Dallas Mavericks,2008-09
1610612743,Denver Nuggets,82,54,28,0.659,48.1,103.5,30.6,0.717,8.7,6.0,16.8,14.3,11.6,39.0,1,5,5,5,27,8,12,23,3,2,21,26,11,14,10,Denver Nuggets,2008-09
1610612765,Detroit Pistons,82,39,43,0.476,48.5,105.2,29.9,0.74,6.0,4.6,13.1,11.7,10.4,37.6,1,17,17,17,4,16,17,12,29,19,1,4,2,7,10,Detroit Pistons,2008-09
1610612744,Golden State Warriors,82,29,53,0.354,48.5,110.1,30.4,0.681,7.8,6.4,18.0,17.1,16.8,48.6,1,24,24,24,8,28,14,30,6,1,27,30,30,30,10,Golden State Warriors,2008-09
1610612745,Houston Rockets,82,53,29,0.646,48.3,101.4,32.5,0.753,6.7,4.3,15.7,11.7,11.7,38.0,1,8,8,8,14,4,2,4,26,24,13,4,12,10,10,Houston Rockets,2008-09
1610612754,Indiana Pacers,82,36,46,0.439,48.4,106.5,32.5,0.745,7.0,5.3,17.0,12.6,12.5,37.8,1,18,18,18,11,19,3,10,20,8,24,10,18,9,10,Indiana Pacers,2008-09
1610612746,Los Angeles Clippers,82,19,63,0.232,48.5,108.8,29.0,0.712,7.0,5.9,16.8,14.6,11.9,44.5,1,28,28,28,9,26,23,27,21,3,21,27,14,26,10,Los Angeles Clippers,2008-09
1610612747,Los Angeles Lakers,82,65,17,0.793,48.2,101.9,31.5,0.73,8.8,5.1,15.1,13.3,11.5,41.7,1,2,2,2,22,5,6,18,2,10,10,18,10,22,10,Los Angeles Lakers,2008-09
1610612763,Memphis Grizzlies,82,24,58,0.293,48.3,106.8,28.5,0.735,7.5,4.7,16.1,12.7,12.3,41.7,1,25,25,25,14,20,28,15,9,18,14,11,16,23,10,Memphis Grizzlies,2008-09
1610612748,Miami Heat,82,43,39,0.524,48.7,104.7,29.4,0.729,7.9,5.5,14.7,13.0,11.4,39.1,1,14,14,14,1,13,22,19,5,5,7,13,8,15,10,Miami Heat,2008-09
1610612749,Milwaukee Bucks,82,34,48,0.415,48.2,104.9,28.9,0.74,7.4,3.8,16.6,12.9,11.9,36.2,1,20,20,20,21,15,24,11,12,29,17,12,13,4,10,Milwaukee Bucks,2008-09
1610612750,Minnesota Timberwolves,82,24,58,0.293,48.3,109.1,29.8,0.75,6.2,3.9,16.5,12.1,13.0,39.8,1,25,25,25,19,27,18,5,28,28,16,8,22,16,10,Minnesota Timberwolves,2008-09
1610612751,New Jersey Nets,82,34,48,0.415,48.4,108.2,29.5,0.735,6.8,4.8,15.6,13.1,13.2,38.4,1,20,20,20,11,23,20,16,24,15,12,16,23,11,10,New Jersey Nets,2008-09
1610612740,New Orleans Hornets,82,49,33,0.598,48.2,104.1,29.9,0.749,7.2,4.1,13.9,11.7,11.2,35.8,1,10,10,10,26,9,16,7,15,26,3,3,7,2,10,New Orleans Hornets,2008-09
1610612752,New York Knicks,82,32,50,0.39,48.3,108.4,31.0,0.727,7.4,2.5,16.7,13.7,12.9,45.7,1,23,23,23,14,24,9,21,11,30,20,24,21,29,10,New York Knicks,2008-09
1610612760,Oklahoma City Thunder,82,23,59,0.28,48.3,106.9,30.5,0.739,7.4,4.5,19.0,13.0,14.0,44.7,1,27,27,27,14,21,13,13,13,22,30,14,28,27,10,Oklahoma City Thunder,2008-09
1610612753,Orlando Magic,82,59,23,0.72,48.1,98.9,33.3,0.759,7.0,5.4,15.0,12.5,11.2,35.7,1,4,4,4,28,1,1,2,22,6,9,9,6,1,10,Orlando Magic,2008-09
1610612755,Philadelphia 76ers,82,41,41,0.5,48.2,104.7,28.5,0.714,8.0,5.1,16.3,13.3,11.1,39.8,1,15,15,15,24,14,29,25,4,12,15,19,5,17,10,Philadelphia 76ers,2008-09
1610612756,Phoenix Suns,82,46,36,0.561,48.2,108.5,30.7,0.717,7.2,5.1,18.6,15.4,13.2,39.8,1,13,13,13,24,25,10,22,18,10,28,28,24,17,10,Phoenix Suns,2008-09
1610612757,Portland Trail Blazers,82,54,28,0.659,48.4,104.5,28.8,0.75,6.7,4.9,14.1,12.1,10.3,38.4,1,5,5,5,11,10,27,6,25,13,5,7,1,12,10,Portland Trail Blazers,2008-09
1610612758,Sacramento Kings,82,17,65,0.207,48.5,111.9,28.9,0.699,6.9,4.3,18.7,13.9,14.3,45.6,1,30,30,30,6,30,25,29,23,25,29,25,29,28,10,Sacramento Kings,2008-09
1610612759,San Antonio Spurs,82,54,28,0.659,48.5,102.0,32.2,0.78,5.8,4.0,13.2,10.8,12.1,37.0,1,5,5,5,4,6,4,1,30,27,2,1,15,5,10,San Antonio Spurs,2008-09
1610612761,Toronto Raptors,82,33,49,0.402,48.3,107.1,30.6,0.737,6.4,4.8,15.6,13.4,11.5,40.6,1,22,22,22,14,22,11,14,27,16,11,22,9,20,10,Toronto Raptors,2008-09
1610612762,Utah Jazz,82,48,34,0.585,48.5,104.7,29.5,0.727,8.8,4.6,16.6,13.6,13.3,43.3,1,11,11,11,7,12,19,20,1,21,18,23,26,24,10,Utah Jazz,2008-09
1610612764,Washington Wizards,82,19,63,0.232,48.1,111.2,28.4,0.714,7.5,4.5,17.4,13.2,13.7,40.0,1,28,28,28,30,29,30,26,8,23,25,17,27,19,10,Washington Wizards,2008-09
1610612737,Atlanta Hawks,82,53,29,0.646,48.4,104.0,29.9,0.727,7.2,5.0,13.6,14.0,15.9,42.9,1,6,6,6,11,14,23,24,15,14,1,26,25,19,10,Atlanta Hawks,2009-10
1610612738,Boston Celtics,82,50,32,0.61,48.2,101.1,29.9,0.738,8.5,4.9,16.1,12.8,11.6,38.2,1,9,9,9,17,5,25,13,2,15,13,9,4,5,10,Boston Celtics,2009-10
1610612766,Charlotte Bobcats,82,44,38,0.537,48.5,100.2,30.4,0.742,7.7,5.4,16.9,12.7,12.8,39.6,1,15,15,15,5,1,19,10,8,7,22,8,8,8,10,Charlotte Bobcats,2009-10
1610612741,Chicago Bulls,82,41,41,0.5,48.5,102.6,33.1,0.748,6.5,5.8,15.5,12.9,13.3,39.7,1,17,17,17,4,10,2,8,24,2,7,12,11,9,10,Chicago Bulls,2009-10
1610612739,Cleveland Cavaliers,82,61,21,0.744,48.2,101.5,32.8,0.772,6.9,5.2,15.6,11.7,13.2,36.8,1,1,1,1,24,7,3,2,21,10,8,2,10,2,10,Cleveland Cavaliers,2009-10
1610612742,Dallas Mavericks,82,55,27,0.671,48.5,103.2,31.5,0.737,7.6,5.5,15.0,12.9,13.4,41.7,1,4,4,4,5,12,10,15,10,6,5,12,12,15,10,Dallas Mavericks,2009-10
1610612743,Denver Nuggets,82,53,29,0.646,48.2,104.7,30.5,0.724,8.3,5.1,16.5,14.0,13.9,42.6,1,6,6,6,17,16,16,26,3,13,19,25,17,18,10,Denver Nuggets,2009-10
1610612765,Detroit Pistons,82,27,55,0.329,48.2,108.9,27.3,0.734,7.3,3.8,16.2,13.0,14.1,38.6,1,24,24,24,17,26,30,19,14,27,14,14,18,6,10,Detroit Pistons,2009-10
1610612744,Golden State Warriors,82,26,56,0.317,48.1,109.4,29.2,0.685,9.3,4.1,17.9,16.0,18.2,48.4,1,26,26,26,27,29,27,30,1,25,27,29,30,30,10,Golden State Warriors,2009-10
1610612745,Houston Rockets,82,42,40,0.512,48.5,105.5,30.1,0.738,7.1,3.9,16.4,13.4,14.1,45.6,1,16,16,16,2,17,21,12,18,26,17,18,18,27,10,Houston Rockets,2009-10
1610612754,Indiana Pacers,82,32,50,0.39,48.1,104.2,31.9,0.73,7.1,5.4,17.4,14.0,13.5,39.3,1,21,21,21,29,15,6,22,17,8,26,24,13,7,10,Indiana Pacers,2009-10
1610612746,Los Angeles Clippers,82,29,53,0.354,48.1,107.1,30.5,0.74,6.5,5.7,18.8,13.5,13.6,43.5,1,22,22,22,29,20,17,11,23,3,28,19,14,20,10,Los Angeles Clippers,2009-10
1610612747,Los Angeles Lakers,82,57,25,0.695,48.4,101.1,32.5,0.744,7.5,4.9,15.2,12.9,12.8,40.7,1,3,3,3,12,6,4,9,11,16,6,10,8,11,10,Los Angeles Lakers,2009-10
1610612763,Memphis Grizzlies,82,40,42,0.488,48.5,107.6,30.4,0.733,7.9,4.9,18.8,13.2,18.0,47.7,1,18,18,18,2,24,18,20,7,18,29,15,29,29,10,Memphis Grizzlies,2009-10
1610612748,Miami Heat,82,47,35,0.573,48.5,100.9,31.1,0.749,7.4,5.6,13.8,12.6,11.4,37.0,1,13,13,13,5,4,13,6,12,4,2,6,3,3,10,Miami Heat,2009-10
1610612749,Milwaukee Bucks,82,46,36,0.561,48.7,100.9,31.2,0.764,7.1,4.7,14.8,11.1,12.8,37.5,1,14,14,14,1,3,11,3,19,20,4,1,7,4,10,Milwaukee Bucks,2009-10
1610612750,Minnesota Timberwolves,82,15,67,0.183,48.2,109.3,31.2,0.736,7.3,3.7,19.6,13.4,17.9,44.6,1,29,29,29,17,28,12,16,13,28,30,16,28,23,10,Minnesota Timberwolves,2009-10
1610612751,New Jersey Nets,82,12,70,0.146,48.2,108.0,28.8,0.718,7.0,4.8,16.6,13.9,16.5,44.9,1,30,30,30,17,25,29,28,20,19,20,23,26,24,10,New Jersey Nets,2009-10
1610612740,New Orleans Hornets,82,37,45,0.451,48.4,107.3,29.9,0.738,7.6,3.7,15.9,13.4,14.4,45.2,1,20,20,20,12,22,24,14,9,30,12,16,20,26,10,New Orleans Hornets,2009-10
1610612752,New York Knicks,82,29,53,0.354,48.5,109.1,30.2,0.721,7.1,3.7,15.9,14.1,12.7,47.2,1,22,22,22,5,27,20,27,16,29,11,27,6,28,10,New York Knicks,2009-10
1610612760,Oklahoma City Thunder,82,50,32,0.61,48.3,101.6,31.8,0.736,8.0,5.9,16.3,14.3,12.5,44.0,1,9,9,9,15,8,8,17,6,1,15,28,5,22,10,Oklahoma City Thunder,2009-10
1610612753,Orlando Magic,82,59,23,0.72,48.1,100.2,33.4,0.774,6.2,5.6,16.3,11.7,11.2,36.6,1,2,2,2,28,2,1,1,27,5,16,3,1,1,10,Orlando Magic,2009-10
1610612755,Philadelphia 76ers,82,27,55,0.329,48.3,107.6,29.5,0.732,8.1,5.4,16.4,12.7,13.7,42.5,1,24,24,24,16,23,26,21,5,8,18,7,15,17,10,Philadelphia 76ers,2009-10
1610612756,Phoenix Suns,82,54,28,0.659,48.1,106.9,31.9,0.708,5.8,5.1,17.2,16.1,15.3,43.8,1,5,5,5,26,19,7,29,29,12,25,30,24,21,10,Phoenix Suns,2009-10
1610612757,Portland Trail Blazers,82,50,32,0.61,48.4,104.0,29.1,0.748,6.4,4.3,14.1,12.9,11.2,40.9,1,9,9,9,10,13,28,7,25,24,3,11,2,12,10,Portland Trail Blazers,2009-10
1610612758,Sacramento Kings,82,25,57,0.305,48.5,107.2,30.7,0.735,6.9,4.5,16.8,13.8,15.0,45.0,1,28,28,28,5,21,14,18,21,23,21,22,22,25,10,Sacramento Kings,2009-10
1610612759,San Antonio Spurs,82,50,32,0.61,48.2,102.0,32.0,0.763,6.3,4.6,15.7,12.6,14.7,41.0,1,9,9,9,17,9,5,4,26,22,10,5,21,13,10,San Antonio Spurs,2009-10
1610612761,Toronto Raptors,82,40,42,0.488,48.2,110.2,30.6,0.729,5.7,4.7,15.6,13.5,17.2,42.4,1,18,18,18,17,30,15,23,30,21,9,21,27,16,10,Toronto Raptors,2009-10
1610612762,Utah Jazz,82,53,29,0.646,48.2,102.9,31.6,0.756,8.2,4.9,17.1,12.2,15.0,40.0,1,6,6,6,25,11,9,5,4,16,23,4,23,10,10,Utah Jazz,2009-10
1610612764,Washington Wizards,82,26,56,0.317,48.4,106.7,30.0,0.724,6.0,5.1,17.1,13.5,13.8,41.6,1,26,26,26,12,18,22,25,28,11,24,20,16,14,10,Washington Wizards,2009-10
1610612737,Atlanta Hawks,82,44,38,0.537,48.1,104.6,30.0,0.746,6.1,4.2,15.2,12.8,14.1,40.5,1,13,13,13,28,15,20,11,29,28,8,9,19,13,10,Atlanta Hawks,2010-11
1610612738,Boston Celtics,82,56,26,0.683,48.2,97.8,31.0,0.747,8.2,4.2,15.1,12.5,11.2,37.0,1,6,6,6,20,2,13,9,3,27,6,6,2,3,10,Boston Celtics,2010-11
1610612766,Charlotte Bobcats,82,34,48,0.415,48.3,104.8,29.8,0.752,6.4,5.3,16.5,12.8,14.3,39.8,1,22,22,22,18,17,22,6,28,8,21,11,22,8,10,Charlotte Bobcats,2010-11
1610612741,Chicago Bulls,82,62,20,0.756,48.4,97.4,32.4,0.762,7.2,5.7,15.4,11.9,13.0,36.2,1,1,1,1,12,1,4,3,17,5,12,3,9,2,10,Chicago Bulls,2010-11
1610612739,Cleveland Cavaliers,82,19,63,0.232,48.2,109.1,29.9,0.733,6.6,4.2,15.8,13.2,14.2,42.2,1,29,29,29,27,29,21,18,26,28,16,16,20,21,10,Cleveland Cavaliers,2010-11
1610612742,Dallas Mavericks,82,57,25,0.695,48.1,102.3,31.9,0.748,6.8,4.3,15.4,12.6,13.9,42.0,1,4,4,4,29,7,6,7,23,24,11,7,16,20,10,Dallas Mavericks,2010-11
1610612743,Denver Nuggets,82,50,32,0.61,48.1,104.8,32.3,0.754,7.4,4.3,15.6,13.2,12.2,41.2,1,9,9,9,29,16,5,5,13,24,15,18,6,17,10,Denver Nuggets,2010-11
1610612765,Detroit Pistons,82,30,52,0.366,48.5,109.0,27.3,0.721,7.3,4.0,16.3,13.9,15.7,44.0,1,24,24,24,6,28,29,23,16,30,19,23,25,23,10,Detroit Pistons,2010-11
1610612744,Golden State Warriors,82,36,46,0.439,48.4,107.6,28.9,0.693,9.0,5.0,17.6,14.4,19.3,45.5,1,20,20,20,12,26,26,30,2,12,25,29,30,26,10,Golden State Warriors,2010-11
1610612745,Houston Rockets,82,43,39,0.524,48.5,106.2,31.1,0.727,7.1,4.5,15.2,14.3,14.7,45.9,1,14,14,14,6,18,12,20,21,19,7,27,23,27,10,Houston Rockets,2010-11
1610612754,Indiana Pacers,82,37,45,0.451,48.2,103.4,32.4,0.741,7.1,5.6,17.1,12.9,13.3,39.0,1,19,19,19,20,12,3,15,20,6,24,13,12,7,10,Indiana Pacers,2010-11
1610612746,Los Angeles Clippers,82,32,50,0.39,48.4,106.3,30.5,0.732,7.1,4.9,19.1,13.2,14.2,41.0,1,23,23,23,10,19,15,19,19,13,29,17,20,14,10,Los Angeles Clippers,2010-11
1610612747,Los Angeles Lakers,82,57,25,0.695,48.4,101.3,31.9,0.723,7.3,5.1,14.7,13.8,13.7,39.9,1,4,4,4,12,6,7,22,14,10,2,21,15,9,10,Los Angeles Lakers,2010-11
1610612763,Memphis Grizzlies,82,46,36,0.561,48.5,102.5,29.2,0.725,9.4,5.4,15.3,12.7,15.0,40.3,1,11,11,11,6,8,24,21,1,7,9,8,24,12,10,Memphis Grizzlies,2010-11
1610612748,Miami Heat,82,58,24,0.707,48.2,100.7,32.5,0.755,6.6,5.2,15.5,12.8,13.0,38.6,1,3,3,3,20,5,2,4,26,9,14,9,10,6,10,Miami Heat,2010-11
1610612749,Milwaukee Bucks,82,35,47,0.427,48.4,99.9,30.2,0.748,7.5,4.9,14.8,11.9,12.1,37.5,1,21,21,21,12,4,16,8,11,14,4,4,5,4,10,Milwaukee Bucks,2010-11
1610612750,Minnesota Timberwolves,82,17,65,0.207,48.2,108.3,31.2,0.737,7.2,5.1,20.0,14.2,17.1,41.8,1,30,30,30,20,27,11,16,17,10,30,26,28,19,10,Minnesota Timberwolves,2010-11
1610612751,New Jersey Nets,82,24,58,0.293,48.8,107.0,29.8,0.742,5.6,4.7,15.9,13.0,13.3,41.5,1,25,25,25,1,22,23,14,30,16,17,15,13,18,10,New Jersey Nets,2010-11
1610612740,New Orleans Hornets,82,46,36,0.561,48.4,102.5,30.1,0.762,7.6,4.4,14.6,10.5,11.7,38.1,1,11,11,11,12,9,19,2,9,20,1,1,4,5,10,New Orleans Hornets,2010-11
1610612752,New York Knicks,82,42,40,0.512,48.2,106.9,30.1,0.719,7.6,5.8,16.1,14.5,12.7,46.0,1,15,15,15,20,21,18,26,8,4,18,30,8,28,10,New York Knicks,2010-11
1610612760,Oklahoma City Thunder,82,55,27,0.671,48.8,104.0,31.8,0.736,8.0,5.9,15.4,14.4,12.3,44.9,1,7,7,7,1,13,8,17,6,2,13,28,7,25,10,Oklahoma City Thunder,2010-11
1610612753,Orlando Magic,82,52,30,0.634,48.4,99.1,32.7,0.769,6.7,4.7,16.5,11.5,10.7,35.4,1,8,8,8,12,3,1,1,24,16,20,2,1,1,10,Orlando Magic,2010-11
1610612755,Philadelphia 76ers,82,41,41,0.5,48.6,102.5,31.4,0.745,7.6,4.3,14.7,12.2,13.3,41.0,1,16,16,16,4,10,10,12,10,23,3,5,14,15,10,Philadelphia 76ers,2010-11
1610612756,Phoenix Suns,82,40,42,0.488,48.8,107.4,30.2,0.716,6.6,4.4,16.8,14.1,14.0,43.8,1,17,17,17,1,25,17,28,25,22,23,25,17,22,10,Phoenix Suns,2010-11
1610612757,Portland Trail Blazers,82,48,34,0.585,48.3,104.2,27.2,0.72,8.0,4.4,15.0,13.3,11.4,40.2,1,10,10,10,18,14,30,24,5,21,5,20,3,10,10,Portland Trail Blazers,2010-11
1610612758,Sacramento Kings,82,24,58,0.293,48.4,106.3,30.8,0.744,7.4,4.8,18.9,12.8,17.8,46.0,1,25,25,25,10,20,14,13,12,15,28,12,29,28,10,Sacramento Kings,2010-11
1610612759,San Antonio Spurs,82,61,21,0.744,48.2,102.8,31.7,0.746,7.3,4.5,15.3,13.2,14.0,41.2,1,2,2,2,20,11,9,10,14,18,10,19,18,16,10,San Antonio Spurs,2010-11
1610612761,Toronto Raptors,82,22,60,0.268,48.2,110.0,28.6,0.72,7.1,4.3,17.7,13.9,16.7,47.4,1,28,28,28,20,30,27,25,21,26,26,22,27,30,10,Toronto Raptors,2010-11
1610612762,Utah Jazz,82,39,43,0.476,48.5,107.3,28.5,0.717,7.7,5.9,16.6,12.9,13.1,40.3,1,18,18,18,6,24,28,27,7,3,22,14,11,11,10,Utah Jazz,2010-11
1610612764,Washington Wizards,82,23,59,0.28,48.6,107.2,29.0,0.705,8.1,6.1,18.1,14.0,16.6,44.1,1,27,27,27,4,23,25,29,4,1,27,24,26,24,10,Washington Wizards,2010-11
1610612737,Atlanta Hawks,66,40,26,0.606,49.0,98.6,31.3,0.744,8.1,4.6,16.0,12.6,12.0,40.5,1,8,8,8,1,6,11,7,10,23,11,11,6,15,10,Atlanta Hawks,2011-12
1610612738,Boston Celtics,66,39,27,0.591,48.3,95.5,31.1,0.724,7.5,5.5,16.2,13.6,11.5,39.8,1,10,10,10,16,2,15,20,16,6,13,20,3,11,10,Boston Celtics,2011-12
1610612766,Charlotte Bobcats,66,7,59,0.106,48.2,107.8,28.7,0.709,6.0,5.5,17.2,15.4,16.0,48.3,1,30,30,30,26,30,28,27,29,8,22,30,29,30,10,Charlotte Bobcats,2011-12
1610612741,Chicago Bulls,66,50,16,0.758,48.3,95.3,32.8,0.743,6.9,5.9,15.4,11.9,12.1,38.2,1,1,1,1,16,1,2,8,24,3,7,4,7,6,10,Chicago Bulls,2011-12
1610612739,Cleveland Cavaliers,66,21,45,0.318,48.4,106.0,29.5,0.722,7.1,4.0,16.9,14.5,11.7,43.6,1,27,27,27,10,26,22,22,22,29,21,26,4,25,10,Cleveland Cavaliers,2011-12
1610612742,Dallas Mavericks,66,36,30,0.545,48.7,99.7,32.7,0.748,8.6,5.1,15.8,12.3,14.4,38.9,1,13,13,13,3,8,3,5,4,14,9,7,24,9,10,Dallas Mavericks,2011-12
1610612743,Denver Nuggets,66,38,28,0.576,48.6,103.4,31.9,0.743,8.2,5.0,17.3,12.6,12.2,39.5,1,11,11,11,6,19,7,9,9,16,23,10,9,10,10,Denver Nuggets,2011-12
1610612765,Detroit Pistons,66,25,41,0.379,48.4,104.0,28.5,0.728,7.0,4.2,18.4,12.2,14.0,40.1,1,22,22,22,10,25,29,17,23,26,29,5,20,12,10,Detroit Pistons,2011-12
1610612744,Golden State Warriors,66,23,43,0.348,48.2,106.0,29.5,0.691,8.0,5.5,16.2,15.3,14.4,43.1,1,23,23,23,23,27,24,30,11,6,14,29,23,23,10,Golden State Warriors,2011-12
1610612745,Houston Rockets,66,34,32,0.515,48.7,102.1,30.5,0.734,7.5,4.8,16.7,13.3,13.7,44.5,1,17,17,17,3,15,17,13,18,20,19,17,18,28,10,Houston Rockets,2011-12
1610612754,Indiana Pacers,66,42,24,0.636,48.5,100.4,31.4,0.723,7.9,5.4,15.1,13.0,12.5,38.1,1,5,5,5,8,10,10,21,15,9,3,15,13,5,10,Indiana Pacers,2011-12
1610612746,Los Angeles Clippers,66,40,26,0.606,48.4,102.9,29.4,0.732,8.4,4.8,15.1,12.9,12.3,38.6,1,8,8,8,10,18,27,14,6,22,2,14,10,7,10,Los Angeles Clippers,2011-12
1610612747,Los Angeles Lakers,66,41,25,0.621,48.7,101.7,34.1,0.748,5.9,5.3,16.6,12.7,15.1,40.4,1,6,6,6,3,13,1,6,30,11,17,13,27,14,10,Los Angeles Lakers,2011-12
1610612763,Memphis Grizzlies,66,41,25,0.621,48.3,98.9,29.5,0.727,9.6,5.2,16.0,12.5,12.1,40.3,1,6,6,6,16,7,26,19,1,12,11,9,8,13,10,Memphis Grizzlies,2011-12
1610612748,Miami Heat,66,46,20,0.697,48.6,97.1,31.2,0.739,8.9,5.4,16.6,13.1,11.9,36.6,1,4,4,4,6,4,12,10,3,10,17,16,5,2,10,Miami Heat,2011-12
1610612749,Milwaukee Bucks,66,31,35,0.47,48.1,102.4,30.0,0.709,8.3,5.1,16.5,13.8,13.4,41.4,1,19,19,19,28,17,20,25,7,15,16,22,17,19,10,Milwaukee Bucks,2011-12
1610612750,Minnesota Timberwolves,66,26,40,0.394,48.3,103.6,31.7,0.73,6.6,4.4,18.4,14.0,15.8,44.1,1,21,21,21,16,21,8,16,26,24,30,23,28,26,10,Minnesota Timberwolves,2011-12
1610612751,New Jersey Nets,66,22,44,0.333,48.2,106.9,28.5,0.707,7.5,3.9,17.7,13.6,14.8,44.2,1,25,25,25,26,29,30,28,19,30,25,20,26,27,10,New Jersey Nets,2011-12
1610612740,New Orleans Hornets,66,21,45,0.318,48.3,102.3,30.2,0.731,7.4,4.8,17.7,13.3,12.9,40.9,1,27,27,27,16,16,19,15,21,21,24,17,16,18,10,New Orleans Hornets,2011-12
1610612752,New York Knicks,66,36,30,0.545,48.3,98.4,30.5,0.737,9.4,4.2,17.8,12.6,12.4,38.9,1,13,13,13,16,5,18,12,2,27,26,11,12,8,10,New York Knicks,2011-12
1610612760,Oklahoma City Thunder,66,47,19,0.712,48.5,100.0,32.7,0.721,7.5,8.2,16.7,14.7,12.3,42.4,1,3,3,3,8,9,3,23,16,1,20,28,11,22,10,Oklahoma City Thunder,2011-12
1610612753,Orlando Magic,66,37,29,0.561,48.4,101.7,31.2,0.755,6.8,4.2,16.2,11.8,10.9,37.4,1,12,12,12,10,14,12,2,25,28,15,3,2,3,10,Orlando Magic,2011-12
1610612755,Philadelphia 76ers,66,35,31,0.53,48.2,96.6,32.5,0.752,8.0,5.2,11.6,11.7,10.2,36.4,1,16,16,16,23,3,6,4,14,13,1,2,1,1,10,Philadelphia 76ers,2011-12
1610612756,Phoenix Suns,66,33,33,0.5,48.0,103.8,30.8,0.717,6.5,5.5,15.2,14.2,12.6,43.4,1,18,18,18,30,23,16,24,27,5,4,24,15,24,10,Phoenix Suns,2011-12
1610612757,Portland Trail Blazers,66,28,38,0.424,48.4,103.7,29.5,0.728,8.0,4.9,16.0,13.4,14.3,42.2,1,20,20,20,10,22,22,18,11,18,10,19,21,20,10,Portland Trail Blazers,2011-12
1610612758,Sacramento Kings,66,22,44,0.333,48.2,106.8,29.5,0.705,8.5,4.9,17.8,14.4,17.1,48.2,1,25,25,25,23,28,24,29,5,17,26,25,30,29,10,Sacramento Kings,2011-12
1610612759,San Antonio Spurs,66,50,16,0.758,48.3,100.6,32.6,0.76,7.4,4.4,15.2,11.1,14.0,40.5,1,1,1,1,16,11,5,1,20,24,4,1,19,15,10,San Antonio Spurs,2011-12
1610612761,Toronto Raptors,66,23,43,0.348,48.4,101.5,31.4,0.754,6.5,4.9,15.4,12.4,12.5,37.6,1,23,23,23,10,12,9,3,28,19,7,8,14,4,10,Toronto Raptors,2011-12
1610612762,Utah Jazz,66,36,30,0.545,49.0,103.6,31.1,0.738,8.3,5.8,15.3,12.2,14.4,42.3,1,13,13,13,1,20,14,11,8,4,6,6,22,21,10,Utah Jazz,2011-12
1610612764,Washington Wizards,66,20,46,0.303,48.1,103.8,29.9,0.709,8.0,6.3,18.2,14.5,14.5,40.7,1,29,29,29,28,24,21,26,13,2,28,27,25,17,10,Washington Wizards,2011-12
1610612737,Atlanta Hawks,82,44,38,0.537,48.4,101.8,31.6,0.736,8.1,4.5,16.7,13.2,12.0,41.0,1,14,14,14,8,10,11,13,14,23,14,16,4,13,10,Atlanta Hawks,2012-13
1610612738,Boston Celtics,81,41,40,0.506,49.0,100.4,31.3,0.733,8.2,4.5,16.9,14.3,12.1,42.7,29,16,16,16,1,6,12,20,11,22,19,27,7,20,10,Boston Celtics,2012-13
1610612751,Brooklyn Nets,82,49,33,0.598,48.4,103.6,30.0,0.737,7.3,4.8,16.9,12.4,13.9,43.4,1,8,9,9,11,18,21,12,19,18,20,4,21,24,10,Brooklyn Nets,2012-13
1610612766,Charlotte Bobcats,82,21,61,0.256,48.3,108.9,29.1,0.711,7.2,5.8,17.0,14.0,13.8,43.9,1,29,29,29,17,30,28,29,22,6,21,25,20,25,10,Charlotte Bobcats,2012-13
1610612741,Chicago Bulls,82,45,37,0.549,48.4,100.3,30.7,0.736,7.2,5.1,15.4,12.7,13.1,39.3,1,11,11,11,13,5,14,14,23,15,4,9,14,5,10,Chicago Bulls,2012-13
1610612739,Cleveland Cavaliers,82,24,58,0.293,48.1,106.9,28.8,0.726,7.9,4.1,16.2,13.7,13.1,42.5,1,28,28,28,30,27,30,25,17,29,9,22,14,18,10,Cleveland Cavaliers,2012-13
1610612742,Dallas Mavericks,82,41,41,0.5,48.7,104.0,32.6,0.731,7.9,5.5,17.1,13.6,14.0,41.1,1,16,17,17,2,20,6,22,16,8,22,21,22,14,10,Dallas Mavericks,2012-13
1610612743,Denver Nuggets,82,57,25,0.695,48.5,102.0,31.7,0.718,9.3,6.5,17.3,14.9,12.2,40.7,1,4,4,4,4,11,10,27,2,3,25,30,8,11,10,Denver Nuggets,2012-13
1610612765,Detroit Pistons,82,29,53,0.354,48.3,105.6,30.0,0.73,7.0,4.9,17.8,13.5,13.5,42.9,1,23,23,23,17,23,20,23,26,16,28,18,18,22,10,Detroit Pistons,2012-13
1610612744,Golden State Warriors,82,47,35,0.573,48.3,102.6,34.2,0.755,6.9,4.2,17.3,13.9,13.8,40.4,1,10,10,10,17,13,1,1,27,27,24,24,19,10,10,Golden State Warriors,2012-13
1610612745,Houston Rockets,82,45,37,0.549,48.2,103.5,32.3,0.752,8.3,4.4,18.4,12.6,14.2,41.9,1,11,11,11,22,16,7,2,9,24,29,7,25,15,10,Houston Rockets,2012-13
1610612754,Indiana Pacers,81,49,32,0.605,48.4,96.6,33.0,0.746,7.2,6.3,16.0,13.0,10.1,35.5,29,8,8,8,12,1,5,6,24,4,8,13,1,1,10,Indiana Pacers,2012-13
1610612746,Los Angeles Clippers,82,56,26,0.683,48.1,101.0,30.2,0.735,9.6,5.6,16.0,13.0,12.3,37.2,1,5,5,5,27,9,17,15,1,7,7,14,9,2,10,Los Angeles Clippers,2012-13
1610612747,Los Angeles Lakers,82,45,37,0.549,48.2,103.6,33.3,0.743,7.0,5.2,16.7,13.8,15.9,44.1,1,11,11,11,25,19,2,10,25,14,12,23,29,26,10,Los Angeles Lakers,2012-13
1610612763,Memphis Grizzlies,82,56,26,0.683,48.3,97.4,29.8,0.743,8.6,5.3,14.9,11.9,12.4,38.0,1,5,5,5,17,2,24,9,4,12,3,1,10,3,10,Memphis Grizzlies,2012-13
1610612748,Miami Heat,82,66,16,0.805,48.5,100.5,30.4,0.73,8.7,5.4,15.7,14.7,11.9,39.9,1,1,1,1,7,7,16,24,3,10,6,29,3,7,10,Miami Heat,2012-13
1610612749,Milwaukee Bucks,82,38,44,0.463,48.4,102.3,30.9,0.713,8.4,6.7,16.8,14.6,15.1,46.2,1,18,18,18,16,12,13,28,8,2,16,28,28,29,10,Milwaukee Bucks,2012-13
1610612750,Minnesota Timberwolves,82,31,51,0.378,48.1,102.9,30.2,0.74,8.5,4.7,16.5,12.7,14.0,42.3,1,22,22,22,27,14,19,11,5,19,11,10,23,16,10,Minnesota Timberwolves,2012-13
1610612740,New Orleans Hornets,82,27,55,0.329,48.2,107.6,29.6,0.744,6.3,5.4,17.3,12.8,13.2,43.2,1,26,26,26,22,28,26,8,30,11,26,12,16,23,10,New Orleans Hornets,2012-13
1610612752,New York Knicks,82,54,28,0.659,48.1,103.5,29.7,0.747,8.2,3.6,13.5,12.4,12.1,39.7,1,7,7,7,27,17,25,4,12,30,1,3,6,6,10,New York Knicks,2012-13
1610612760,Oklahoma City Thunder,82,60,22,0.732,48.4,99.2,33.2,0.734,8.3,7.6,16.7,13.6,12.5,40.7,1,2,2,2,13,4,3,17,9,1,13,20,12,12,10,Oklahoma City Thunder,2012-13
1610612753,Orlando Magic,82,20,62,0.244,48.2,106.7,31.9,0.746,6.4,4.4,16.8,12.7,12.6,42.8,1,30,30,30,22,25,9,5,29,25,15,11,13,21,10,Orlando Magic,2012-13
1610612755,Philadelphia 76ers,82,34,48,0.415,48.2,103.0,30.4,0.734,7.4,4.7,14.5,12.2,12.5,40.2,1,19,19,19,25,15,15,18,18,20,2,2,11,9,10,Philadelphia 76ers,2012-13
1610612756,Phoenix Suns,82,25,57,0.305,48.3,105.7,29.9,0.719,8.0,5.3,18.6,13.5,14.9,45.6,1,27,27,27,17,24,23,26,15,13,30,18,27,28,10,Phoenix Suns,2012-13
1610612757,Portland Trail Blazers,82,33,49,0.402,48.4,106.9,30.2,0.733,6.6,4.3,17.2,13.4,14.6,47.4,1,21,21,21,10,26,18,19,28,26,23,17,26,30,10,Portland Trail Blazers,2012-13
1610612758,Sacramento Kings,82,28,54,0.341,48.4,108.6,29.1,0.71,8.2,4.2,17.6,14.2,16.7,45.2,1,25,25,25,13,29,29,30,13,28,27,26,30,27,10,Sacramento Kings,2012-13
1610612759,San Antonio Spurs,82,58,24,0.707,48.5,99.2,33.2,0.749,8.5,5.4,16.4,12.5,14.2,40.0,1,3,3,3,5,3,4,3,6,9,10,6,24,8,10,San Antonio Spurs,2012-13
1610612761,Toronto Raptors,82,34,48,0.415,48.7,104.7,29.6,0.734,7.3,4.8,15.5,13.2,11.9,42.5,1,19,19,19,2,22,26,16,21,17,5,15,2,17,10,Toronto Raptors,2012-13
1610612762,Utah Jazz,82,43,39,0.524,48.5,104.3,30.0,0.732,8.4,6.3,16.9,12.5,13.4,42.6,1,15,15,15,5,21,22,21,7,5,18,5,17,19,10,Utah Jazz,2012-13
1610612764,Washington Wizards,82,29,53,0.354,48.4,100.6,32.3,0.746,7.3,4.6,16.8,12.6,12.0,38.1,1,23,23,23,8,8,7,7,20,21,17,8,5,4,10,Washington Wizards,2012-13
1610612737,Atlanta Hawks,82,38,44,0.463,48.4,104.1,31.3,0.744,8.3,4.0,17.3,13.2,12.4,42.5,1,18,18,18,15,14,18,17,9,26,22,18,9,16,10,Atlanta Hawks,2013-14
1610612738,Boston Celtics,82,25,57,0.305,48.1,105.2,30.5,0.742,7.1,4.2,16.5,13.8,13.3,44.8,1,26,26,26,29,20,24,19,23,23,12,22,18,24,10,Boston Celtics,2013-14
1610612751,Brooklyn Nets,82,44,38,0.537,48.5,104.9,29.4,0.723,8.6,3.8,16.6,12.8,13.0,41.1,1,14,14,14,7,19,28,28,4,28,13,11,14,11,10,Brooklyn Nets,2013-14
1610612766,Charlotte Bobcats,82,43,39,0.524,48.5,101.2,33.2,0.776,6.1,5.1,14.0,12.6,10.2,38.8,1,16,16,16,6,6,7,1,29,8,1,7,1,4,10,Charlotte Bobcats,2013-14
1610612741,Chicago Bulls,82,48,34,0.585,48.6,97.8,32.7,0.754,7.2,5.2,15.6,11.7,12.4,37.0,1,11,11,11,4,2,9,11,21,7,7,2,9,2,10,Chicago Bulls,2013-14
1610612739,Cleveland Cavaliers,82,33,49,0.402,48.6,104.8,32.1,0.758,7.1,3.7,16.6,12.6,12.1,38.9,1,22,22,22,4,17,14,6,24,29,13,8,7,5,10,Cleveland Cavaliers,2013-14
1610612742,Dallas Mavericks,82,49,33,0.598,48.4,105.9,30.7,0.727,8.6,4.3,16.2,13.5,15.6,43.6,1,10,10,10,15,22,23,25,5,21,10,21,27,18,10,Dallas Mavericks,2013-14
1610612743,Denver Nuggets,82,36,46,0.439,48.2,105.4,33.1,0.745,7.5,5.6,17.6,14.1,13.5,45.3,1,20,20,20,28,21,8,15,18,4,26,25,20,25,10,Denver Nuggets,2013-14
1610612765,Detroit Pistons,82,29,53,0.354,48.2,107.3,30.8,0.734,8.4,4.8,16.9,14.0,14.1,44.3,1,23,23,23,22,26,22,23,8,13,18,24,23,22,10,Detroit Pistons,2013-14
1610612744,Golden State Warriors,82,51,31,0.622,48.4,99.9,34.4,0.763,7.8,5.0,17.0,13.0,13.3,40.7,1,8,8,8,15,3,2,5,13,10,20,16,16,9,10,Golden State Warriors,2013-14
1610612745,Houston Rockets,82,54,28,0.659,48.4,103.1,34.1,0.741,7.6,5.6,18.0,14.6,13.8,44.0,1,5,5,5,15,12,3,20,17,3,28,29,22,20,10,Houston Rockets,2013-14
1610612754,Indiana Pacers,82,56,26,0.683,48.2,96.7,34.5,0.768,6.7,5.4,15.4,11.7,11.7,35.7,1,4,4,4,22,1,1,2,27,5,3,3,3,1,10,Indiana Pacers,2013-14
1610612746,Los Angeles Clippers,82,57,25,0.695,48.2,102.1,32.5,0.725,8.6,4.8,15.6,14.2,11.1,44.6,1,3,3,3,25,7,10,26,6,12,5,27,2,23,10,Los Angeles Clippers,2013-14
1610612747,Los Angeles Lakers,82,27,55,0.329,48.1,107.9,32.0,0.71,7.5,5.4,18.3,15.8,16.7,49.2,1,25,25,25,30,28,15,30,19,5,29,30,30,30,10,Los Angeles Lakers,2013-14
1610612763,Memphis Grizzlies,82,50,32,0.61,48.3,102.1,30.8,0.757,7.7,4.6,15.6,11.5,13.4,38.6,1,9,9,9,20,8,21,7,14,16,6,1,19,3,10,Memphis Grizzlies,2013-14
1610612748,Miami Heat,82,54,28,0.659,48.5,102.9,29.2,0.73,8.9,4.5,17.4,13.3,12.0,41.1,1,5,5,5,7,11,30,24,2,18,24,20,5,10,10,Miami Heat,2013-14
1610612749,Milwaukee Bucks,82,15,67,0.183,48.5,108.9,29.3,0.714,6.6,4.9,17.8,13.2,12.9,42.4,1,30,30,30,7,29,29,29,28,11,27,19,13,15,10,Milwaukee Bucks,2013-14
1610612750,Minnesota Timberwolves,82,40,42,0.488,48.4,104.1,32.2,0.744,8.8,3.6,15.9,12.9,16.3,46.1,1,17,17,17,10,15,13,16,3,30,8,13,28,29,10,Minnesota Timberwolves,2013-14
1610612740,New Orleans Pelicans,82,34,48,0.415,48.4,107.3,30.3,0.738,7.9,6.4,16.1,12.9,13.5,43.8,1,21,21,21,10,25,25,21,12,1,9,13,21,19,10,New Orleans Pelicans,2013-14
1610612752,New York Knicks,82,37,45,0.451,48.4,106.5,29.7,0.743,7.7,4.5,15.0,12.7,11.7,39.5,1,19,19,19,10,24,27,18,14,18,2,9,4,6,10,New York Knicks,2013-14
1610612760,Oklahoma City Thunder,82,59,23,0.72,48.3,101.0,33.9,0.756,8.3,6.1,17.3,12.3,12.8,39.7,1,2,2,2,20,5,6,9,10,2,23,5,12,7,10,Oklahoma City Thunder,2013-14
1610612753,Orlando Magic,82,23,59,0.28,48.7,104.8,32.4,0.755,7.7,4.3,16.7,13.0,13.2,39.9,1,28,28,28,2,18,12,10,16,22,15,15,15,8,10,Orlando Magic,2013-14
1610612755,Philadelphia 76ers,82,19,63,0.232,48.4,107.5,31.2,0.724,9.3,4.0,19.2,14.1,16.6,44.2,1,29,29,29,14,27,19,27,1,25,30,26,29,21,10,Philadelphia 76ers,2013-14
1610612756,Phoenix Suns,82,48,34,0.585,48.2,103.8,31.7,0.737,8.4,4.6,16.9,14.3,14.1,45.5,1,11,11,11,25,13,16,22,7,17,18,28,24,26,10,Phoenix Suns,2013-14
1610612757,Portland Trail Blazers,82,54,28,0.659,48.4,104.7,34.0,0.747,5.5,4.7,15.6,14.0,13.3,45.6,1,5,5,5,10,16,4,13,30,14,4,23,17,27,10,Portland Trail Blazers,2013-14
1610612758,Sacramento Kings,82,28,54,0.341,48.4,106.3,32.4,0.766,7.2,3.9,17.1,11.9,15.3,41.9,1,24,24,24,15,23,11,3,22,27,21,4,25,12,10,Sacramento Kings,2013-14
1610612759,San Antonio Spurs,82,62,20,0.756,48.2,100.1,34.0,0.764,7.4,5.1,16.3,12.7,12.8,42.2,1,1,1,1,25,4,4,4,20,9,11,10,11,14,10,San Antonio Spurs,2013-14
1610612761,Toronto Raptors,82,48,34,0.585,48.7,102.4,31.1,0.749,7.0,4.2,16.8,13.1,12.1,42.9,1,11,11,11,2,9,20,12,25,23,17,17,6,17,10,Toronto Raptors,2013-14
1610612762,Utah Jazz,82,25,57,0.305,48.2,109.1,30.2,0.745,7.0,4.5,17.4,12.3,15.6,45.8,1,26,26,26,22,30,26,14,26,20,25,6,26,28,10,Utah Jazz,2013-14
1610612764,Washington Wizards,82,44,38,0.537,48.9,102.4,31.4,0.757,8.1,4.6,16.8,12.9,12.3,41.9,1,14,14,14,1,10,17,8,11,15,16,12,8,13,10,Washington Wizards,2013-14
1610612737,Atlanta Hawks,82,60,22,0.732,48.1,100.7,31.8,0.734,9.1,4.6,15.7,14.2,11.2,39.4,1,2,2,2,26,7,22,22,5,15,13,26,4,6,10,Atlanta Hawks,2014-15
1610612738,Boston Celtics,82,40,42,0.488,48.5,102.1,32.7,0.75,8.2,3.6,16.2,13.5,10.9,44.6,1,16,16,16,8,14,11,14,8,30,16,17,2,26,10,Boston Celtics,2014-15
1610612751,Brooklyn Nets,82,38,44,0.463,48.6,105.0,32.0,0.737,7.0,4.1,15.6,14.0,13.8,43.6,1,18,18,18,3,24,17,20,23,25,12,24,21,22,10,Brooklyn Nets,2014-15
1610612766,Charlotte Hornets,82,33,49,0.402,48.5,101.0,34.1,0.793,6.1,5.5,12.8,12.6,11.0,38.5,1,22,22,22,6,9,6,1,30,7,1,9,3,3,10,Charlotte Hornets,2014-15
1610612741,Chicago Bulls,82,50,32,0.61,48.5,101.5,34.0,0.744,6.3,5.8,15.3,13.2,13.0,40.8,1,9,9,9,8,11,7,19,28,5,10,14,15,9,10,Chicago Bulls,2014-15
1610612739,Cleveland Cavaliers,82,53,29,0.646,48.2,104.1,31.9,0.747,7.4,4.1,16.2,12.4,11.8,42.7,1,7,7,7,23,20,21,16,19,25,17,5,8,17,10,Cleveland Cavaliers,2014-15
1610612742,Dallas Mavericks,82,50,32,0.61,48.5,103.7,31.8,0.722,8.1,4.5,15.2,14.0,15.9,40.9,1,9,9,9,8,18,23,29,10,20,8,23,29,10,10,Dallas Mavericks,2014-15
1610612743,Denver Nuggets,82,30,52,0.366,48.5,105.5,32.4,0.747,7.8,4.5,16.4,14.1,13.2,42.9,1,24,24,24,8,26,12,17,14,21,19,25,17,19,10,Denver Nuggets,2014-15
1610612765,Detroit Pistons,82,32,50,0.39,48.4,104.2,32.1,0.75,7.6,4.7,15.8,13.5,11.3,43.0,1,23,23,23,18,21,16,15,16,13,14,18,5,20,10,Detroit Pistons,2014-15
1610612744,Golden State Warriors,82,67,15,0.817,48.1,98.2,34.3,0.745,9.3,6.0,15.2,14.2,13.9,41.6,1,1,1,1,26,1,4,18,4,2,9,28,22,14,10,Golden State Warriors,2014-15
1610612745,Houston Rockets,82,56,26,0.683,48.3,100.5,32.0,0.729,9.5,5.0,18.3,14.0,15.3,44.1,1,3,3,3,20,6,18,28,3,10,28,22,28,25,10,Houston Rockets,2014-15
1610612754,Indiana Pacers,82,38,44,0.463,48.4,100.9,34.4,0.779,6.2,4.6,15.5,11.8,13.0,38.3,1,18,18,18,13,8,3,2,29,17,11,3,16,2,10,Indiana Pacers,2014-15
1610612746,Los Angeles Clippers,82,56,26,0.683,48.1,103.0,33.1,0.757,7.8,5.0,14.9,12.8,12.3,38.8,1,3,3,3,26,15,10,9,15,9,4,11,10,4,10,Los Angeles Clippers,2014-15
1610612747,Los Angeles Lakers,82,21,61,0.256,48.6,108.0,32.3,0.763,7.0,4.5,15.9,12.5,15.1,45.1,1,27,27,27,3,29,13,6,22,22,15,6,26,27,10,Los Angeles Lakers,2014-15
1610612763,Memphis Grizzlies,82,55,27,0.671,48.5,99.9,32.1,0.753,8.5,4.2,14.1,11.6,13.4,39.0,1,5,5,5,6,4,15,11,6,24,2,1,19,5,10,Memphis Grizzlies,2014-15
1610612748,Miami Heat,82,37,45,0.451,48.1,103.8,30.0,0.734,7.8,4.5,16.9,13.3,11.4,41.0,1,21,21,21,26,19,28,23,13,18,22,15,6,11,10,Miami Heat,2014-15
1610612749,Milwaukee Bucks,82,41,41,0.5,48.6,99.3,31.4,0.733,9.6,4.9,16.8,13.3,10.7,39.8,1,15,15,15,3,2,25,24,1,11,21,16,1,8,10,Milwaukee Bucks,2014-15
1610612750,Minnesota Timberwolves,82,16,66,0.195,48.3,109.6,29.3,0.716,8.1,4.0,17.4,14.9,14.3,48.0,1,30,30,30,20,30,30,30,9,27,26,30,24,30,10,Minnesota Timberwolves,2014-15
1610612740,New Orleans Pelicans,82,45,37,0.549,48.2,104.7,32.0,0.751,6.7,6.2,14.8,12.9,13.7,46.5,1,13,13,13,23,22,19,13,25,1,3,13,20,29,10,New Orleans Pelicans,2014-15
1610612752,New York Knicks,82,17,65,0.207,48.4,107.2,29.8,0.731,7.0,4.7,17.1,12.5,12.3,41.1,1,29,29,29,13,28,29,26,24,14,24,7,9,13,10,New York Knicks,2014-15
1610612760,Oklahoma City Thunder,82,45,37,0.549,48.4,103.1,34.7,0.756,7.3,5.5,16.5,12.8,12.5,42.8,1,13,13,13,18,16,2,10,21,6,20,12,13,18,10,Oklahoma City Thunder,2014-15
1610612753,Orlando Magic,82,25,57,0.305,48.2,105.2,31.8,0.76,7.9,3.8,16.9,11.7,12.3,41.0,1,26,26,26,25,25,24,8,12,29,23,2,11,12,10,Orlando Magic,2014-15
1610612755,Philadelphia 76ers,82,18,64,0.22,48.3,102.1,30.9,0.73,9.6,5.9,20.6,14.0,14.6,41.7,1,28,28,28,20,13,26,27,1,4,30,21,25,15,10,Philadelphia 76ers,2014-15
1610612756,Phoenix Suns,82,39,43,0.476,48.5,103.4,32.2,0.735,8.5,4.7,17.2,14.4,15.2,45.3,1,17,17,17,8,17,14,21,6,12,25,29,27,28,10,Phoenix Suns,2014-15
1610612757,Portland Trail Blazers,82,51,31,0.622,48.4,101.4,35.1,0.762,6.4,4.5,15.1,13.8,13.3,43.1,1,8,8,8,13,10,1,7,27,18,7,20,18,21,10,Portland Trail Blazers,2014-15
1610612758,Sacramento Kings,82,29,53,0.354,48.4,106.5,33.3,0.752,6.7,4.0,18.6,13.6,16.8,43.9,1,25,25,25,13,27,9,12,26,28,29,19,30,24,10,Sacramento Kings,2014-15
1610612759,San Antonio Spurs,82,55,27,0.671,48.7,99.6,33.8,0.773,8.0,5.4,15.1,11.9,14.1,42.5,1,5,5,5,1,3,8,4,11,8,6,4,23,16,10,San Antonio Spurs,2014-15
1610612761,Toronto Raptors,82,49,33,0.598,48.4,104.8,30.8,0.733,7.5,4.4,15.0,14.2,12.4,43.7,1,11,11,11,13,23,27,25,18,23,5,27,12,23,10,Toronto Raptors,2014-15
1610612762,Utah Jazz,82,38,44,0.463,48.1,102.1,31.9,0.763,7.6,6.0,17.4,12.5,12.6,39.5,1,18,18,18,30,12,20,5,16,3,27,8,14,7,10,Utah Jazz,2014-15
1610612764,Washington Wizards,82,46,36,0.561,48.7,100.0,34.2,0.773,7.3,4.6,16.3,12.6,11.7,38.3,1,12,12,12,1,5,5,3,20,16,18,10,7,1,10,Washington Wizards,2014-15
1610612737,Atlanta Hawks,82,48,34,0.585,48.4,98.8,33.8,0.746,9.1,5.9,16.0,13.1,11.9,40.9,1,7,7,7,11,2,13,25,3,5,14,18,9,8,10,Atlanta Hawks,2015-16
1610612738,Boston Celtics,82,48,34,0.585,48.2,100.9,33.3,0.746,9.2,4.2,14.8,14.2,10.8,43.0,1,7,7,7,23,5,15,26,2,22,6,26,3,14,10,Boston Celtics,2015-16
1610612751,Brooklyn Nets,82,21,61,0.256,48.2,108.5,31.9,0.757,7.6,4.0,18.3,12.1,14.5,47.9,1,28,28,28,26,29,25,19,19,25,26,11,24,30,10,Brooklyn Nets,2015-16
1610612766,Charlotte Hornets,82,48,34,0.585,48.4,101.8,35.0,0.798,7.3,5.3,14.1,11.4,12.4,40.0,1,7,7,7,9,9,4,1,22,12,2,5,13,3,10,Charlotte Hornets,2015-16
1610612741,Chicago Bulls,82,42,40,0.512,48.5,103.9,35.2,0.749,6.0,5.7,16.0,14.3,13.8,44.4,1,14,14,14,3,15,3,21,29,8,16,27,21,23,10,Chicago Bulls,2015-16
1610612739,Cleveland Cavaliers,82,57,25,0.695,48.4,102.3,33.9,0.785,6.7,3.9,15.6,11.2,11.2,40.8,1,3,3,3,9,10,11,5,28,27,11,3,6,6,10,Cleveland Cavaliers,2015-16
1610612742,Dallas Mavericks,82,42,40,0.512,48.8,104.3,33.9,0.762,6.8,3.7,14.8,13.4,16.0,40.9,1,14,14,14,1,16,9,14,26,29,7,20,27,7,10,Dallas Mavericks,2015-16
1610612743,Denver Nuggets,82,33,49,0.402,48.4,106.4,33.1,0.773,7.4,4.8,16.8,12.1,13.0,43.1,1,21,21,21,11,24,19,10,20,16,22,12,17,15,10,Denver Nuggets,2015-16
1610612765,Detroit Pistons,82,44,38,0.537,48.5,103.4,33.9,0.793,7.0,3.7,14.6,10.7,10.4,44.4,1,12,12,12,5,13,11,2,24,30,5,2,1,22,10,Detroit Pistons,2015-16
1610612744,Golden State Warriors,82,73,9,0.89,48.5,100.9,36.2,0.76,8.4,6.1,16.6,13.8,14.5,45.1,1,1,1,1,5,4,1,15,9,2,21,22,23,25,10,Golden State Warriors,2015-16
1610612745,Houston Rockets,82,41,41,0.5,48.4,105.6,31.7,0.728,10.0,5.2,19.5,14.7,14.4,44.6,1,17,17,17,11,21,27,30,1,13,28,29,22,24,10,Houston Rockets,2015-16
1610612754,Indiana Pacers,82,45,37,0.549,48.5,100.2,33.9,0.76,9.0,4.8,16.3,13.0,12.2,41.6,1,11,11,11,5,3,10,16,4,17,18,17,11,12,10,Indiana Pacers,2015-16
1610612746,LA Clippers,82,53,29,0.646,48.4,100.9,33.3,0.738,8.6,5.6,14.5,13.8,12.4,41.3,1,6,6,6,11,6,17,28,7,10,4,23,12,11,10,LA Clippers,2015-16
1610612747,Los Angeles Lakers,82,17,65,0.207,48.1,109.3,32.3,0.747,7.2,4.1,16.5,14.3,17.0,47.8,1,29,29,29,28,30,24,24,23,24,20,28,29,29,10,Los Angeles Lakers,2015-16
1610612763,Memphis Grizzlies,82,42,40,0.512,48.4,105.4,30.5,0.751,8.8,4.3,15.1,11.8,14.6,38.5,1,14,14,14,11,19,30,20,6,21,9,10,25,1,10,Memphis Grizzlies,2015-16
1610612748,Miami Heat,82,48,34,0.585,48.4,101.5,34.3,0.778,6.7,6.5,15.6,13.0,10.7,42.0,1,7,7,7,11,7,6,6,27,1,11,16,2,13,10,Miami Heat,2015-16
1610612749,Milwaukee Bucks,82,33,49,0.402,48.4,105.7,31.2,0.731,8.2,5.8,17.7,14.1,13.0,44.0,1,21,21,21,11,22,29,29,13,7,24,25,16,21,10,Milwaukee Bucks,2015-16
1610612750,Minnesota Timberwolves,82,29,53,0.354,48.5,107.1,31.5,0.747,8.0,4.6,17.8,13.2,13.4,46.1,1,26,26,26,5,27,28,23,14,19,25,19,20,28,10,Minnesota Timberwolves,2015-16
1610612740,New Orleans Pelicans,82,30,52,0.366,48.2,107.3,33.1,0.788,7.7,4.2,15.0,11.3,11.7,43.2,1,25,25,25,23,28,20,4,16,23,8,4,8,17,10,New Orleans Pelicans,2015-16
1610612752,New York Knicks,82,32,50,0.39,48.3,104.8,34.0,0.758,5.7,5.7,15.4,12.7,12.8,43.1,1,24,24,24,19,18,7,18,30,9,10,15,15,16,10,New York Knicks,2015-16
1610612760,Oklahoma City Thunder,82,55,27,0.671,48.4,103.0,35.6,0.76,7.4,5.9,17.6,13.9,13.2,45.2,1,5,5,5,11,12,2,17,21,4,23,24,19,26,10,Oklahoma City Thunder,2015-16
1610612753,Orlando Magic,82,35,47,0.427,48.5,104.6,33.0,0.765,8.2,5.1,16.0,11.4,13.2,43.5,1,20,20,20,3,17,21,12,12,15,16,6,18,18,10,Orlando Magic,2015-16
1610612755,Philadelphia 76ers,82,10,72,0.122,48.3,106.7,31.8,0.74,8.3,6.0,20.0,14.7,16.7,45.6,1,30,30,30,19,25,26,27,10,3,29,30,28,27,10,Philadelphia 76ers,2015-16
1610612756,Phoenix Suns,82,23,59,0.28,48.1,107.0,33.3,0.771,7.7,3.8,20.2,12.6,17.3,43.8,1,27,27,27,29,26,15,11,17,28,30,14,30,20,10,Phoenix Suns,2015-16
1610612757,Portland Trail Blazers,82,44,38,0.537,48.3,105.6,33.9,0.762,6.9,4.6,16.3,12.4,11.1,40.9,1,12,12,12,19,20,8,13,25,18,19,13,5,8,10,Portland Trail Blazers,2015-16
1610612758,Sacramento Kings,82,33,49,0.402,48.3,106.3,33.7,0.749,8.9,4.5,18.6,13.6,15.0,43.6,1,21,21,21,19,23,14,22,5,20,27,21,26,19,10,Sacramento Kings,2015-16
1610612759,San Antonio Spurs,82,67,15,0.817,48.1,96.6,34.5,0.791,8.3,5.9,13.5,10.7,12.1,40.1,1,2,2,2,29,1,5,3,11,6,1,1,10,4,10,San Antonio Spurs,2015-16
1610612761,Toronto Raptors,82,56,26,0.683,48.2,102.7,33.2,0.777,7.8,5.5,14.2,11.6,11.0,40.1,1,4,4,4,23,11,18,8,15,11,3,8,4,4,10,Toronto Raptors,2015-16
1610612762,Utah Jazz,82,40,42,0.488,48.7,101.6,32.5,0.777,7.7,5.2,16.0,11.5,11.7,39.6,1,19,19,19,2,8,23,7,18,14,15,7,7,2,10,Utah Jazz,2015-16
1610612764,Washington Wizards,82,41,41,0.5,48.2,103.6,32.8,0.777,8.6,3.9,15.7,11.7,12.7,41.2,1,17,17,17,26,14,22,9,8,26,13,9,14,10,10,Washington Wizards,2015-16
1610612737,Atlanta Hawks,82,43,39,0.524,48.5,103.1,34.1,0.761,8.2,4.8,17.4,13.2,12.8,39.1,1,11,11,11,4,4,10,19,7,14,23,18,12,2,10,Atlanta Hawks,2016-17
1610612738,Boston Celtics,82,53,29,0.646,48.2,105.5,32.9,0.753,7.5,4.1,15.2,13.9,12.2,43.2,1,4,4,4,25,12,22,27,18,23,9,27,9,13,10,Boston Celtics,2016-17
1610612751,Brooklyn Nets,82,20,62,0.244,48.2,108.0,35.1,0.761,7.2,4.7,19.1,14.3,14.0,45.0,1,30,30,30,25,23,1,18,21,18,30,29,21,20,10,Brooklyn Nets,2016-17
1610612766,Charlotte Hornets,82,36,46,0.439,48.4,106.1,34.8,0.796,7.0,4.8,13.1,11.4,12.9,40.5,1,20,20,20,10,14,4,2,27,17,2,3,13,5,10,Charlotte Hornets,2016-17
1610612741,Chicago Bulls,82,41,41,0.5,48.2,104.5,34.1,0.768,7.8,4.8,15.5,11.9,13.7,45.2,1,15,15,15,18,6,9,11,15,16,11,6,18,22,10,Chicago Bulls,2016-17
1610612739,Cleveland Cavaliers,82,51,31,0.622,48.5,108.0,34.4,0.758,6.6,4.0,16.6,13.7,13.3,44.5,1,5,5,5,4,22,7,22,30,25,19,24,15,19,10,Cleveland Cavaliers,2016-17
1610612742,Dallas Mavericks,82,33,49,0.402,48.2,106.3,30.7,0.776,7.5,3.7,14.0,11.6,13.6,39.5,1,22,22,22,18,15,30,7,19,30,4,5,17,3,10,Dallas Mavericks,2016-17
1610612743,Denver Nuggets,82,40,42,0.488,48.2,110.5,34.6,0.787,6.9,3.9,18.0,12.3,14.3,47.4,1,18,18,18,25,29,6,5,28,27,26,8,24,27,10,Denver Nuggets,2016-17
1610612765,Detroit Pistons,82,37,45,0.451,48.3,105.3,34.6,0.812,7.0,3.8,12.7,10.1,10.7,41.2,1,19,19,19,13,11,5,1,25,29,1,1,4,9,10,Detroit Pistons,2016-17
1610612744,Golden State Warriors,82,67,15,0.817,48.2,101.1,35.0,0.749,9.6,6.8,16.7,14.0,14.4,45.4,1,1,1,1,18,2,3,29,1,1,20,28,25,23,10,Golden State Warriors,2016-17
1610612745,Houston Rockets,82,55,27,0.671,48.2,106.4,33.5,0.758,8.2,4.3,17.5,13.8,14.3,49.0,1,3,3,3,18,18,15,21,8,20,25,26,22,30,10,Houston Rockets,2016-17
1610612754,Indiana Pacers,82,42,40,0.512,48.4,106.3,33.0,0.755,8.2,5.0,16.2,12.9,10.6,39.7,1,13,13,13,7,16,21,25,9,9,15,16,3,4,10,Indiana Pacers,2016-17
1610612746,LA Clippers,82,51,31,0.622,48.2,105.8,34.0,0.769,7.5,4.2,15.2,12.7,14.3,42.7,1,5,5,5,25,13,11,10,20,21,10,14,23,11,10,LA Clippers,2016-17
1610612747,Los Angeles Lakers,82,26,56,0.317,48.1,110.6,32.1,0.758,8.2,3.9,18.0,13.3,16.2,47.4,1,28,28,28,30,30,26,23,5,28,27,19,30,28,10,Los Angeles Lakers,2016-17
1610612763,Memphis Grizzlies,82,43,39,0.524,48.5,104.5,32.0,0.775,8.0,4.2,14.8,11.5,14.6,37.8,1,11,11,11,2,7,27,8,13,22,6,4,26,1,10,Memphis Grizzlies,2016-17
1610612748,Miami Heat,82,41,41,0.5,48.2,104.1,33.0,0.764,7.2,5.7,13.9,12.8,10.3,44.5,1,15,15,15,18,5,20,14,22,3,3,15,1,18,10,Miami Heat,2016-17
1610612749,Milwaukee Bucks,82,42,40,0.512,48.2,106.4,31.6,0.754,8.1,5.3,16.2,12.7,11.7,43.7,1,13,13,13,18,19,28,26,10,6,16,13,7,14,10,Milwaukee Bucks,2016-17
1610612750,Minnesota Timberwolves,82,31,51,0.378,48.3,109.1,31.0,0.759,8.0,4.5,17.2,13.4,13.9,46.2,1,24,24,24,13,26,29,20,12,19,22,21,19,25,10,Minnesota Timberwolves,2016-17
1610612740,New Orleans Pelicans,82,34,48,0.415,48.5,104.9,35.1,0.768,7.8,5.5,15.6,12.4,13.6,44.1,1,21,21,21,2,9,1,13,16,5,12,9,16,17,10,New Orleans Pelicans,2016-17
1610612752,New York Knicks,82,31,51,0.378,48.4,108.7,33.2,0.741,7.1,5.5,16.5,14.7,14.0,46.1,1,24,24,24,7,25,17,30,23,4,18,30,20,24,10,New York Knicks,2016-17
1610612760,Oklahoma City Thunder,82,47,35,0.573,48.3,105.1,34.4,0.79,7.9,5.0,16.9,12.2,11.1,47.5,1,10,10,10,13,10,7,3,14,10,21,7,5,29,10,Oklahoma City Thunder,2016-17
1610612753,Orlando Magic,82,29,53,0.354,48.3,108.0,33.3,0.774,7.1,4.8,15.9,13.4,13.0,46.6,1,26,26,26,13,24,16,9,24,15,14,20,14,26,10,Orlando Magic,2016-17
1610612755,Philadelphia 76ers,82,28,54,0.341,48.4,106.4,33.0,0.753,8.4,5.1,18.5,13.5,15.3,45.1,1,27,27,27,10,17,19,28,3,7,29,22,28,21,10,Philadelphia 76ers,2016-17
1610612756,Phoenix Suns,82,24,58,0.293,48.4,109.3,33.1,0.764,8.2,4.9,18.1,13.5,16.0,44.0,1,29,29,29,10,28,18,15,6,13,28,23,29,16,10,Phoenix Suns,2016-17
1610612757,Portland Trail Blazers,82,41,41,0.5,48.6,107.8,33.5,0.768,7.0,5.0,15.7,12.6,12.7,42.9,1,15,15,15,1,21,14,12,25,10,13,12,11,12,10,Portland Trail Blazers,2016-17
1610612758,Sacramento Kings,82,32,50,0.39,48.5,109.1,32.3,0.763,7.6,4.0,17.4,12.5,14.7,40.7,1,23,23,23,4,27,25,17,17,26,24,11,27,6,10,Sacramento Kings,2016-17
1610612759,San Antonio Spurs,82,61,21,0.744,48.3,100.9,33.9,0.776,8.0,5.9,14.7,12.4,12.6,40.8,1,2,2,2,13,1,12,6,11,2,5,10,10,7,10,San Antonio Spurs,2016-17
1610612761,Toronto Raptors,82,51,31,0.622,48.2,104.9,32.6,0.763,8.3,4.9,14.9,13.1,11.5,41.7,1,5,5,5,18,8,23,16,4,12,7,17,6,10,10,Toronto Raptors,2016-17
1610612762,Utah Jazz,82,51,31,0.622,48.2,102.7,33.8,0.789,6.7,5.0,15.2,10.7,10.5,41.0,1,5,5,5,25,3,13,4,29,8,8,2,2,8,10,Utah Jazz,2016-17
1610612764,Washington Wizards,82,49,33,0.598,48.4,106.9,32.6,0.755,8.5,4.1,16.4,13.8,12.1,43.9,1,9,9,9,7,20,24,24,2,24,17,25,8,15,10,Washington Wizards,2016-17
